candidate_id	source_event_ids	proposed_module	proposed_requirement	why_not_already_covered	real_world_mechanism	generalized_game_mechanic	expected_gameplay_value	long_term_world_value	complexity	frustration_risk	toggle_recommendation	dependencies	conflicts_with_pw_ids	recommended_owner_question	priority_preliminary	wave1_original_pw_ids	corrected_existing_requirement_ids	corrected_dependency_pw_ids	corrected_conflict_pw_ids	semantic_mapping_status	wave2_evidence_event_ids	wave2_disposition	owner_decision_needed_wave2	red_team_result
PNC-001	PNN-010;PNN-017;PNN-018;PNN-019;PNN-020;PNN-031	Rule and measurement adaptation	When a league changes rules or measurement technology, affected skill profiles can lose value, retraining capacity can vary by club, and player market price can move before raw ability changes; make adaptation lag and reskilling capacity explicit as a bounded extension.	PW-190-193 and PW-145-158 cover rule and technology systems separately, but do not fully specify the cross-layer lag from measurement/rule change to player development and market repricing.	Pitch-timer/ABS/Statcast/Hawk-Eye adoption changes what is measured, taught, valued, and selected.	Trigger a low-frequency era transition; apply role-specific adaptation lag; let clubs with staff/data capital reduce lag; emit news and contract-market effects without changing latent ability automatically.	Creates meaningful strategic choices around coaching, staff, player role conversion, and timing of investment.	Makes eras feel institutionally different while preserving non-linear career paths and avoiding permanent club buffs.	HIGH	MEDIUM	TOGGLE	PW-145;PW-153;PW-158;PW-190;PW-193;PW-205	PW-190;PW-191;PW-193	Should adaptation be a visible owner-facing challenge or a mostly latent world process with optional news explanations?	P1	PW-145;PW-153;PW-158;PW-190;PW-193	PW-145;PW-153;PW-158;PW-190;PW-191;PW-192;PW-193;PW-194	PW-145;PW-153;PW-158;PW-190;PW-191;PW-192;PW-193;PW-194	PW-190;PW-193	CORRECTED	PNW2-005;PNW2-008;PNW2-013;PNW2-020;PNW2-029	RETAIN_PARTIAL_EXTENSION	Decide whether adaptation lag is lifecycle, latent modifier, or era marker.	KEPT; Wave 1 mapping was too narrow around rule/measurement modules.
PNC-002	PNN-005;PNN-006;PNN-015;PNN-021;PNN-022;PNN-033;PNN-034;PNN-035	Development network capacity	Represent development capacity as a league/region network that can be expanded, contracted, shared, or reconfigured, with player outcomes depending on access and staff/data continuity rather than a fixed farm level.	PW-149-152 and PW-179-180 cover farms, academies, and global growth, but the evidence shows repeated system-level reconfiguration and cross-league tier movement that is not yet one explicit capacity lifecycle.	NPB farm expansion, MLB PDL reorganization, KBO Futures/2nd Draft, WBSC tiers, and Oceania exchange all alter development access.	Give leagues and clubs a bounded development-capacity state; model affiliations, independent/winter routes, travel/facility costs, and staff knowledge transfer; let capacity be lost or rebuilt.	Adds long-horizon organization-building decisions without giving a real club a permanent rating bonus.	Supports alternate historical baseball ecosystems and regional growth over 20/50/100-year simulations.	HIGH	MEDIUM	TOGGLE	PW-149;PW-150;PW-151;PW-157;PW-179;PW-180	PW-149;PW-179;PW-180	What minimum network variables are required before this becomes useful rather than spreadsheet overhead?	P1	PW-149;PW-150;PW-151;PW-157;PW-179;PW-180	PW-149;PW-150;PW-151;PW-155;PW-156;PW-157;PW-168;PW-175;PW-177;PW-179;PW-180	PW-149;PW-150;PW-151;PW-155;PW-156;PW-157;PW-168;PW-175;PW-177;PW-179;PW-180	PW-149;PW-179;PW-180	CORRECTED	PNW2-003;PNW2-008;PNW2-009;PNW2-011;PNW2-015;PNW2-018;PNW2-025;PNW2-039	RETAIN_PARTIAL_EXTENSION	Choose a small farm/academy/network capacity state without spreadsheet overhead.	KEPT; evidence confirms a capacity/network problem.
PNC-003	PNN-002;PNN-008;PNN-024;PNN-025;PNN-026;PNN-027;PNN-028;PNN-030	Institutional access-route state	Cross-league or cross-country player routes should have opening, active, expiry, reversal, and grandfathering states; a failed or reversed agreement may strand plans while preserving already-earned rights according to the rule.	PW-168-173 and PW-236-242 cover global markets and posting, but do not clearly isolate reversible institutional access as a stateful object with player-level grandfathering.	Posting, Cuban agreement reversal, Mexican transfer thresholds, CPBL status rulings, and foreign-slot deadlines are external gates.	Maintain an agreement/rule object with effective dates, eligible cohorts, negotiation window, expiry/reversal, and player-specific grandfathering; avoid arbitrary geopolitical simulation.	Creates meaningful career-route uncertainty and negotiation choices while preventing instant teleportation between leagues.	Produces plausible alternate histories where institutions, not only player skill, shape globalization.	HIGH	HIGH_IF_AUTOMATIC	OWNER_CALIBRATION	PW-103;PW-104;PW-168;PW-169;PW-172;PW-236;PW-242	PW-168;PW-172;PW-173	Which access-route reversals are acceptable as rare historical events, and which should be disabled or simplified for player comfort?	P1	PW-103;PW-104;PW-168;PW-169;PW-172;PW-236;PW-242	PW-103;PW-104;PW-133;PW-134;PW-135;PW-168;PW-170;PW-171;PW-172;PW-173;PW-238;PW-240;PW-241;PW-242;PW-256	PW-103;PW-104;PW-133;PW-134;PW-135;PW-168;PW-170;PW-171;PW-172;PW-173;PW-238;PW-240;PW-241;PW-242;PW-256	PW-168;PW-172;PW-173	CORRECTED	PNW2-006;PNW2-022;PNW2-023;PNW2-032;PNW2-033;PNW2-034;PNW2-035	RETAIN_PARTIAL_EXTENSION	Set abstraction and grandfathering rules for route reversals.	KEPT; route reversal is distinct from ordinary trade.
PNC-004	PNN-043;PNN-044;PNN-045;PNN-046	Media and stadium resilience	Club/league resources should be able to change through stadium relocation, local-market investment, media-rights failure, or league production fallback independently of wins; expose only the decision-relevant consequences.	PW-141-144 and PW-247 cover popularity, finance, stadium, and ownership, but media-rights insolvency plus an operational fallback is a distinct resilience chain.	ES CON Field shows integrated stadium/community revenue; Diamond/MLB shows rights failure followed by league production response.	Create rare business shocks with alternative responses: replace a broadcaster, subsidize production, defer investment, or accept reduced visibility; keep causal explanations legible.	Adds non-sporting organizational crises and recovery choices to long simulations without deterministic bankruptcy.	Makes market evolution and owner strategy matter beyond payroll and standings.	HIGH	MEDIUM	TOGGLE	PW-141;PW-143;PW-144;PW-247	PW-141;PW-247	Should media failure be a default rare event, an explicit toggle, or owner-only background noise?	P1	PW-141;PW-142;PW-143;PW-144;PW-165;PW-247	PW-141;PW-143;PW-144;PW-204;PW-247;PW-249	PW-141;PW-143;PW-144;PW-204;PW-247;PW-249	PW-141;PW-247	CORRECTED	PNW2-001;PNW2-002;PNW2-007;PNW2-010;PNW2-016;PNW2-041	RETAIN_PARTIAL_EXTENSION	Decide whether resilience is rare default, owner toggle, or background-only.	KEPT; resilience is not an automatic win modifier.
PNC-005	PNN-007;PNN-031;PNN-053;PNN-056	Integrity governance coverage	Integrity events should include league-wide investigation, official/umpire scope, evidence confidence, differentiated sanctions, and trust-repair communication; named real-person allegations require primary support and may be excluded.	PW-201-212 already cover integrity, but the audit exposed a narrower extension: officials, equipment governance, and institutional response need the same evidence/calibration treatment.	NPB ball investigation/gambling response and MLB umpire betting investigation show integrity governance outside player-only discipline.	Use a rare integrity case object with evidence tier, scope, investigation duration, sanction class, and reputation recovery; never invent allegations.	Improves news/history credibility and supports meaningful governance tradeoffs without turning the game into scandal hunting.	Creates a durable trust/legacy layer that can affect institutions while respecting safety constraints.	MEDIUM	HIGH_IF_AUTOMATIC	DEFAULT_RARE	PW-201;PW-205;PW-209;PW-211	PW-201;PW-205;PW-209	Which official-scope cases should be simulated, summarized, or omitted to keep the tone appropriate?	P2	PW-201;PW-205;PW-209;PW-211	PW-190;PW-191;PW-193;PW-205;PW-206;PW-207;PW-208;PW-209;PW-210;PW-211;PW-212	PW-190;PW-191;PW-193;PW-205;PW-206;PW-207;PW-208;PW-209;PW-210;PW-211;PW-212	PW-205;PW-209;PW-211	CORRECTED	PNW2-005;PNW2-024;PNW2-029;PNW2-033;PNW2-034;PNW2-038	RETAIN_PARTIAL_EXTENSION	Set safe integrity content boundary and evidence tiers.	KEPT; corrected away from club-count/expansion IDs.
PNC-006	PNN-007;PNN-010;PNN-019;PNN-020;PNN-031;PNN-036	Era comparability and rule-transition ledger	When ball, officiating, weather-format, or playing rules change, the world should preserve an era-transition marker so records, awards, scouting, and news can explain comparability without retroactively normalizing all seasons.	PW-190-193 and PW-213-216 cover rules, ball, records, and legacy, but the evidence suggests an explicit transition/uncertainty marker is valuable across those systems.	Unified-ball investigation, ABS testing, LMB variation, MLB rule package, and weather-shortened competition all create context breaks.	Attach rule/format era markers to statistics and awards; provide optional comparison normalization; keep raw historical records intact.	Makes history and records more intelligible and reduces player frustration from unexplained stat changes.	Strengthens the 20/50/100-year auditability of alternate worlds.	MEDIUM	LOW	TOGGLE	PW-190;PW-191;PW-193;PW-213;PW-214;PW-216	PW-213;PW-214;PW-216	Should era markers be visible by default in news/history, or only in an advanced historical view?	P2	PW-190;PW-191;PW-193;PW-213;PW-214;PW-216	PW-190;PW-191;PW-192;PW-193;PW-198;PW-213;PW-214;PW-216;PW-225;PW-226	PW-190;PW-191;PW-192;PW-193;PW-198;PW-213;PW-214;PW-216;PW-225;PW-226	PW-190;PW-191;PW-193	CORRECTED	PNW2-001;PNW2-004;PNW2-005;PNW2-006;PNW2-029;PNW2-043	RETAIN_PARTIAL_EXTENSION	Choose default visibility of era markers in records and news.	KEPT; remains a comparability ledger, not a new rating scale.
PNC-007	PNN-047;PNN-048;PNN-050	Contract cash-timing and governance clauses	Contract evaluation should distinguish headline value, payment timing, options/opt-outs, and rare governance-linked clauses; cash timing may affect payroll windows without making one structure universally optimal.	PW-108-114 and PW-121-123 cover contracts and finance, but the evidence supports a clearer cross-layer distinction between nominal value, cash flow, and governance control.	Deferred salary and reported personnel-linked opt-out structures change club flexibility and player leverage.	Represent a small typed clause set with dates, triggers, cash-flow effects, and uncertainty; surface consequences in negotiation UI and news.	Creates richer negotiations and makes agent/player strategy matter without forcing users to micromanage every clause.	Adds plausible alternate contract history and owner tradeoffs.	MEDIUM	MEDIUM	TOGGLE	PW-108;PW-111;PW-112;PW-121;PW-123;PW-124	PW-121;PW-123	How much clause detail is enjoyable before it becomes contract accounting rather than baseball management?	P2	PW-108;PW-111;PW-112;PW-121;PW-123;PW-142	PW-129;PW-130;PW-131;PW-132;PW-138;PW-139;PW-140;PW-141;PW-247;PW-253;PW-254;PW-259	PW-129;PW-130;PW-131;PW-132;PW-138;PW-139;PW-140;PW-141;PW-247;PW-253;PW-254;PW-259	PW-129;PW-139;PW-141	CORRECTED	PNW2-006;PNW2-024	RETAIN_PARTIAL_EXTENSION	Decide whether cash timing/clauses affect finance only or competitive windows.	KEPT; contract/finance modules replace reputation/research IDs.
PNC-008	PNN-006;PNN-009;PNN-029;PNN-035	International knowledge-transfer network	When clubs, academies, winter leagues, or federations exchange staff, data, and training methods, knowledge should diffuse with delay and relationship context rather than appearing as an instant global technology buff.	PW-145-158 and PW-179-185 include innovation, staff, and global growth, but do not fully specify the cross-organization diffusion path and its uneven adoption.	Winter League data, Dominican academy exchange, Fiji-Japan exchange, and shared scouting infrastructure expose real knowledge networks.	Create low-frequency staff/data exchange edges with trust, language, cost, and adoption lag; let knowledge be copied, adapted, or lost.	Makes staff hiring, international partnerships, and development strategy meaningful.	Supports believable emergence of new baseball centers without hard-coded superiority.	HIGH	MEDIUM	TOGGLE	PW-145;PW-153;PW-157;PW-158;PW-179;PW-185	PW-145;PW-157;PW-179	Should knowledge transfer be modeled explicitly as a graph, or abstracted into a few owner-facing partnership choices?	P2	PW-145;PW-153;PW-157;PW-158;PW-179;PW-185	PW-145;PW-153;PW-155;PW-156;PW-157;PW-158;PW-168;PW-175;PW-177;PW-179;PW-182;PW-185;PW-257	PW-145;PW-153;PW-155;PW-156;PW-157;PW-158;PW-168;PW-175;PW-177;PW-179;PW-182;PW-185;PW-257	PW-145;PW-157;PW-179	CORRECTED	PNW2-003;PNW2-009;PNW2-011;PNW2-012;PNW2-015;PNW2-030;PNW2-031;PNW2-039	RETAIN_PARTIAL_EXTENSION	Decide how knowledge capital moves between clubs, leagues, academies, and staff.	KEPT; broader than a single academy example.
PNC-009	PNN-033;PNW2-036;PNW2-037	GLOBAL / GOVERNANCE	Optional regional tiers may use promotion, relegation, qualification, and resource/eligibility constraints to move clubs between competition levels.	PW-179/PW-180 cover new leagues and contraction; PW-203 covers structure, but no requirement explicitly states recurring promotion/relegation or tier movement.	WBSC Europe documents a multi-tier club ecosystem with promotion and relegation; winter interleague provides a separate regional layer.	Optional regional tier graph with qualification, promotion/relegation, travel/finance eligibility, identity, and development effects.	Makes global rise/fall stories less binary without forcing every NPB season into a global league.	Adds a route by which smaller ecosystems gain or lose competition status over decades.	HIGH	MEDIUM	OWNER_CALIBRATION	PW-168;PW-174;PW-175;PW-178;PW-179;PW-180;PW-181;PW-203	PW-179;PW-180;PW-203	Should tier movement be background-only or an owner-toggle regional competition layer?	MEDIUM		PW-168;PW-174;PW-175;PW-178;PW-179;PW-180;PW-181;PW-203	PW-168;PW-174;PW-175;PW-178;PW-179;PW-180;PW-181;PW-203	PW-179;PW-180;PW-203	NEW_CANDIDATE_MAPPING_REVIEWED	PNW2-036;PNW2-037	PROMOTE_NEW_CANDIDATE_FALSE_NEGATIVE_REPAIR	Confirm whether explicit promotion/relegation is in scope or remains an owner-toggle extension.	PROMOTED; Wave 1 false-negative: explicit tier movement was absorbed into broad league-growth IDs.
