candidate_number	evidence_id	family	item	construct	status	source_authority	source_or_metric	source_url_or_repo_artifact	current_local_asset	coverage_denominator	existing_requirement_ids	existing_sp_routes	evidence_role	independence_or_double_count_risk	known_bias_or_confounding	validation_needed	next_action	implementation_status	decision_use_status	direct_numeric_promotion_allowed
1	SP103-EV-001	direct_physical	NPB+ Hawk-Eye Sprint Speed / スプリントスピード	peak_speed	IMPLEMENTED	official NPB+ Hawk-Eye field; local raw table	NPB+ Hawk-Eye Sprint Speed / スプリントスピード	"[""https://www.japan-baseball.jp/npb-plus/""]"	data/pennant.db:npb_plus_measurement.top_speed_kmh;outputs/derived/sp100_npb_raw_latent_speed.json	"{""db_rows"": 109, ""non_null"": 100}"	"[""SR-003"", ""SR-010"", ""SR-061""]"	"[""SP-100"", ""SP-101""]"	PowerPro-free physical primary/context lane	same-source and same-player dependency with other NPB+ fields	season/exposure and measurement-reliability are not identifiable in the current snapshot	preserve raw provenance and keep reliability/exposure separate	SP-100 N-primary only; no final practical numeric output	IMPLEMENTED	IMPLEMENTED_SEPARATE_FROM_POWERPRO	False
2	SP103-EV-002	direct_physical	NPB+ Hawk-Eye 最速タイム（一塁到達）	home_to_first_end_to_end	SOURCE_CONFIRMED_NEW	official NPB+ product surface; current field availability verified, old local provenance invalid	NPB+ Hawk-Eye 最速タイム（一塁到達）	[]	data/pennant.db:npb_plus_measurement.hp_to_1b_sec (old local field quarantined)	"{""current_value_rows"": 0, ""old_local_rows"": 100}"	"[""SR-004"", ""SR-008"", ""SR-055"", ""SR-058""]"	"[""SP-007"", ""SP-100""]"	separate current H2F discovery lane	H2F/90-foot may share contact and play context; do not double count	old local field is MISATTRIBUTED_SOURCE; current official player values were not retrieved	recollect with per-player provenance, batting side, swing/bunt protocol and date	SCOPED_REJECTED_OLD_VALUES; current source reopened only	SOURCE_CONFIRMED_NEW	"[""https://www.japan-baseball.jp/npb-plus/"", ""docs/audits/luna_npb_plus_provenance_contamination_20260814.md""]"	False
3	SP103-EV-003	direct_physical	MLB Statcast Sprint Speed	peak_speed	IMPLEMENTED_INCOMPLETE	official Baseball Savant/Statcast	MLB Statcast Sprint Speed	[]	data/manual/sp101_mlb_sprint_speed_rows_20260818.json	"{""non_null"": 264, ""rows"": 264}"	"[""SR-010"", ""SR-011"", ""SR-061""]"	"[""SP-101"", ""MB-01"", ""MB-02""]"	MLB physical bridge/anchor context	same-system rows can be duplicated with 90-foot or H2F events	MLB population and NPB transfer are not exchangeable without support checks	player-clustered/forward holdout and common-support calibration	bridge/anchor only; no direct NPB final value	IMPLEMENTED_INCOMPLETE	"[""https://baseballsavant.mlb.com/leaderboard/sprint_speed""]"	False
4	SP103-EV-004	direct_physical	MLB Statcast 90-foot Running Splits and 5-foot cumulative splits	acceleration_shape_and_end_to_end	SOURCE_CONFIRMED_NEW	official MLB glossary and Baseball Savant running-splits surface	MLB Statcast 90-foot Running Splits and 5-foot cumulative splits	[]	no local player-level 90-foot split table found in tracked assets	"{""local_rows"": 0, ""source_surface"": ""verified""}"	"[""SR-008"", ""SR-011"", ""SR-055""]"	"[""SP-101"", ""MB-12"", ""MB-18""]"	potential acceleration/standardized end-to-end bridge	same plays may underlie Sprint Speed and HP-to-1B	public surface defines metric but no frozen eligible row extraction exists	collect 5-foot splits with season, batting side, qualifiers and raw denominators	NOT_COLLECTED_EXTERNAL_OPPORTUNITY	SOURCE_CONFIRMED_NEW	"[""https://www.mlb.com/glossary/statcast/90-foot-running-splits"", ""https://baseballsavant.mlb.com/running_splits""]"	False
5	SP103-EV-005	direct_physical	MLB Statcast Outfielder Jump Burst	defensive_burst	SOURCE_CONFIRMED_NEW	official MLB Statcast glossary/leaderboard	MLB Statcast Outfielder Jump Burst	[]	no local player-level Jump Burst rows found	"{""local_rows"": 0, ""source_surface"": ""verified""}"	"[""SR-008"", ""SR-052"", ""SR-055""]"	"[""SP-101"", ""MB-15""]"	defensive context, not universal speed	Burst/Reaction/Route are components of one jump event and must be separated	availability for eligible outfielders is not yet preserved as a local row set	collect with Reaction, Burst, Route, position and season; never merge into base-speed point	NOT_COLLECTED_EXTERNAL_OPPORTUNITY	SOURCE_CONFIRMED_NEW	"[""https://www.mlb.com/glossary/statcast/jump"", ""https://baseballsavant.mlb.com/leaderboard/outfield_jump""]"	False
6	SP103-EV-006	direct_physical	historical sourced home-to-first records	home_to_first_end_to_end	COLLECTED_BUT_UNUSED	curated historical articles/video/profile records	historical sourced home-to-first records	[]	data/normalized/speed_historical_physical_measurements_2015_2026.json	"{""records"": 74}"	"[""SR-004"", ""SR-008"", ""SR-055""]"	"[""SP-017"", ""SP-101""]"	historical range/context only	same measurement can be transcribed by multiple sources	protocol/date/handedness are heterogeneous	retain range/confidence and measurement cluster; no proportional T90 conversion	COLLECTED_BUT_UNUSED_RANGE_CONTEXT	COLLECTED_BUT_UNUSED	"[""data/normalized/speed_historical_physical_measurements_2015_2026.json"", ""outputs/derived/sp017_physical_measurement_range_reclassification.json"", ""data/manual/sprint_30m_measurements_curated.json"", ""data/manual/npb_speed_physical_evidence_full_20260809.json""]"	False
7	SP103-EV-007	direct_physical	historical 30m / 50m physical tests	short_distance_acceleration	COLLECTED_BUT_UNUSED	curated physical measurement corpus	historical 30m / 50m physical tests	[]	data/normalized/speed_historical_physical_measurements_2015_2026.json;outputs/derived/sp017_physical_measurement_range_reclassification.json	"{""30m_or_50m_records"": 232}"	"[""SR-004"", ""SR-008"", ""SR-055"", ""SR-056""]"	"[""SP-017"", ""SP-101"", ""MB-12""]"	historical acceleration/context lane	30m/50m is not T90 and can share the same athlete/profile source	standing/flying start, protocol and date incomplete for many rows	store intervals/protocol/date flags; forbid 30m/50m→T90 proportional transform	COLLECTED_BUT_UNUSED_RANGE_CONTEXT	COLLECTED_BUT_UNUSED	"[""data/normalized/speed_historical_physical_measurements_2015_2026.json"", ""outputs/derived/sp017_physical_measurement_range_reclassification.json"", ""data/manual/sprint_30m_measurements_curated.json"", ""data/manual/npb_speed_physical_evidence_full_20260809.json""]"	False
8	SP103-EV-008	direct_physical	direct timed T90 / basepath / full-effort run	end_to_end_basepath	COLLECTED_BUT_UNUSED	curated physical corpus	direct timed T90 / basepath / full-effort run	[]	data/normalized/speed_historical_physical_measurements_2015_2026.json	"{""T90_records"": 12}"	"[""SR-004"", ""SR-008"", ""SR-055""]"	"[""SP-007"", ""SP-101""]"	high-value direct physical lane when protocol is known	duplicate source and protocol variants require cluster/dedup	coverage is small and current-year comparability is limited	expand direct T90 with protocol and timepoint; retain current negative coverage finding	COLLECTED_BUT_UNUSED_LOW_COVERAGE	COLLECTED_BUT_UNUSED	"[""data/normalized/speed_historical_physical_measurements_2015_2026.json""]"	False
9	SP103-EV-009	direct_physical	reproducible NPB tracking-derived event-level baserunning speed	event_running_speed	MEASURED_NEGATIVE	official NPB+ product surface checked; no reproducible event-level export found	reproducible NPB tracking-derived event-level baserunning speed	[]	outputs/derived/sp103_intermediate/lane_b_external_source_verification.json	"{""reproducible_official_rows"": 0}"	"[""SR-047"", ""SR-052"", ""SR-058""]"	"[""SP-101""]"	bounded negative finding	event speed may duplicate Sprint Speed/90-foot fields	official navigation/field availability is not an event-level data extract	reopen only with a reproducible official endpoint/snapshot	MEASURED_NEGATIVE_BOUNDED_PUBLIC_SURFACE	MEASURED_NEGATIVE	"[""https://www.japan-baseball.jp/npb-plus/""]"	False
10	SP103-EV-010	direct_physical	defensive straight-line tracking isolated from reaction/route/positioning	defensive_straight_line_speed	MEASURED_NEGATIVE	repo-wide inventory and SP-062 input audit	defensive straight-line tracking isolated from reaction/route/positioning	[]	outputs/derived/sp062_defensive_chase_close_20260814.json;data/pennant.db	"{""separated_rows"": 0}"	"[""SR-052"", ""SR-055"", ""SR-058""]"	"[""SP-062"", ""SP-101""]"	bounded negative finding	RngR/UZR/Jump contain route, reaction, positioning or fielding skill	no separated NPB fielder tracking row exists in local assets	reopen only after a source exposes separable movement components	MEASURED_NEGATIVE_BOUNDED_LOCAL_UNIVERSE	MEASURED_NEGATIVE	"[""outputs/derived/sp062_defensive_chase_close_20260814.json""]"	False
11	SP103-EV-011	outcome_proxy	infield-hit rate / infield grounder outcomes	batted_ball_and_speed_mixed	IMPLEMENTED_INCOMPLETE	local batting and infield event database	infield-hit rate / infield grounder outcomes	[]	data/pennant.db:batting;data/pennant.db:infield_grounder_events;src/ratings/running.mjs	"{""batting_rows"": 17908, ""grounder_rows"": 31003}"	"[""SR-002"", ""SR-008"", ""SR-009"", ""SR-057""]"	"[""SP-019"", ""MB-13""]"	mixed outcome proxy; current route retains it with guard	shared batted-ball and UBR/GDP opportunity information	batted-ball direction, fielder and batter skill confound physical speed	residualize/stratify by ball context and preserve NOT_IDENTIFIABLE where unresolved	CURRENT_PROXY_WITH_OPEN_DECONFOUNDING	IMPLEMENTED_INCOMPLETE	"[""data/pennant.db"", ""src/ratings/running.mjs"", ""docs/audits/sp019_construct_validity_reaudit_v2_20260813.md""]"	False
12	SP103-EV-012	outcome_proxy	GDP avoidance	opportunity_and_baserunning_proxy	IMPLEMENTED_INCOMPLETE	local batting database and running route	GDP avoidance	[]	data/pennant.db:batting.gdp;src/ratings/running.mjs	"{""batting_rows"": 17908}"	"[""SR-002"", ""SR-009"", ""SR-057""]"	"[""SP-019"", ""MB-13""]"	outcome context; not direct speed	shares plate-appearance, double-play and hitter-contact opportunity with other proxies	batter speed, contact/groundball profile, runners/base state and defense are confounded	retain as bounded/shrunken context; do not promote to direct physical truth	CURRENT_PROXY_CONTEXT_ONLY	IMPLEMENTED_INCOMPLETE	"[""data/pennant.db"", ""src/ratings/running.mjs""]"	False
13	SP103-EV-013	outcome_proxy	triple rate	outcome_and_baserunning_proxy	IMPLEMENTED_INCOMPLETE	local batting database and audited route	triple rate	[]	data/pennant.db:batting.b3;configs/running_norms.json	"{""batting_rows"": 17908}"	"[""SR-002"", ""SR-009"", ""SR-057""]"	"[""SP-019"", ""MB-13""]"	mixed outcome proxy with separate legacy-control comparison	triple rate overlaps park, batted ball, fielding and baserunning advances	raw outcome is not a pure leg-speed measure	keep component separation test and no direct promotion	CURRENT_PROXY_CONTEXT_ONLY	IMPLEMENTED_INCOMPLETE	"[""data/pennant.db"", ""docs/audits/sp019_proxy_deconfounding_reaudit_20260813.md""]"	False
14	SP103-EV-014	outcome_proxy	extra-base advancement / baserunning advances	decision_and_baserunning_context	IMPLEMENTED_INCOMPLETE	local event database with shrinkage repair	extra-base advancement / baserunning advances	[]	data/pennant.db:baserunning_advances;src/ratings/baserunning_advance.mjs	"{""advance_rows"": 22459}"	"[""SR-009"", ""SR-055"", ""SR-056""]"	"[""SP-018"", ""MB-13""]"	bounded opportunity-aware context	same runner events can feed UBR/BsR and extra-base outcomes	park, outs, hit location, fielder arm and choice are mixed	retain low-opportunity observations with continuous shrinkage and uncertainty	CURRENT_SHRUNK_CONTEXT_ONLY	IMPLEMENTED_INCOMPLETE	"[""data/pennant.db"", ""src/ratings/baserunning_advance.mjs"", ""configs/running_norms.json""]"	False
15	SP103-EV-015	outcome_proxy	UBR / BsR-compatible measures	baserunning_outcome_value	IMPLEMENTED_INCOMPLETE	Baseball Monster-style local data and route	UBR / BsR-compatible measures	[]	data/pennant.db:bm_player.ubr/run_war;data/pennant.db:v_bm_by_player;src/ratings/running.mjs	"{""bm_player_rows"": 10431}"	"[""SR-002"", ""SR-009"", ""SR-057""]"	"[""SP-019"", ""MB-13"", ""MB-15""]"	outcome/defense context, not direct truth	UBR/BsR overlaps advances, steals, baserunning decisions and opportunities	model definition and league translation contain technique and context	use only as residual/context lane and audit removal effects	CURRENT_PROXY_CONTEXT_ONLY	IMPLEMENTED_INCOMPLETE	"[""data/pennant.db"", ""src/ratings/running.mjs""]"	False
16	SP103-EV-016	outcome_proxy	DELTA / 1.02 Spd (Speed Score)	composite_outcome_proxy	SOURCE_CONFIRMED_NEW	official 1.02 glossary	DELTA / 1.02 Spd (Speed Score)	[]	no direct local DELTA/Spd row; source definition preserved	"{""local_rows"": 0, ""source_definition"": ""verified""}"	"[""SR-002"", ""SR-009"", ""SR-057"", ""SR-058""]"	"[""SP-101""]"	composite proxy only	SB success, attempts, triples and run/scoring frequency overlap other candidates	technique, opportunity, lineup and scoring environment are embedded	if collected, store components and never call it direct speed	SCOPED_NOT_COLLECTED_COMPOSITE_PROXY	SOURCE_CONFIRMED_NEW	"[""https://1point02.jp/op/gnav/glossary/gls_explanation.aspx?ecd=204&eid=20047""]"	False
17	SP103-EV-017	outcome_proxy	stolen-base outcomes / steal success	stealing_technique_and_opportunity	IMPLEMENTED_INCOMPLETE	local batting/catcher event data	stolen-base outcomes / steal success	[]	data/pennant.db:batting.sb/cs;data/pennant.db:catcher_steal_event	"{""batting_rows"": 17908, ""steal_event_rows"": 9240}"	"[""SR-002"", ""SR-009"", ""SR-019""]"	"[""SP-101"", ""MB-13""]"	technique/context lane separated from physical speed	lead distance, pitcher/catcher, game state and decision overlap	raw steals cannot identify pure running speed	keep in technique lane; use physical estimate without direct SB input	TECHNIQUE_CONTEXT_ONLY	IMPLEMENTED_INCOMPLETE	"[""data/pennant.db"", ""docs/state/speed_exclusion_reason_ledger.tsv""]"	False
18	SP103-EV-018	outcome_proxy	Statcast Baserunning Run Value / analogous outcome value	baserunning_outcome_value	SOURCE_CONFIRMED_NEW	official MLB glossary/leaderboard	Statcast Baserunning Run Value / analogous outcome value	[]	no local eligible player-level Statcast run-value table	"{""local_rows"": 0, ""source_surface"": ""verified""}"	"[""SR-002"", ""SR-052"", ""SR-057""]"	"[""SP-101"", ""MB-13""]"	technique/context unless deconfounded	official model incorporates runner speed and other contextual inputs, creating circularity risk	not a pure physical metric and not reproducibly extracted for current NPB cohort	collect only with feature definition and deconfounding plan	NOT_COLLECTED_CONTEXT_OPPORTUNITY	SOURCE_CONFIRMED_NEW	"[""https://www.mlb.com/glossary/statcast/baserunning"", ""https://baseballsavant.mlb.com/leaderboard/basestealing-run-value""]"	False
19	SP103-EV-019	external_game	MLB The Show Live/base-roster Speed current and historical	external_appraisal_speed	IMPLEMENTED_INCOMPLETE	local The Show database and SP-101 longitudinal panel	MLB The Show Live/base-roster Speed current and historical	[]	data/pennant.db:the_show_rating;outputs/derived/sp101_the_show_live_player_year_panel.jsonl.gz	"{""panel_lines"": 3604, ""rating_rows"": 17476}"	"[""SR-023"", ""SR-024"", ""SR-060""]"	"[""SP-101"", ""MB-09""]"	appraisal/context only	same player-edition fields correlate by construction and are not physical ground truth	edition timing, roster carry-forward and cross-time confounding	retain current/historical values with edition/time gaps and no direct copy	SP101_CONTEXT_ONLY_NOT_FINAL_NUMERIC	IMPLEMENTED_INCOMPLETE	"[""outputs/derived/sp101_the_show_live_player_year_panel.jsonl.gz"", ""data/pennant.db""]"	False
20	SP103-EV-020	external_game	MLB The Show roster-update Speed deltas	temporal_appraisal_delta	IMPLEMENTED_INCOMPLETE	local SP-101 roster-update events	MLB The Show roster-update Speed deltas	[]	outputs/derived/sp101_the_show_roster_update_speed_events.csv	"{""events"": 10}"	"[""SR-023"", ""SR-024"", ""SR-060""]"	"[""SP-101"", ""MB-09""]"	temporal context only	multiple updates may represent the same underlying editorial source	update timing and carry-forward labels are not a physical measurement	preserve event provenance and use only as bounded ordinal/context lane	SP101_CONTEXT_ONLY_NOT_FINAL_NUMERIC	IMPLEMENTED_INCOMPLETE	"[""outputs/derived/sp101_the_show_roster_update_speed_events.csv""]"	False
21	SP103-EV-021	external_game	The Show Stealing and Baserunning Aggressiveness separate from Speed	technique_context	IMPLEMENTED_INCOMPLETE	local The Show fields and SP-101 semantic repair	The Show Stealing and Baserunning Aggressiveness separate from Speed	[]	data/pennant.db:the_show_rating.speed/baserunning_ability/baserunning_aggression;outputs/derived/sp101_current100_multibridge_evidence.json	"{""current100"": 100, ""rating_rows"": 17476}"	"[""SR-002"", ""SR-023"", ""SR-060""]"	"[""SP-101"", ""MB-02"", ""MB-16""]"	separate technique/context fields	Speed, Stealing and Aggression share game-editorial provenance but different constructs	game ratings are not physical truth	keep named fields separate and prohibit collapse into physical estimate	SEMANTICALLY_SEPARATED_CONTEXT	IMPLEMENTED_INCOMPLETE	"[""data/pennant.db"", ""outputs/derived/sp101_current100_multibridge_evidence.json""]"	False
22	SP103-EV-022	cross_game_transition	NPB→MLB Japanese-player transitions	league_transition_context	IMPLEMENTED_INCOMPLETE	SP-101 transition panel and MLB appearance sources	NPB→MLB Japanese-player transitions	[]	outputs/derived/sp101_npb_mlb_transition_segments.csv;outputs/derived/sp101_mlb_regular_season_appearance_years.csv	"{""transition_rows"": 80}"	"[""SR-011"", ""SR-023"", ""SR-024"", ""SR-060""]"	"[""SP-101"", ""MB-05""]"	transition/eligibility context	transition rows can reuse the same player-year The Show and MLB metrics	selection into MLB, time gaps and age/injury confound transfer	use explicit cohort and forward holdout; no lifetime average leakage	SP101_IMPLEMENTED_BOUNDED_CONTEXT	IMPLEMENTED_INCOMPLETE	"[""outputs/derived/sp101_npb_mlb_transition_segments.csv""]"	False
23	SP103-EV-023	cross_game_transition	MLB→NPB foreign-player transitions	league_transition_context	IMPLEMENTED_INCOMPLETE	SP-101 transition panel	MLB→NPB foreign-player transitions	[]	outputs/derived/sp101_npb_mlb_transition_segments.csv	"{""transition_rows"": 80}"	"[""SR-011"", ""SR-023"", ""SR-024"", ""SR-060""]"	"[""SP-101"", ""MB-05""]"	transition/eligibility context	same player appears in multiple source systems and editions	selection, league and time gaps are material	report cohort denominator and missingness separately	SP101_IMPLEMENTED_BOUNDED_CONTEXT	IMPLEMENTED_INCOMPLETE	"[""outputs/derived/sp101_npb_mlb_transition_segments.csv""]"	False
24	SP103-EV-024	cross_game_transition	NPB→MLB→NPB returnees	returnee_temporal_context	IMPLEMENTED_INCOMPLETE	SP-101 transition panel and returnee route	NPB→MLB→NPB returnees	[]	outputs/derived/sp101_npb_mlb_transition_segments.csv;outputs/derived/sp101_transition_effects.json	"{""transition_rows"": 80}"	"[""SR-011"", ""SR-023"", ""SR-024"", ""SR-054""]"	"[""SP-101"", ""MB-10""]"	returnee context/negative-control cohort	same player has correlated repeated observations	return-to-league selection and injury/time gap	synthetic-control design with pre-period holdout and uncertainty	SP101_IMPLEMENTED_BOUNDED_CONTEXT	IMPLEMENTED_INCOMPLETE	"[""outputs/derived/sp101_transition_effects.json""]"	False
25	SP103-EV-025	cross_game_transition	multi-cycle MLB/NPB players	multi_cycle_temporal_context	IMPLEMENTED_INCOMPLETE	SP-101 transition panel	multi-cycle MLB/NPB players	[]	outputs/derived/sp101_npb_mlb_transition_segments.csv	"{""transition_rows"": 80}"	"[""SR-011"", ""SR-023"", ""SR-024"", ""SR-054""]"	"[""SP-101"", ""MB-04"", ""MB-05""]"	multi-cycle context	repeated cycles are not independent evidence rows	temporal and selection confounding	cluster by player and retain cycle-specific gaps	SP101_IMPLEMENTED_BOUNDED_CONTEXT	IMPLEMENTED_INCOMPLETE	"[""outputs/derived/sp101_npb_mlb_transition_segments.csv""]"	False
26	SP103-EV-026	cross_game_transition	historical NPB players with The Show data outside current 100	historical_anchor_context	IMPLEMENTED_INCOMPLETE	SP-101 historical panel	historical NPB players with The Show data outside current 100	[]	outputs/derived/sp101_historical_npb_the_show_calibration_panel.csv;data/pennant.db:the_show_bridge	"{""bridge_rows"": 47, ""panel_rows"": 156}"	"[""SR-023"", ""SR-024"", ""SR-032"", ""SR-060""]"	"[""SP-101"", ""MB-01"", ""MB-08""]"	historical context/anchor candidate	same identity may occur in bridge, game rating and MLB physical tables	historical cohort and temporal gap limit directness	use only as bounded context or physical-anchored analog with support checks	SP101_HISTORICAL_CONTEXT_NOT_FINAL_NUMERIC	IMPLEMENTED_INCOMPLETE	"[""outputs/derived/sp101_historical_npb_the_show_calibration_panel.csv""]"	False
27	SP103-EV-027	external_game	PowerPro current value	external_appraisal_context	IMPLEMENTED_INCOMPLETE	local PowerPro panel and owner ruling	PowerPro current value	[]	data/pennant.db:pawapuro_full;outputs/derived/sp100_npb_raw_latent_speed.json	"{""rows"": 3229}"	"[""SR-005"", ""SR-007"", ""SR-010"", ""SR-061""]"	"[""SP-100"", ""SP-101"", ""MB-06""]"	appraisal context only	using PowerPro as teacher creates circularity and label copying	editorial/game scale is not physical speed	retain current label for comparison/QA, excluded from physical teacher path	POWERPRO_CONTEXT_ONLY	IMPLEMENTED_INCOMPLETE	"[""data/pennant.db"", ""docs/audits/sp100_owner_decision_20260816.md""]"	False
28	SP103-EV-028	external_game	PowerPro longitudinal trajectory / inertia / stale detection	temporal_appraisal_context	IMPLEMENTED_INCOMPLETE	local PowerPro panel and SP-101 temporal route	PowerPro longitudinal trajectory / inertia / stale detection	[]	data/pennant.db:pawapuro_full;outputs/derived/sp101_powerpro_the_show_temporal_pairs.csv	"{""powerpro_rows"": 3229, ""temporal_pairs"": 13}"	"[""SR-005"", ""SR-006"", ""SR-007"", ""SR-040""]"	"[""SP-101"", ""MB-06"", ""MB-11""]"	stale/odd diagnostic context	trajectory fields share source/editorial inertia	age/injury/current physical evidence must be joined before stale claim	use separate diagnostic lane and preserve uncertainty	POWERPRO_CONTEXT_ONLY_NOT_FINAL_NUMERIC	IMPLEMENTED_INCOMPLETE	"[""outputs/derived/sp101_powerpro_the_show_temporal_pairs.csv""]"	False
29	SP103-EV-029	external_game	Prospi A raw data retained under owner ruling	external_appraisal_context	IMPLEMENTED_INCOMPLETE	local Prospi A artifacts and owner ruling	Prospi A raw data retained under owner ruling	[]	outputs/derived/speed_prospi_gamex_current_20260813_run2.csv;outputs/derived/speed_prospi_gamex_current_20260813_run3.csv;outputs/derived/speed_community_v3_prospi_remainder_inventory_20260815.csv	"{""candidate_asset_bytes"": 244318}"	"[""SR-027"", ""SR-028"", ""SR-029"", ""SR-059""]"	"[""SP-101""]"	raw/context only; not independent PowerPro teacher	same game-editorial scale and possible duplicate source families	Prospi A is explicitly not accepted for PowerPro stale/odd QA	preserve raw and ruling; no silent promotion	OWNER_RULING_CONTEXT_ONLY	IMPLEMENTED_INCOMPLETE	"[""outputs/derived/speed_prospi_gamex_current_20260813_run2.csv"", ""outputs/derived/speed_prospi_gamex_current_20260813_run3.csv"", ""outputs/derived/speed_community_v3_prospi_remainder_inventory_20260815.csv""]"	False
30	SP103-EV-030	external_game	console Prospi non-collection	external_appraisal_context	SCOPED_REJECTED	owner ruling SR-059	console Prospi non-collection	[]	docs/state/speed_requirements_baseline_20260813.tsv	"{""collected_console_rows"": 0}"	"[""SR-027"", ""SR-028"", ""SR-029"", ""SR-059""]"	"[""SP-101""]"	explicit non-collection	console Prospi is expected to be near-duplicate of PowerPro and not independent	collecting it would expand scope without independent information	reopen only if a new source proves independent construct/provenance	OWNER_RULING_SCOPED_REJECTED	SCOPED_REJECTED	"[""docs/state/speed_requirements_baseline_20260813.tsv""]"	False
31	SP103-EV-031	human_context	official scouting reports	scouting_directional_context	IMPLEMENTED_INCOMPLETE	official scouting inventory with broad sweep	official scouting reports	[]	outputs/derived/sp060_scouting_inventory_20260814.json	"{""inventory_bytes"": 9408, ""records"": 2}"	"[""SR-031"", ""SR-032"", ""SR-052"", ""SR-055""]"	"[""SP-060"", ""MB-12""]"	dated directional context	scouting grades and prose may share evaluator/source lineage	coverage is sparse and age/role/year dependent	preserve source year/age and use only low-weight/context lane	COLLECTED_BOUNDED_SCOUTING_CONTEXT	IMPLEMENTED_INCOMPLETE	"[""outputs/derived/sp060_scouting_inventory_20260814.json""]"	False
32	SP103-EV-032	human_context	draft / amateur timed-test reporting	historical_short_distance_context	COLLECTED_BUT_UNUSED	repository physical measurement corpus and scouting search	draft / amateur timed-test reporting	[]	data/normalized/speed_historical_physical_measurements_2015_2026.json;data/manual/sprint_30m_measurements_curated.json	"{""protocol_uncertain_records"": 0, ""related_records"": 0}"	"[""SR-004"", ""SR-008"", ""SR-055"", ""SR-056""]"	"[""SP-017"", ""MB-12""]"	historical range/context	may duplicate 30m/50m profile measurements	amateur timing protocol, age and selection effects	retain interval and protocol flags; no universal conversion	COLLECTED_BUT_UNUSED_OR_DUPLICATE_CONTROL	COLLECTED_BUT_UNUSED	"[""data/normalized/speed_historical_physical_measurements_2015_2026.json""]"	False
33	SP103-EV-033	human_context	pinch-runner usage	role_and_technique_context	IMPLEMENTED_INCOMPLETE	SP-061 local sweep	pinch-runner usage	[]	outputs/derived/sp061_pinch_runner_weak_context_20260814.json	"{""rows"": 65, ""unique_rows"": 29}"	"[""SR-002"", ""SR-052"", ""SR-055"", ""SR-058""]"	"[""SP-061"", ""MB-13""]"	weak role context; not direct speed	pinch-runner, steal and advance decisions overlap technique/opportunity	manager usage, roster role, score and injury confound	preserve weak directional context and never use as physical teacher	BOUNDED_WEAK_CONTEXT_NOT_DIRECT_SPEED	IMPLEMENTED_INCOMPLETE	"[""outputs/derived/sp061_pinch_runner_weak_context_20260814.json""]"	False
34	SP103-EV-034	human_context	video-frame timing / narration	visual_acceleration_context	IMPLEMENTED_INCOMPLETE	existing video inventories plus SP-102 measured negative	video-frame timing / narration	[]	outputs/derived/sp102_coverage_qa.json;outputs/derived/sp102_target_post_rescue_summary.json;outputs/derived/speed_2026_video_tiebreak_sources.json	"{""existing_asset_bytes"": 0, ""sp102_usable_rows"": 0}"	"[""SR-021"", ""SR-022"", ""SR-047"", ""SR-055"", ""SR-058""]"	"[""SP-039"", ""SP-102"", ""MB-14""]"	strict video/context lane	same clip/comment origin must be clustered	camera angle, frame boundaries and narration subjective; SP-102 fetch failures are not evidence absence	retain negative finding and any future timed row with frame/provenance receipt	SP102_MEASURED_NEGATIVE_BOUNDED_ACQUISITION	IMPLEMENTED_INCOMPLETE	"[""outputs/derived/qa_sp102_targeted_video_comment_rescue.json"", ""docs/audits/sp102_targeted_video_comment_rescue_20260818.md""]"	False
35	SP103-EV-035	human_context	ordinary web / X / YouTube physical observations	directional_observation_context	IMPLEMENTED_INCOMPLETE	community/social source inventories	ordinary web / X / YouTube physical observations	[]	data/normalized/speed_2026_sns_consensus_sources_v2.json;outputs/derived/speed_community_v3_consensus_20260815.json;outputs/derived/speed_community_v3_youtube_semantic_classified_20260814.jsonl	"{""source_bytes"": 11330816}"	"[""SR-014"", ""SR-016"", ""SR-018"", ""SR-019"", ""SR-020"", ""SR-022""]"	"[""SP-032"", ""SP-036"", ""SP-037"", ""SP-102""]"	weak directional physical observation	same event/reaction volume is not independent evidence	source reliability, identity and timing are heterogeneous	cluster origin, cap reaction volume and keep confidence/range	COLLECTED_BOUNDED_CONTEXT_NO_DIRECT_PROMOTION	IMPLEMENTED_INCOMPLETE	"[""data/normalized/speed_2026_sns_consensus_sources_v2.json"", ""outputs/derived/speed_community_v3_consensus_20260815.json"", ""outputs/derived/speed_community_v3_youtube_semantic_classified_20260814.jsonl""]"	False
36	SP103-EV-036	human_context	rating-opinion / community evidence separate from physical claims	appraisal_opinion_context	IMPLEMENTED_INCOMPLETE	community normalized/QA assets	rating-opinion / community evidence separate from physical claims	[]	data/normalized/speed_2026_sns_consensus_sources_v2.json;outputs/derived/speed_community_v3_consensus_20260815.json;outputs/derived/speed_community_v3_youtube_semantic_classified_20260814.jsonl	"{""source_bytes"": 11330816}"	"[""SR-015"", ""SR-019"", ""SR-020"", ""SR-022""]"	"[""SP-032"", ""SP-036"", ""SP-037""]"	opinion/context only	multiple opinions from same origin can be duplicated	game-rating opinion and physical observation are semantically different	store claim type and origin cluster; no comment-only high-confidence physical point	SEMANTICALLY_SEPARATED_OPINION_CONTEXT	IMPLEMENTED_INCOMPLETE	"[""data/normalized/speed_2026_sns_consensus_sources_v2.json"", ""outputs/derived/speed_community_v3_consensus_20260815.json"", ""outputs/derived/speed_community_v3_youtube_semantic_classified_20260814.jsonl""]"	False
37	SP103-EV-037	human_context	injury / recovery	temporal_physical_context	IMPLEMENTED_INCOMPLETE	SP-101 contextual state and local reports	injury / recovery	[]	outputs/derived/sp101_current100_multibridge_evidence.json;docs/state/speed_requirements_baseline_20260813.tsv	"{""current100"": 100, ""state_field"": ""contextual_evidence_summary.injury_state""}"	"[""SR-030"", ""SR-031"", ""SR-040"", ""SR-054""]"	"[""SP-101"", ""MB-11""]"	temporal/context modifier	injury observations may be repeated across reports and season panels	missingness and return-to-play timing limit causal interpretation	preserve available/missing states and never fabricate recovery timing	BOUNDED_TEMPORAL_CONTEXT	IMPLEMENTED_INCOMPLETE	"[""outputs/derived/sp101_current100_multibridge_evidence.json""]"	False
38	SP103-EV-038	human_context	age and longitudinal physical decline	temporal_physical_context	IMPLEMENTED_INCOMPLETE	SP-101 transition/temporal panel	age and longitudinal physical decline	[]	outputs/derived/sp101_current100_multibridge_evidence.json;outputs/derived/sp101_npb_mlb_transition_segments.csv	"{""current100"": 100, ""transition_rows"": 80}"	"[""SR-005"", ""SR-006"", ""SR-030"", ""SR-040"", ""SR-054""]"	"[""SP-101"", ""MB-11""]"	temporal/context modifier	age is shared across all longitudinal player records	age curves can import next-year or future information into current-year appraisal	current-year-first, explicit time gap and forward holdout	BOUNDED_TEMPORAL_CONTEXT_NO_AUTOMATIC_CARRYOVER	IMPLEMENTED_INCOMPLETE	"[""outputs/derived/sp101_npb_mlb_transition_segments.csv""]"	False
39	SP103-EV-039	human_context	explicit player-vs-player faster/slower claims with supported endpoints	pairwise_directional_context	IMPLEMENTED_INCOMPLETE	SP-101 typed pairwise graph and existing source inventory	explicit player-vs-player faster/slower claims with supported endpoints	[]	outputs/derived/sp101_pairwise_ordinal_graph.json;outputs/derived/sp101_current100_multibridge_evidence.json	"{""current100"": 100, ""route"": ""MB-07""}"	"[""SR-032"", ""SR-033"", ""SR-055"", ""SR-058""]"	"[""SP-101"", ""MB-07""]"	ordinal constraint/context	same source/event can create dependent comparisons	unsupported endpoint or generic comparison cannot establish signed relation	require supported endpoints, typed edge, uncertainty and no fabricated partner	SP101_TYPED_GRAPH_BOUNDED	IMPLEMENTED_INCOMPLETE	"[""outputs/derived/sp101_pairwise_ordinal_graph.json""]"	False
40	SP103-EV-040	human_context	generic fast/slow labels	weak_directional_context	IMPLEMENTED_INCOMPLETE	community/source semantic inventories	generic fast/slow labels	[]	data/normalized/speed_2026_sns_consensus_sources_v2.json;outputs/derived/speed_community_v3_consensus_20260815.json;outputs/derived/speed_community_v3_youtube_semantic_classified_20260814.jsonl	"{""source_bytes"": 11330816}"	"[""SR-019"", ""SR-020"", ""SR-055"", ""SR-058""]"	"[""SP-032"", ""SP-037"", ""MB-14""]"	weak directional evidence	generic label may be repeated or refer to technique rather than physical speed	no metric, protocol or endpoint; high uncertainty	retain as low-confidence direction with origin cap; no numeric point	WEAK_DIRECTIONAL_NO_ZEROING	IMPLEMENTED_INCOMPLETE	"[""data/normalized/speed_2026_sns_consensus_sources_v2.json"", ""outputs/derived/speed_community_v3_consensus_20260815.json"", ""outputs/derived/speed_community_v3_youtube_semantic_classified_20260814.jsonl""]"	False
41	SP103-EV-041	defensive_context	RngR / UZR / UZR_1200 / UZR_200 / range_runs	defensive_range_context	IMPLEMENTED_INCOMPLETE	local Baseball Monster range assets	RngR / UZR / UZR_1200 / UZR_200 / range_runs	[]	data/pennant.db:bm_fld/bm_player/v_bm_by_player	"{""bm_fld_rows"": 14488, ""bm_player_rows"": 10431}"	"[""SR-052"", ""SR-055"", ""SR-057""]"	"[""SP-101"", ""MB-15""]"	structured defensive context	range metrics include positioning, reaction, fielding and opportunity	not pure straight-line running speed	keep fielding context separate and use removal audit	DEFENSE_CONTEXT_NOT_BASE_SPEED	IMPLEMENTED_INCOMPLETE	"[""data/pennant.db""]"	False
42	SP103-EV-042	defensive_context	Statcast Outfielder Jump Burst for MLB-experienced outfielders	defensive_burst_context	SOURCE_CONFIRMED_NEW	official MLB Jump glossary/leaderboard	Statcast Outfielder Jump Burst for MLB-experienced outfielders	[]	no local eligible Jump Burst row set	"{""local_rows"": 0, ""source_surface"": ""verified""}"	"[""SR-052"", ""SR-055""]"	"[""SP-101"", ""MB-15""]"	defensive burst context	duplicates candidate 5 at source-event level but role-specific universe row is retained	reaction, route and position confound base running speed	collect separately with position/eligibility; never merge with universal sprint speed	NOT_COLLECTED_EXTERNAL_OPPORTUNITY	SOURCE_CONFIRMED_NEW	"[""https://www.mlb.com/glossary/statcast/jump"", ""https://baseballsavant.mlb.com/leaderboard/outfield_jump""]"	False
43	SP103-EV-043	defensive_context	NPB tracking-derived fielder movement / straight-line speed separated from reaction/route/positioning	defensive_straight_line_speed	MEASURED_NEGATIVE	repo-wide SQLite/schema/source scan and SP-062 bounded result	NPB tracking-derived fielder movement / straight-line speed separated from reaction/route/positioning	[]	outputs/derived/sp062_defensive_chase_close_20260814.json;data/pennant.db	"{""separated_rows"": 0, ""sp062_items"": 4}"	"[""SR-047"", ""SR-052"", ""SR-055"", ""SR-058""]"	"[""SP-062"", ""SP-101""]"	bounded negative finding	any future movement feed may overlap Jump and range events	current assets do not separate physical displacement from route/reaction/positioning	reopen only with separable official tracking fields	MEASURED_NEGATIVE_BOUNDED_LOCAL_UNIVERSE	MEASURED_NEGATIVE	"[""outputs/derived/sp062_defensive_chase_close_20260814.json"", ""data/pennant.db""]"	False
44	SP103-EV-044	inference_method	normalized L2 analog matching	latent physical speed percentile/range, not PowerPro label and not final 0-100	IMPLEMENTED_INCOMPLETE	SP-101 route receipt / SP-103 transfer audit	normalized L2 analog matching	"[""outputs/derived/sp101_current100_multibridge_evidence.json"", ""outputs/derived/sp101_route_ablation_qa.json""]"	MB-01_COMMON_METRIC_NEIGHBORHOOD_BRIDGE	"{""current100"": 100, ""route_receipt_count"": 100}"	"[""SR-011"", ""SR-043"", ""SR-055"", ""SR-058""]"	"[""MB-01_COMMON_METRIC_NEIGHBORHOOD_BRIDGE""]"	explicit transfer/inference method with uncertainty and leakage guard	method may reuse source families; route-level ablation and independent-lane consensus are required	common-support, time, league and missingness confounding recorded in method fields	retain bounded diagnostic and rerun independent QA before SP-079	retain bounded diagnostic and rerun independent QA before SP-079	IMPLEMENTED_INCOMPLETE	SP-101 preliminary evidence/decision-use only; no SP-079 final value	False
45	SP103-EV-045	inference_method	mutual kNN	latent physical speed percentile/range, not PowerPro label and not final 0-100	IMPLEMENTED_INCOMPLETE	SP-101 route receipt / SP-103 transfer audit	mutual kNN	"[""outputs/derived/sp101_current100_multibridge_evidence.json"", ""outputs/derived/sp101_route_ablation_qa.json""]"	MB-01_COMMON_METRIC_NEIGHBORHOOD_BRIDGE	"{""current100"": 100, ""route_receipt_count"": 100}"	"[""SR-011"", ""SR-043"", ""SR-055"", ""SR-058""]"	"[""MB-01_COMMON_METRIC_NEIGHBORHOOD_BRIDGE""]"	explicit transfer/inference method with uncertainty and leakage guard	method may reuse source families; route-level ablation and independent-lane consensus are required	common-support, time, league and missingness confounding recorded in method fields	retain bounded diagnostic and rerun independent QA before SP-079	retain bounded diagnostic and rerun independent QA before SP-079	IMPLEMENTED_INCOMPLETE	SP-101 preliminary evidence/decision-use only; no SP-079 final value	False
46	SP103-EV-046	inference_method	covariance-aware Mahalanobis matching	latent physical speed percentile/range, not PowerPro label and not final 0-100	IMPLEMENTED_INCOMPLETE	SP-101 route receipt / SP-103 transfer audit	covariance-aware Mahalanobis matching	"[""outputs/derived/sp101_current100_multibridge_evidence.json"", ""outputs/derived/sp101_route_ablation_qa.json""]"	MB-01_COMMON_METRIC_NEIGHBORHOOD_BRIDGE	"{""current100"": 100, ""route_receipt_count"": 100}"	"[""SR-011"", ""SR-043"", ""SR-055"", ""SR-058""]"	"[""MB-01_COMMON_METRIC_NEIGHBORHOOD_BRIDGE""]"	explicit transfer/inference method with uncertainty and leakage guard	method may reuse source families; route-level ablation and independent-lane consensus are required	common-support, time, league and missingness confounding recorded in method fields	retain bounded diagnostic and rerun independent QA before SP-079	retain bounded diagnostic and rerun independent QA before SP-079	IMPLEMENTED_INCOMPLETE	SP-101 preliminary evidence/decision-use only; no SP-079 final value	False
47	SP103-EV-047	inference_method	optimal-transport distribution matching	latent physical speed percentile/range, not PowerPro label and not final 0-100	IMPLEMENTED_INCOMPLETE	SP-101 route receipt / SP-103 transfer audit	optimal-transport distribution matching	"[""outputs/derived/sp101_current100_multibridge_evidence.json"", ""outputs/derived/sp101_route_ablation_qa.json""]"	MB-01_COMMON_METRIC_NEIGHBORHOOD_BRIDGE	"{""current100"": 100, ""route_receipt_count"": 100}"	"[""SR-011"", ""SR-043"", ""SR-055"", ""SR-058""]"	"[""MB-01_COMMON_METRIC_NEIGHBORHOOD_BRIDGE""]"	explicit transfer/inference method with uncertainty and leakage guard	method may reuse source families; route-level ablation and independent-lane consensus are required	common-support, time, league and missingness confounding recorded in method fields	retain bounded diagnostic and rerun independent QA before SP-079	retain bounded diagnostic and rerun independent QA before SP-079	IMPLEMENTED_INCOMPLETE	SP-101 preliminary evidence/decision-use only; no SP-079 final value	False
48	SP103-EV-048	inference_method	shared-indicator prediction with player-clustered holdout	latent physical speed percentile/range, not PowerPro label and not final 0-100	IMPLEMENTED_INCOMPLETE	SP-101 route receipt / SP-103 transfer audit	shared-indicator prediction with player-clustered holdout	"[""outputs/derived/sp101_current100_multibridge_evidence.json"", ""outputs/derived/sp101_route_ablation_qa.json""]"	MB-02_DUAL_SHARED_INDICATOR_BEHAVIOR_MODELS	"{""current100"": 100, ""route_receipt_count"": 100}"	"[""SR-011"", ""SR-043"", ""SR-055"", ""SR-058""]"	"[""MB-02_DUAL_SHARED_INDICATOR_BEHAVIOR_MODELS""]"	explicit transfer/inference method with uncertainty and leakage guard	method may reuse source families; route-level ablation and independent-lane consensus are required	common-support, time, league and missingness confounding recorded in method fields	retain bounded diagnostic and rerun independent QA before SP-079	retain bounded diagnostic and rerun independent QA before SP-079	IMPLEMENTED_INCOMPLETE	SP-101 preliminary evidence/decision-use only; no SP-079 final value	False
49	SP103-EV-049	inference_method	multi-trait latent measurement model	latent physical speed percentile/range, not PowerPro label and not final 0-100	IMPLEMENTED_INCOMPLETE	SP-101 route receipt / SP-103 transfer audit	multi-trait latent measurement model	"[""outputs/derived/sp101_current100_multibridge_evidence.json"", ""outputs/derived/sp101_route_ablation_qa.json""]"	MB-03_MULTI_TRAIT_LATENT_MEASUREMENT_MODEL	"{""current100"": 100, ""route_receipt_count"": 100}"	"[""SR-011"", ""SR-043"", ""SR-055"", ""SR-058""]"	"[""MB-03_MULTI_TRAIT_LATENT_MEASUREMENT_MODEL""]"	explicit transfer/inference method with uncertainty and leakage guard	method may reuse source families; route-level ablation and independent-lane consensus are required	common-support, time, league and missingness confounding recorded in method fields	retain bounded diagnostic and rerun independent QA before SP-079	retain bounded diagnostic and rerun independent QA before SP-079	IMPLEMENTED_INCOMPLETE	SP-101 preliminary evidence/decision-use only; no SP-079 final value	False
50	SP103-EV-050	inference_method	within-player temporal delta	latent physical speed percentile/range, not PowerPro label and not final 0-100	IMPLEMENTED_INCOMPLETE	SP-101 route receipt / SP-103 transfer audit	within-player temporal delta	"[""outputs/derived/sp101_current100_multibridge_evidence.json"", ""outputs/derived/sp101_route_ablation_qa.json""]"	MB-04_WITHIN_PLAYER_TEMPORAL_DELTA	"{""current100"": 100, ""route_receipt_count"": 100}"	"[""SR-011"", ""SR-043"", ""SR-055"", ""SR-058""]"	"[""MB-04_WITHIN_PLAYER_TEMPORAL_DELTA""]"	explicit transfer/inference method with uncertainty and leakage guard	method may reuse source families; route-level ablation and independent-lane consensus are required	common-support, time, league and missingness confounding recorded in method fields	retain bounded diagnostic and rerun independent QA before SP-079	retain bounded diagnostic and rerun independent QA before SP-079	IMPLEMENTED_INCOMPLETE	SP-101 preliminary evidence/decision-use only; no SP-079 final value	False
51	SP103-EV-051	inference_method	league-transition fixed-effects model	latent physical speed percentile/range, not PowerPro label and not final 0-100	IMPLEMENTED_INCOMPLETE	SP-101 route receipt / SP-103 transfer audit	league-transition fixed-effects model	"[""outputs/derived/sp101_current100_multibridge_evidence.json"", ""outputs/derived/sp101_route_ablation_qa.json""]"	MB-05_LEAGUE_TRANSITION_FIXED_EFFECTS	"{""current100"": 100, ""route_receipt_count"": 100}"	"[""SR-011"", ""SR-043"", ""SR-055"", ""SR-058""]"	"[""MB-05_LEAGUE_TRANSITION_FIXED_EFFECTS""]"	explicit transfer/inference method with uncertainty and leakage guard	method may reuse source families; route-level ablation and independent-lane consensus are required	common-support, time, league and missingness confounding recorded in method fields	retain bounded diagnostic and rerun independent QA before SP-079	retain bounded diagnostic and rerun independent QA before SP-079	IMPLEMENTED_INCOMPLETE	SP-101 preliminary evidence/decision-use only; no SP-079 final value	False
52	SP103-EV-052	inference_method	returnee synthetic controls	latent physical speed percentile/range, not PowerPro label and not final 0-100	IMPLEMENTED_INCOMPLETE	SP-101 route receipt / SP-103 transfer audit	returnee synthetic controls	"[""outputs/derived/sp101_current100_multibridge_evidence.json"", ""outputs/derived/sp101_route_ablation_qa.json""]"	MB-10_RETURNEE_SYNTHETIC_CONTROL	"{""current100"": 100, ""route_receipt_count"": 100}"	"[""SR-011"", ""SR-043"", ""SR-055"", ""SR-058""]"	"[""MB-10_RETURNEE_SYNTHETIC_CONTROL""]"	explicit transfer/inference method with uncertainty and leakage guard	method may reuse source families; route-level ablation and independent-lane consensus are required	common-support, time, league and missingness confounding recorded in method fields	retain bounded diagnostic and rerun independent QA before SP-079	retain bounded diagnostic and rerun independent QA before SP-079	IMPLEMENTED_INCOMPLETE	SP-101 preliminary evidence/decision-use only; no SP-079 final value	False
53	SP103-EV-053	inference_method	pairwise/ordinal constraint graph	latent physical speed percentile/range, not PowerPro label and not final 0-100	IMPLEMENTED_INCOMPLETE	SP-101 route receipt / SP-103 transfer audit	pairwise/ordinal constraint graph	"[""outputs/derived/sp101_current100_multibridge_evidence.json"", ""outputs/derived/sp101_route_ablation_qa.json""]"	MB-07_PAIRWISE_ORDINAL_EVIDENCE_GRAPH	"{""current100"": 100, ""route_receipt_count"": 100}"	"[""SR-011"", ""SR-043"", ""SR-055"", ""SR-058""]"	"[""MB-07_PAIRWISE_ORDINAL_EVIDENCE_GRAPH""]"	explicit transfer/inference method with uncertainty and leakage guard	method may reuse source families; route-level ablation and independent-lane consensus are required	common-support, time, league and missingness confounding recorded in method fields	retain bounded diagnostic and rerun independent QA before SP-079	retain bounded diagnostic and rerun independent QA before SP-079	IMPLEMENTED_INCOMPLETE	SP-101 preliminary evidence/decision-use only; no SP-079 final value	False
54	SP103-EV-054	inference_method	independent-lane consensus/conflict synthesis	latent physical speed percentile/range, not PowerPro label and not final 0-100	IMPLEMENTED_INCOMPLETE	SP-101 route receipt / SP-103 transfer audit	independent-lane consensus/conflict synthesis	"[""outputs/derived/sp101_current100_multibridge_evidence.json"", ""outputs/derived/sp101_route_ablation_qa.json""]"	MB-16_CROSS_SOURCE_CONSENSUS_AND_DISAGREEMENT	"{""current100"": 100, ""route_receipt_count"": 100}"	"[""SR-011"", ""SR-043"", ""SR-055"", ""SR-058""]"	"[""MB-16_CROSS_SOURCE_CONSENSUS_AND_DISAGREEMENT""]"	explicit transfer/inference method with uncertainty and leakage guard	method may reuse source families; route-level ablation and independent-lane consensus are required	common-support, time, league and missingness confounding recorded in method fields	retain bounded diagnostic and rerun independent QA before SP-079	retain bounded diagnostic and rerun independent QA before SP-079	IMPLEMENTED_INCOMPLETE	SP-101 preliminary evidence/decision-use only; no SP-079 final value	False
55	SP103-EV-055	inference_method	route-removal ablation	latent physical speed percentile/range, not PowerPro label and not final 0-100	IMPLEMENTED_INCOMPLETE	SP-101 route receipt / SP-103 transfer audit	route-removal ablation	"[""outputs/derived/sp101_current100_multibridge_evidence.json"", ""outputs/derived/sp101_route_ablation_qa.json""]"	MB-18_DECISION_USE_AND_ABLATION_RECEIPT	"{""current100"": 100, ""route_receipt_count"": 100}"	"[""SR-011"", ""SR-043"", ""SR-055"", ""SR-058""]"	"[""MB-18_DECISION_USE_AND_ABLATION_RECEIPT""]"	explicit transfer/inference method with uncertainty and leakage guard	method may reuse source families; route-level ablation and independent-lane consensus are required	common-support, time, league and missingness confounding recorded in method fields	retain bounded diagnostic and rerun independent QA before SP-079	retain bounded diagnostic and rerun independent QA before SP-079	IMPLEMENTED_INCOMPLETE	SP-101 preliminary evidence/decision-use only; no SP-079 final value	False
56	SP103-EV-056	inference_method	leakage-safe anchor calibration	latent physical speed percentile/range, not PowerPro label and not final 0-100	NOT_COLLECTED	SP-101 route receipt / SP-103 transfer audit	leakage-safe anchor calibration	"[""outputs/derived/sp101_current100_multibridge_evidence.json"", ""outputs/derived/sp101_route_ablation_qa.json""]"	MB-01_COMMON_METRIC_NEIGHBORHOOD_BRIDGE	"{""current100"": 100, ""route_receipt_count"": 100}"	"[""SR-011"", ""SR-043"", ""SR-055"", ""SR-058""]"	"[""MB-01_COMMON_METRIC_NEIGHBORHOOD_BRIDGE""]"	explicit transfer/inference method with uncertainty and leakage guard	method may reuse source families; route-level ablation and independent-lane consensus are required	common-support, time, league and missingness confounding recorded in method fields	design and independently validate before any final appraisal	design and independently validate before any final appraisal	NOT_COLLECTED	SP-101 preliminary evidence/decision-use only; no SP-079 final value	False
57	SP103-EV-057	inference_method	cross-fitted / leave-player-out transfer	latent physical speed percentile/range, not PowerPro label and not final 0-100	IMPLEMENTED_INCOMPLETE	SP-101 route receipt / SP-103 transfer audit	cross-fitted / leave-player-out transfer	"[""outputs/derived/sp101_current100_multibridge_evidence.json"", ""outputs/derived/sp101_route_ablation_qa.json""]"	MB-02_DUAL_SHARED_INDICATOR_BEHAVIOR_MODELS	"{""current100"": 100, ""route_receipt_count"": 100}"	"[""SR-011"", ""SR-043"", ""SR-055"", ""SR-058""]"	"[""MB-02_DUAL_SHARED_INDICATOR_BEHAVIOR_MODELS""]"	explicit transfer/inference method with uncertainty and leakage guard	method may reuse source families; route-level ablation and independent-lane consensus are required	common-support, time, league and missingness confounding recorded in method fields	design and independently validate before any final appraisal	design and independently validate before any final appraisal	IMPLEMENTED_INCOMPLETE	SP-101 preliminary evidence/decision-use only; no SP-079 final value	False
58	SP103-EV-058	inference_method	hierarchical partial pooling or interval transfer	latent physical speed percentile/range, not PowerPro label and not final 0-100	NOT_COLLECTED	SP-101 route receipt / SP-103 transfer audit	hierarchical partial pooling or interval transfer	"[""outputs/derived/sp101_current100_multibridge_evidence.json"", ""outputs/derived/sp101_route_ablation_qa.json""]"	MB-03_MULTI_TRAIT_LATENT_MEASUREMENT_MODEL	"{""current100"": 100, ""route_receipt_count"": 100}"	"[""SR-011"", ""SR-043"", ""SR-055"", ""SR-058""]"	"[""MB-03_MULTI_TRAIT_LATENT_MEASUREMENT_MODEL""]"	explicit transfer/inference method with uncertainty and leakage guard	method may reuse source families; route-level ablation and independent-lane consensus are required	common-support, time, league and missingness confounding recorded in method fields	design and independently validate before any final appraisal	design and independently validate before any final appraisal	NOT_COLLECTED	SP-101 preliminary evidence/decision-use only; no SP-079 final value	False
59	SP103-EV-059	inference_method	physical-rich-only rank/quantile mapping	latent physical speed percentile/range, not PowerPro label and not final 0-100	NOT_COLLECTED	SP-101 route receipt / SP-103 transfer audit	physical-rich-only rank/quantile mapping	"[""outputs/derived/sp101_current100_multibridge_evidence.json"", ""outputs/derived/sp101_route_ablation_qa.json""]"	MB-08_DISTRIBUTION_AND_TAIL_CALIBRATION	"{""current100"": 100, ""route_receipt_count"": 100}"	"[""SR-011"", ""SR-043"", ""SR-055"", ""SR-058""]"	"[""MB-08_DISTRIBUTION_AND_TAIL_CALIBRATION""]"	explicit transfer/inference method with uncertainty and leakage guard	method may reuse source families; route-level ablation and independent-lane consensus are required	common-support, time, league and missingness confounding recorded in method fields	design and independently validate before any final appraisal	design and independently validate before any final appraisal	NOT_COLLECTED	SP-101 preliminary evidence/decision-use only; no SP-079 final value	False
60	SP103-EV-060	inference_method	multiple-imputation / interval propagation	latent physical speed percentile/range, not PowerPro label and not final 0-100	NOT_COLLECTED	SP-101 route receipt / SP-103 transfer audit	multiple-imputation / interval propagation	"[""outputs/derived/sp101_current100_multibridge_evidence.json"", ""outputs/derived/sp101_route_ablation_qa.json""]"	MB-03_MULTI_TRAIT_LATENT_MEASUREMENT_MODEL	"{""current100"": 100, ""route_receipt_count"": 100}"	"[""SR-011"", ""SR-043"", ""SR-055"", ""SR-058""]"	"[""MB-03_MULTI_TRAIT_LATENT_MEASUREMENT_MODEL""]"	explicit transfer/inference method with uncertainty and leakage guard	method may reuse source families; route-level ablation and independent-lane consensus are required	common-support, time, league and missingness confounding recorded in method fields	design and independently validate before any final appraisal	design and independently validate before any final appraisal	NOT_COLLECTED	SP-101 preliminary evidence/decision-use only; no SP-079 final value	False
61	SP103-EV-061	inference_method	handedness/protocol-aware H2F calibration	latent physical speed percentile/range, not PowerPro label and not final 0-100	SOURCE_CONFIRMED_NEW	SP-101 route receipt / SP-103 transfer audit	handedness/protocol-aware H2F calibration	"[""outputs/derived/sp101_current100_multibridge_evidence.json"", ""outputs/derived/sp101_route_ablation_qa.json""]"	MB-12_SCOUTING_GRADE_AND_TIMED_TEST_BRIDGE	"{""current100"": 100, ""route_receipt_count"": 100}"	"[""SR-011"", ""SR-043"", ""SR-055"", ""SR-058""]"	"[""MB-12_SCOUTING_GRADE_AND_TIMED_TEST_BRIDGE""]"	explicit transfer/inference method with uncertainty and leakage guard	method may reuse source families; route-level ablation and independent-lane consensus are required	common-support, time, league and missingness confounding recorded in method fields	design and independently validate before any final appraisal	design and independently validate before any final appraisal	SOURCE_CONFIRMED_NEW	SP-101 preliminary evidence/decision-use only; no SP-079 final value	False
62	SP103-EV-062	inference_method	MLB 5-foot acceleration-shape features	latent physical speed percentile/range, not PowerPro label and not final 0-100	SOURCE_CONFIRMED_NEW	SP-101 route receipt / SP-103 transfer audit	MLB 5-foot acceleration-shape features	"[""outputs/derived/sp101_current100_multibridge_evidence.json"", ""outputs/derived/sp101_route_ablation_qa.json""]"	MB-12_SCOUTING_GRADE_AND_TIMED_TEST_BRIDGE	"{""current100"": 100, ""route_receipt_count"": 100}"	"[""SR-011"", ""SR-043"", ""SR-055"", ""SR-058""]"	"[""MB-12_SCOUTING_GRADE_AND_TIMED_TEST_BRIDGE""]"	explicit transfer/inference method with uncertainty and leakage guard	method may reuse source families; route-level ablation and independent-lane consensus are required	common-support, time, league and missingness confounding recorded in method fields	design and independently validate before any final appraisal	design and independently validate before any final appraisal	SOURCE_CONFIRMED_NEW	SP-101 preliminary evidence/decision-use only; no SP-079 final value	False
63	SP103-EV-063	scale_engine	provisional relative-to-display scale	display_scale	IMPLEMENTED_INCOMPLETE	existing scale audit and SP-099 repair	provisional relative-to-display scale	[]	configs/ratings.json;docs/audits/sp099_scale_architecture_verdict_20260814.md	"{""status"": ""provisional""}"	"[""SR-034"", ""SR-035"", ""SR-050""]"	"[""SP-099""]"	calibration only; not player evidence	display scale can be mixed with physical units if applied at wrong layer	PowerPro-derived scale and uncalibrated z-scale remain separate risks	rerun scale QA after construct freeze; keep source and transform explicit	NOT_READY_FOR_FINAL_SCALE	IMPLEMENTED_INCOMPLETE	"[""configs/ratings.json"", ""docs/audits/sp099_scale_architecture_verdict_20260814.md""]"	False
64	SP103-EV-064	scale_engine	ability-value → custom-engine movement-response bridge	engine_response	NOT_COLLECTED	task/spec requirement; implementation not run in SP-103	ability-value → custom-engine movement-response bridge	[]	no new SP-103 engine output	"{""new_runs"": 0}"	"[""SR-036"", ""SR-044"", ""SR-050""]"	"[""SP-079""]"	calibration only	engine response is downstream of evidence and cannot validate physical truth by itself	no SP-103 run permitted to become final numeric generation	run only after owner/gate scope explicitly allows it	GATE_BLOCKED_PRE_SP079	NOT_COLLECTED	"[""docs/tasks/SP103_SPEED_EVIDENCE_UNIVERSE_COMPLETENESS_20260823.md""]"	False
65	SP103-EV-065	scale_engine	league-distribution simulation QA	league_distribution_calibration	NOT_COLLECTED	task/spec requirement; no SP-103 simulation run	league-distribution simulation QA	[]	no new SP-103 simulation output	"{""new_runs"": 0}"	"[""SR-036"", ""SR-044"", ""SR-050""]"	"[""SP-079""]"	calibration only	league distribution can conceal systematic source/scale mismatch	simulation is downstream and must not be mistaken for evidence discovery	run as a separate post-gate QA with frozen evidence and scale manifest	GATE_BLOCKED_PRE_SP079	NOT_COLLECTED	"[""docs/tasks/SP103_SPEED_EVIDENCE_UNIVERSE_COMPLETENESS_20260823.md""]"	False
66	SP103-EV-066	scale_engine	current-100 vs non-100 full-roster scale consistency	population_scale_consistency	NOT_COLLECTED	task/spec requirement; no SP-103 final scale run	current-100 vs non-100 full-roster scale consistency	[]	no new SP-103 full-roster scale output	"{""new_runs"": 0}"	"[""SR-037"", ""SR-050""]"	"[""SP-079""]"	calibration only	100-player-only normalization can create a separate scale	no final 0-100 or shoulder work is permitted in this task	run after evidence universe lock with all-roster denominator	GATE_BLOCKED_PRE_SP079	NOT_COLLECTED	"[""docs/tasks/SP103_SPEED_EVIDENCE_UNIVERSE_COMPLETENESS_20260823.md""]"	False
67	SP103-DISC-001	external_discovery	World Baseball Classic Statcast as an NPB-player bridge	cross_league_event_tracking_opportunity	SOURCE_CONFIRMED_NEW	official MLB Baseball Savant / MLB WBC article	WBC Statcast search and full-tracking scope	"[""https://baseballsavant.mlb.com/statcast-search-world-baseball-classic"", ""https://www.mlb.com/world-baseball-classic/news/world-baseball-classic-follow-ups-to-watch-in-2026""]"	outputs/derived/sp103_external_source_verification.json	"{""2023_JPN_unique_player_ids"": 15, ""2026_JPN_unique_player_ids"": 30, ""running_rows_retrieved"": {""2023"": 0, ""2026"": 0}}"	"[""SR-047"", ""SR-052"", ""SR-058""]"	"[""SP-101""]"	potential bridge; acquisition limitation only	same tournament play may be represented in multiple Statcast surfaces	public selector lower bound and no running result column; zero rows cannot imply slow	re-run official query when running metrics are exposed; preserve tournament/season denominator	bounded external re-open; no numeric promotion	SOURCE_CONFIRMED_NEW	BLOCKED_EXTERNAL_PUBLIC_SURFACE	False
68	SP103-DISC-002	external_discovery	Statcast Lead Distance / Lead Distance Gained	stealing_start_technique_context	SOURCE_CONFIRMED_NEW	official MLB glossary / Baseball Savant	Lead Distance and Lead Distance Gained	"[""https://www.mlb.com/glossary/statcast/lead-distance"", ""https://baseballsavant.mlb.com/leaderboard/basestealing-run-value""]"	outputs/derived/sp103_external_source_verification.json	"{""local_rows"": 0}"	"[""SR-002"", ""SR-052"", ""SR-057""]"	"[""SP-101"", ""MB-13""]"	technique/opportunity context; never direct speed	shares steal attempt and pitcher/catcher event with SB outcomes	lead, pitcher movement and release timing are not physical sprint speed	collect with event definition and deconfounding plan	do not promote; preserve as separate technique candidate	SOURCE_CONFIRMED_NEW	NOT_COLLECTED_CONTEXT_ONLY	False
69	SP103-DISC-003	external_discovery	Statcast Competitive Runs / Bolts / HP to 1B exposure fields	measurement_exposure_and_end_to_end_context	SOURCE_CONFIRMED_NEW	official Baseball Savant Sprint Speed leaderboard	Competitive Runs, Bolts, HP to 1B alongside Sprint Speed	"[""https://baseballsavant.mlb.com/sprint_speed_leaderboard""]"	outputs/derived/sp103_external_source_verification.json	"{""local_rows"": 0}"	"[""SR-004"", ""SR-008"", ""SR-011"", ""SR-055""]"	"[""SP-101"", ""MB-18""]"	exposure/reliability and distinct end-to-end context	HP to 1B and 90-foot splits may share the same underlying plays	qualified-run selection and batting-side geometry	retrieve rows and preserve Competitive Runs denominator; deduplicate event families	source-confirmed opportunity, not local evidence yet	SOURCE_CONFIRMED_NEW	NOT_COLLECTED_EXTERNAL_OPPORTUNITY	False
70	SP103-DISC-004	human_context	MLB Pipeline historical Run scouting grades	scouting_run_context	SOURCE_CONFIRMED_NEW	official MLB Pipeline prospect page	20-80 Run tool / scouting component	"[""https://www.mlb.com/prospects/2020/top100/alex-kirilloff-666135"", ""outputs/derived/sp103_external_source_verification.json""]"	outputs/derived/sp103_external_source_verification.json	"{""current100_coverage"": ""not established"", ""verified_pages"": 1}"	"[""SR-031"", ""SR-032"", ""SR-055""]"	"[""SP-060"", ""MB-12""]"	dated scouting context, not direct measurement	scouting prose and grade may be copied across pages	scouting year, age, role and evaluator subjectivity	expand only with year/age/source provenance and same-player dedup	check against existing SP-060 before adding further rows	SOURCE_CONFIRMED_NEW	NOT_COLLECTED_BOUNDED_SCOUTING	False
71	SP103-DISC-005	direct_physical_provenance	Current NPB+ fastest home-to-first availability versus legacy local provenance	H2F_provenance_resolution	MEASURED_NEGATIVE	official NPB+ product page plus prior independent provenance audit	separate official field listing does not validate old local values	"[""https://www.japan-baseball.jp/npb-plus/"", ""docs/audits/luna_npb_plus_provenance_contamination_20260814.md""]"	data/pennant.db:npb_plus_measurement.hp_to_1b_sec	"{""current_official_player_values_retrieved"": 0, ""old_local_rows"": 109}"	"[""SR-004"", ""SR-008"", ""SR-055"", ""SR-058""]"	"[""SP-007"", ""SP-100""]"	provenance negative finding; current source reopen only	H2F may overlap 90-foot/HP-to-1B records	legacy local values are misattributed; current field is not a retrieved value table	per-player current official retrieval with protocol and date	keep old values fail-closed and report scoped negative finding	MEASURED_NEGATIVE	FAIL_CLOSED_LEGACY_VALUES	False
