game,video_id,title,description_short,published_at,source_url,official_channel_id,channel_name,discovery_method,matched_terms,relevant_reason,target_players_from_title_if_any,comments_available,comments_retrieved,platform_reported_comment_count,retrieval_method,retrieval_bound_or_missingness,already_in_old_inventory,old_inventory_sources,metadata_status,collection_attempted_at
Prospi,0yNZ0wCRHs0,ニューイヤー特番！プロスピA お正月王決定戦【プロ野球スピリッツA】,"2024年のラッキーボーイ・ラッキーガールを決める！
インフルエンサーたちが2組に分かれて、羽子板対決や巨大だるま落としなど様々な企画に挑戦。
企画の成績に応じてスカウトを引いてオリジナルオーダーを作ってリアルタイム対戦で戦います。

公式番組初出演のばりやわとんこつ、サワヤンも大活躍！？
ばりやわとんこつのお二人が対決した第1戦の羽子板対決では、スタッフも想定外の大記録が飛び出す...！

さらに、サワヤンのお二人が対決した第2戦は、ダルマ落とし対決・プロスピＡ対決ともに爆笑必至の展開に。そしてプロスピAを始めて2か月のサワさんの腕前はいかに！

第3戦では糸井さん天谷さんが対決。
糸井さんは、2023年夏に杉谷さんとの対決に敗れた雪辱を晴らせるのか！

第4戦はパワフルスピリッツからサイコさん、カイトさんが参戦、対決します。
頭脳派サイコさんと天才肌カイトさん、勝利の行方が見逃せない！

第5戦〓V.I.P〓さんとCLAYさんの対決では、大将同士の意地がぶつかる！
総合優勝をかけた負けられない戦い。最後に勝利の女神がほほ笑むのはどちらだ！


＜出演者＞
〓V.I.P〓
CLAY
糸井嘉男
天谷宗一郎
ばりやわとんこつ(新谷あやか、永松文太)
サワヤン SAWAYAN
パワフルスピリッツメンバー(サイコ、カイト)

公式Xでは、「年末年始Xお年玉キャンペーン」を実施中！
プロスピA公式Xをフォローして、
#プロスピA新年初引き＆スカウトで引いた選手の画像をポスト！
投稿してくれた方から抽選でAmazonギフト券1万円分を30名様にプレゼント！

※本編は2023年12月に収録したものです。

↓プロスピA公式Xはこちら↓
https://twitter.com/prospiA_PR

↓プロスピAダウンロードはこちらから↓
https://app.adjust.com/kpdl9la

↓プロスピA公式サイトはこちら↓
https://www.konami.com/games/prospi_a/",2024-01-06,https://www.youtube.com/watch?v=0yNZ0wCRHs0,UCWzEh28vj3mQKpe0fzVTOUw,パワプロ・プロスピ公式チャンネル,official_channel_side_scan_then_bounded_remainder,プロスピ;プロ野球スピリッツ;スピリッツ;prospi;プロスピa;プロ野球スピリッツa,title_explicitly_identifies_prospi,,True,141,141,yt-dlp --get-comments,requested_all_parents_all_replies_all_depth,,,OK,2026-08-14T16:45:12Z
Prospi,eaWfO7kRCwU,大谷翔平選手がパワプロ30周年×プロスピ20周年アンバサダーに！【メイキング+特別インタビュー】,"#大谷翔平 選手が #パワプロ30周年 × #プロスピ20周年 アンバサダーに就任することが決定しました！
アンバサダー撮影の模様を公開！また、パワプロも大谷選手も今年で30歳ということで、30歳にちなんだ記念インタビューも行いました。
#WBC のユニフォームを着用した大谷選手の映像は必見です！

アニバーサリーイヤーに合わせ、KONAMIの各野球ゲームで大谷翔平選手と様々な取り組みを実施予定です。

今後の展開にご期待ください。

周年公式サイト
https://www.konami.com/games/pawaspi_anniversary/",2024-01-15,https://www.youtube.com/watch?v=eaWfO7kRCwU,UCWzEh28vj3mQKpe0fzVTOUw,パワプロ・プロスピ公式チャンネル,official_channel_side_scan_then_bounded_remainder,プロスピ;プロスピ20;アニバーサリー;アニバ,title_explicitly_identifies_prospi,,True,740,740,yt-dlp --get-comments,requested_all_parents_all_replies_all_depth,,,OK,2026-08-14T16:45:12Z
Prospi,vwU0NyiNcaA,【パワプロ30周年】3人娘から皆さんへビデオメッセージ,"#パワプロ30周年 を記念して、
早川あおいちゃん（CV 青木瑠璃子）
橘みずきちゃん（CV 愛美）
六道聖ちゃん（CV 高橋李依）
から、日頃パワプロを応援してくださる皆様へビデオメッセージが届いています！
パワプロ30周年は素敵なことが起きる予感・・・♪


パワプロ30周年×プロスピ20周年 アニバーサリーサイト　https://www.konami.com/games/pawaspi_anniversary/
#パワプロアプリ 公式X　https://twitter.com/pawa_app573
#栄冠クロス 公式X　https://twitter.com/pawa_eikan573
パワプロ・プロスピ 公式X　https://twitter.com/pawapuro_pro",2024-03-18,https://www.youtube.com/watch?v=vwU0NyiNcaA,UCWzEh28vj3mQKpe0fzVTOUw,パワプロ・プロスピ公式チャンネル,official_channel_side_scan_then_bounded_remainder,プロスピ;プロスピ20;アニバーサリー;アニバ,description_identifies_prospi_and_ability_or_update_context,,True,177,177,yt-dlp --get-comments,requested_all_parents_all_replies_all_depth,,,OK,2026-08-14T16:45:12Z
Prospi,s5n8g6g4mz8,〇〇は芸術点が高い！？イチローが監督・コーチから選出！2024TSイチローセレクション選手発表セ・リーグ編 【プロスピA】,"プロ野球スピリッツAにイチローさんが帰ってきた！！
2024年は12球団の監督・コーチから各球団1名を選出。

イチローさんがライバルとして意識していたマシンガン打線の中核や
「振りたいのに手が出ない」と言わしめた名クローザーとのエピソードを語る！

2024TS「イチローセレクション」は5/30(木)~登場！
珠玉の選手たちをぜひ手に入れてください！

▼プロスピAダウンロードはこちら
https://app.adjust.com/1cxcykxx

▼プロスピA公式X
https://x.com/prospiA_PR

▼プロスピA公式サイト
https://www.konami.com/games/prospi_a/

一般社団法人日本野球機構承認  ©Konami Digital Entertainment",2024-05-27,https://www.youtube.com/watch?v=s5n8g6g4mz8,UCWzEh28vj3mQKpe0fzVTOUw,パワプロ・プロスピ公式チャンネル,official_channel_side_scan_then_bounded_remainder,プロスピ;プロ野球スピリッツ;スピリッツ;prospi;プロスピa;プロ野球スピリッツa;選手発表;セレクション;ts,title_explicitly_identifies_prospi,,True,1386,1386,yt-dlp --get-comments,requested_all_parents_all_replies_all_depth,,,OK,2026-08-14T16:45:12Z
Prospi,TFpR64Mc0N8,パ・リーグを託した！イチローが監督・コーチから選出！2024TSイチローセレクション選手発表パ・リーグ編 【プロスピA】,"プロ野球スピリッツAにイチローさんが帰ってきた！！
2024年は12球団の監督・コーチから各球団1名を選出。

イチローさんがパ・リーグを引っ張っていく存在になると認めたあの5ツールプレイヤーや
長い現役生活でたった2度だけのガッツポーズを披露した打席のエピソードなどを語る！

2024TS「イチローセレクション」は5/30(木)~登場！
珠玉の選手たちをぜひ手に入れてください！

▼プロスピAダウンロードはこちら
https://app.adjust.com/1cxcykxx

▼プロスピA公式X
https://x.com/prospiA_PR

▼プロスピA公式サイト
https://www.konami.com/games/prospi_a/

一般社団法人日本野球機構承認  ©Konami Digital Entertainment",2024-05-28,https://www.youtube.com/watch?v=TFpR64Mc0N8,UCWzEh28vj3mQKpe0fzVTOUw,パワプロ・プロスピ公式チャンネル,official_channel_side_scan_then_bounded_remainder,プロスピ;プロ野球スピリッツ;スピリッツ;prospi;プロスピa;プロ野球スピリッツa;選手発表;セレクション;ts,title_explicitly_identifies_prospi,,True,680,680,yt-dlp --get-comments,requested_all_parents_all_replies_all_depth,,,OK,2026-08-14T16:45:12Z
Prospi,HrdWA9MHDXw,【10月17日 発売】実は力仕事をしてました!!社会人時代の:秘密:エピソード！雪平莉左さん：メイキング＆インタビュー『プロ野球スピリッツ2024-2025』,"“PLAYからFEELへ”『プロ野球スピリッツ2024-2025』（PlayStation®5、Steam®）10月17日発売！

プロ野球チームのＧＭ兼社長になる新モード「myBALLPARK」と1人のプロ野球選手になりきって球界のスターを目指す「スタープレイヤー」に、マルチに活躍するあのさんや雪平莉左さん、動画クリエイターの森元流那さんが登場します。撮影時の様子やインタビューを公開！

『プロ野球スピリッツ2024-2025』は、次世代の野球エンジン「eBaseball™ Engine」を搭載し、PlayStation®5とSteam®に対応。
「eBaseball™ Engine」は、球場で見るような打球の軌道、選手たちの必死な動作、歓喜を爆発させる大観衆など、スタジアム内のあらゆるモーションとサウンドを演出し、野球ゲームを新たな次元へと引き上げます。

詳しくは公式サイトをチェック
https://www.konami.com/games/prospi/2024-2025/

一般社団法人日本野球機構承認
Konami Digital Entertainment/WBCI  ©2024 SAMURAI JAPAN
日本プロ野球名球会公認  日本プロ野球OBクラブ公認  日本プロ野球外国人OB選手会公認  プロ野球フランチャイズ球場公認
ゲーム内に再現された球場内看板は、原則として2023年度プロ野球公式戦のデータを基に制作しています。
データは、Japan Baseball Data(株)が独自に収集したものであり、公式記録とは異なる場合があります。提供情報の手段を問わず、いかなる目的であれ無断で複製、転送、販売等を行う事を固く禁じます。
All other copyrights or trademarks are the property of their respective owners and are used under license.
©2024 Sony Interactive Entertainment Inc.“PlayStation”、 “PS5”は、株式会社ソニー・インタラクティブエンタテインメントの登録商標または商標です。
©2024 Valve Corporation. Steam及びSteamロゴは、米国及びまたはその他の国の…",2024-07-11,https://www.youtube.com/watch?v=HrdWA9MHDXw,UCWzEh28vj3mQKpe0fzVTOUw,パワプロ・プロスピ公式チャンネル,official_channel_side_scan_then_bounded_remainder,プロ野球スピリッツ;スピリッツ;prospi;プロ野球スピリッツ2024;ts;ob,title_explicitly_identifies_prospi,,True,26,26,yt-dlp --get-comments,requested_all_parents_all_replies_all_depth,,,OK,2026-08-14T16:45:13Z
Prospi,Q9scqsaYhb8,【10月17日 発売】動画クリエイターじゃなかったら、野球場で活躍する○○になりたい！森元流那さん：メイキング＆インタビュー『プロ野球スピリッツ2024-2025』,"“PLAYからFEELへ”『プロ野球スピリッツ2024-2025』（PlayStation®5、Steam®）10月17日発売！

プロ野球チームのＧＭ兼社長になる新モード「myBALLPARK」と1人のプロ野球選手になりきって球界のスターを目指す「スタープレイヤー」に、マルチに活躍するあのさんや雪平莉左さん、動画クリエイターの森元流那さんが登場します。撮影時の様子やインタビューを公開！

『プロ野球スピリッツ2024-2025』は、次世代の野球エンジン「eBaseball™ Engine」を搭載し、PlayStation®5とSteam®に対応。
「eBaseball™ Engine」は、球場で見るような打球の軌道、選手たちの必死な動作、歓喜を爆発させる大観衆など、スタジアム内のあらゆるモーションとサウンドを演出し、野球ゲームを新たな次元へと引き上げます。

詳しくは公式サイトをチェック
https://www.konami.com/games/prospi/2024-2025/

一般社団法人日本野球機構承認
Konami Digital Entertainment/WBCI  ©2024 SAMURAI JAPAN
日本プロ野球名球会公認  日本プロ野球OBクラブ公認  日本プロ野球外国人OB選手会公認  プロ野球フランチャイズ球場公認
ゲーム内に再現された球場内看板は、原則として2023年度プロ野球公式戦のデータを基に制作しています。
データは、Japan Baseball Data(株)が独自に収集したものであり、公式記録とは異なる場合があります。提供情報の手段を問わず、いかなる目的であれ無断で複製、転送、販売等を行う事を固く禁じます。
All other copyrights or trademarks are the property of their respective owners and are used under license.
©2024 Sony Interactive Entertainment Inc.“PlayStation”、 “PS5”は、株式会社ソニー・インタラクティブエンタテインメントの登録商標または商標です。
©2024 Valve Corporation. Steam及びSteamロゴは、米国及びまたはその他の国の…",2024-07-11,https://www.youtube.com/watch?v=Q9scqsaYhb8,UCWzEh28vj3mQKpe0fzVTOUw,パワプロ・プロスピ公式チャンネル,official_channel_side_scan_then_bounded_remainder,プロ野球スピリッツ;スピリッツ;prospi;プロ野球スピリッツ2024;ts;ob,title_explicitly_identifies_prospi,,True,23,23,yt-dlp --get-comments,requested_all_parents_all_replies_all_depth,,,OK,2026-08-14T16:45:31Z
Prospi,uo3DOM4QeG0,【10月17日 発売】プロスピを一緒にプレーするなら、ゲーム仲間の女優・○○さん！あのさん：メイキング＆インタビュー『プロ野球スピリッツ2024-2025』,"“PLAYからFEELへ”『プロ野球スピリッツ2024-2025』（PlayStation®5、Steam®）10月17日発売！

プロ野球チームのＧＭ兼社長になる新モード「myBALLPARK」と1人のプロ野球選手になりきって球界のスターを目指す「スタープレイヤー」に、マルチに活躍するあのさんや雪平莉左さん、動画クリエイターの森元流那さんが登場します。撮影時の様子やインタビューを公開！

『プロ野球スピリッツ2024-2025』は、次世代の野球エンジン「eBaseball™ Engine」を搭載し、PlayStation®5とSteam®に対応。
「eBaseball™ Engine」は、球場で見るような打球の軌道、選手たちの必死な動作、歓喜を爆発させる大観衆など、スタジアム内のあらゆるモーションとサウンドを演出し、野球ゲームを新たな次元へと引き上げます。

詳しくは公式サイトをチェック
https://www.konami.com/games/prospi/2024-2025/

一般社団法人日本野球機構承認
Konami Digital Entertainment/WBCI  ©2024 SAMURAI JAPAN
日本プロ野球名球会公認  日本プロ野球OBクラブ公認  日本プロ野球外国人OB選手会公認  プロ野球フランチャイズ球場公認
ゲーム内に再現された球場内看板は、原則として2023年度プロ野球公式戦のデータを基に制作しています。
データは、Japan Baseball Data(株)が独自に収集したものであり、公式記録とは異なる場合があります。提供情報の手段を問わず、いかなる目的であれ無断で複製、転送、販売等を行う事を固く禁じます。
All other copyrights or trademarks are the property of their respective owners and are used under license.
©2024 Sony Interactive Entertainment Inc.“PlayStation”、 “PS5”は、株式会社ソニー・インタラクティブエンタテインメントの登録商標または商標です。
©2024 Valve Corporation. Steam及びSteamロゴは、米国及びまたはその他の国の…",2024-07-11,https://www.youtube.com/watch?v=uo3DOM4QeG0,UCWzEh28vj3mQKpe0fzVTOUw,パワプロ・プロスピ公式チャンネル,official_channel_side_scan_then_bounded_remainder,プロスピ;プロ野球スピリッツ;スピリッツ;prospi;プロ野球スピリッツ2024;ts;ob,title_explicitly_identifies_prospi,,True,54,54,yt-dlp --get-comments,requested_all_parents_all_replies_all_depth,,,OK,2026-08-14T16:45:33Z
Prospi,MRdZJEeuXWc,『パワフルプロ野球2024-2025』レジェンドOB対決動画　マリーンズ 対 イーグルス,"“30年分のパワフルを。”
「パワフルプロ野球2024-2025」（Nintendo Switch™・PlayStation®4）7月18日発売！
公式サイト： https://www.konami.com/pawa/2024-2025/

パワプロ30周年特別企画「レジェンドOB対決」の
第一弾レジェンドOB対決「マリーンズ対イーグルス」の動画を公開しました！

里崎さんが「マリーンズ歴代レジェンドチーム」を、岩隈さんが「イーグルス歴代レジェンドチーム」を率いて「パワプロ2024」で対戦。

それぞれのレジェンドが活躍する「レジェンドOB対決」をお楽しみください！

さらに！
レジェンドのサインが入ったプレゼントキャンペーン開催！

【伝説のボール回し サインボールプレゼントキャンペーン】 
「レジェンドOB対決」を記念してXキャンペーンを開催！

・パワプロ・プロスピ公式アカウント（@pawapuro_pro）をフォローして、 対象のポストを「#パワプロ2024OB対決」をつけて、感想を添えてリポストしてください。
抽選で合計7名様にレジェンドOB15名のサインが入ったボールをプレゼント！

詳細は下記URLからご確認ください。
 https://www.konami.com/pawa/2024-2025/special


#パワプロ2024 #パワプロ2024OB対決

一般社団法人日本野球機構承認 Konami Digital Entertainment/WBCI ©2024 SAMURAI JAPAN
日本プロ野球名球会公認 日本プロ野球OBクラブ公認 日本プロ野球外国人OB選手会公認

プロ野球フランチャイズ球場公認 ゲーム内に再現された球場内看板は、原則として2023年度プロ野球公式戦のデータを基に制作しています。

データは、Japan Baseball Data(株)が独自に収集したものであり、公式記録とは異なる場合があります。

提供情報の手段を問わず、いかなる目的であれ無断で複製、転送、販売等を行うことを固く禁じます。

All other copyrights or trademarks are the property of their respective owners and are used under license.
©Kon…",2024-07-15,https://www.youtube.com/watch?v=MRdZJEeuXWc,UCWzEh28vj3mQKpe0fzVTOUw,パワプロ・プロスピ公式チャンネル,official_channel_side_scan_then_bounded_remainder,プロスピ;ts;ob,description_identifies_prospi_and_ability_or_update_context,,True,367,367,yt-dlp --get-comments,requested_all_parents_all_replies_all_depth,,,OK,2026-08-14T16:45:35Z
Prospi,2MPQJ70Tb9Q,『パワフルプロ野球2024-2025』レジェンドOB対決動画　ファイターズ 対 ドラゴンズ,"パワプロ30周年特別企画「レジェンドOB対決」第三弾
レジェンドOB対決「ファイターズ対ドラゴンズ」の動画を公開しました！

小笠原さんが「ファイターズ歴代レジェンドチーム」を、川上さんが「ドラゴンズ歴代レジェンドチーム」を率いて「パワプロ2024」で対戦。

それぞれのレジェンドが活躍する「レジェンドOB対決」をお楽しみください！

さらに！
レジェンドのサインが入ったプレゼントキャンペーン開催！

【伝説のボール回し サインボールプレゼントキャンペーン】
「レジェンドOB対決」を記念してXキャンペーンを開催！

・パワプロ・プロスピ公式アカウント（@pawapuro_pro）をフォローして、 対象のポストを「#パワプロ2024OB対決」をつけて、感想を添えてリポストしてください。
抽選で合計7名様にレジェンドOB15名のサインが入ったボールをプレゼント！

詳細は下記URLからご確認ください。
 https://www.konami.com/pawa/2024-2025/special


#パワプロ2024 #パワプロ2024OB対決

一般社団法人日本野球機構承認 Konami Digital Entertainment/WBCI ©2024 SAMURAI JAPAN
日本プロ野球名球会公認 日本プロ野球OBクラブ公認 日本プロ野球外国人OB選手会公認

プロ野球フランチャイズ球場公認 ゲーム内に再現された球場内看板は、原則として2023年度プロ野球公式戦のデータを基に制作しています。

データは、Japan Baseball Data(株)が独自に収集したものであり、公式記録とは異なる場合があります。

提供情報の手段を問わず、いかなる目的であれ無断で複製、転送、販売等を行うことを固く禁じます。

All other copyrights or trademarks are the property of their respective owners and are used under license.
©Konami Digital Entertainment",2024-07-17,https://www.youtube.com/watch?v=2MPQJ70Tb9Q,UCWzEh28vj3mQKpe0fzVTOUw,パワプロ・プロスピ公式チャンネル,official_channel_side_scan_then_bounded_remainder,プロスピ;ts;ob,description_identifies_prospi_and_ability_or_update_context,,True,279,279,yt-dlp --get-comments,requested_all_parents_all_replies_all_depth,,,OK,2026-08-14T16:45:42Z
Prospi,hN5K7B7nfNU,『パワフルプロ野球2024-2025』レジェンドOB対決動画　バファローズ 対 ホークス,"パワプロ30周年特別企画「レジェンドOB対決」第四弾
レジェンドOB対決「バファローズ 対 ホークス」の動画を公開しました！

糸井さんが「バファローズ歴代レジェンドチーム」を、森福さんが「ホークス歴代レジェンドチーム」を率いて「パワプロ2024」で対戦。

それぞれのレジェンドが活躍する「レジェンドOB対決」をお楽しみください！

さらに！
レジェンドのサインが入ったプレゼントキャンペーン開催！

【伝説のボール回し サインボールプレゼントキャンペーン】
「レジェンドOB対決」を記念してXキャンペーンを開催！

・パワプロ・プロスピ公式アカウント（@pawapuro_pro）をフォローして、 対象のポストを「#パワプロ2024OB対決」をつけて、感想を添えてリポストしてください。
抽選で合計7名様にレジェンドOB15名のサインが入ったボールをプレゼント！

詳細は下記URLからご確認ください。
 https://www.konami.com/pawa/2024-2025/special


#パワプロ2024 #パワプロ2024OB対決

一般社団法人日本野球機構承認 Konami Digital Entertainment/WBCI ©2024 SAMURAI JAPAN
日本プロ野球名球会公認 日本プロ野球OBクラブ公認 日本プロ野球外国人OB選手会公認

プロ野球フランチャイズ球場公認 ゲーム内に再現された球場内看板は、原則として2023年度プロ野球公式戦のデータを基に制作しています。

データは、Japan Baseball Data(株)が独自に収集したものであり、公式記録とは異なる場合があります。

提供情報の手段を問わず、いかなる目的であれ無断で複製、転送、販売等を行うことを固く禁じます。

All other copyrights or trademarks are the property of their respective owners and are used under license.
©Konami Digital Entertainment",2024-07-17,https://www.youtube.com/watch?v=hN5K7B7nfNU,UCWzEh28vj3mQKpe0fzVTOUw,パワプロ・プロスピ公式チャンネル,official_channel_side_scan_then_bounded_remainder,プロスピ;ts;ob,description_identifies_prospi_and_ability_or_update_context,,True,269,269,yt-dlp --get-comments,requested_all_parents_all_replies_all_depth,,,OK,2026-08-14T16:45:56Z
Prospi,2egN5kYxyio,『パワフルプロ野球2024-2025』レジェンドOB対決動画　大阪近鉄 対 南海 対 阪急,"“30年分のパワフルを。”
「パワフルプロ野球2024-2025」（Nintendo Switch™・PlayStation®4）7月18日発売！
公式サイト： https://www.konami.com/pawa/2024-2025/　

パワプロ30周年特別企画「レジェンドOB対決」の
第6弾はレジェンドOB対決、大阪近鉄 対 南海 対 阪急のオールド3球団対決！

それぞれのレジェンドが活躍する「レジェンドOB対決」をお楽しみください！

パワプロ2024では動画内で吉岡さん、山本さん、星野さんが語ってくれた思い出の一戦をはじめ
レジェンドOB15名のオリジナルシナリオを公開中なので是非、お楽しみください！

詳細はこちら
https://www.konami.com/pawa/2024-2025/special

また、レジェンドOBのサインが入ったプレゼントキャンペーン開催中です！

【伝説のボール回し サインボールプレゼントキャンペーン】
「レジェンドOB対決」を記念してXキャンペーンを開催！

・パワプロ・プロスピ公式アカウント（@pawapuro_pro）をフォローして、 対象のポストを「#パワプロ2024OB対決」をつけて、感想を添えてリポストしてください。
抽選で合計7名様にレジェンドOB15名のサインが入ったボールをプレゼント！

詳細は下記URLからご確認ください。
https://www.konami.com/pawa/2024-2025/special#ob_ball_cp


#パワプロ2024 #パワプロ2024OB対決

一般社団法人日本野球機構承認 Konami Digital Entertainment/WBCI ©2024 SAMURAI JAPAN
日本プロ野球名球会公認 日本プロ野球OBクラブ公認 日本プロ野球外国人OB選手会公認

プロ野球フランチャイズ球場公認 ゲーム内に再現された球場内看板は、原則として2023年度プロ野球公式戦のデータを基に制作しています。

データは、Japan Baseball Data(株)が独自に収集したものであり、公式記録とは異なる場合があります。

提供情報の手段を問わず、いかなる目的であれ無断で複製、転送、販売等を行うことを固く禁じます。

All other copyright…",2024-07-18,https://www.youtube.com/watch?v=2egN5kYxyio,UCWzEh28vj3mQKpe0fzVTOUw,パワプロ・プロスピ公式チャンネル,official_channel_side_scan_then_bounded_remainder,プロスピ;ts;ob,description_identifies_prospi_and_ability_or_update_context,,True,232,232,yt-dlp --get-comments,requested_all_parents_all_replies_all_depth,,,OK,2026-08-14T16:45:57Z
Prospi,m6O3gUWdZuM,『パワフルプロ野球2024-2025』レジェンドOB対決動画　カープ 対 ベイスターズ,"“30年分のパワフルを。”
「パワフルプロ野球2024-2025」（Nintendo Switch™・PlayStation®4）7月18日発売！
公式サイト： https://www.konami.com/pawa/2024-2025/

パワプロ30周年特別企画「レジェンドOB対決」の
第5弾レジェンドOB対決、野村さん率いる「ベイスターズ歴代レジェンドチーム」と
達川さん率いる「カープ歴代レジェンドチーム」の動画を公開しました。

パワプロ2024では動画内で野村さん、達川さんが語ってくれた思い出の一戦を
オリジナルシナリオとして公開中なので是非、お楽しみください！

詳細はこちら
https://www.konami.com/pawa/2024-2025/special

レジェンドOBのサインが入ったプレゼントキャンペーン開催中！

【伝説のボール回し サインボールプレゼントキャンペーン】
「レジェンドOB対決」を記念してXキャンペーンを開催！

・パワプロ・プロスピ公式アカウント（@pawapuro_pro）をフォローして、 対象のポストを「#パワプロ2024OB対決」をつけて、感想を添えてリポストしてください。
抽選で合計7名様にレジェンドOB15名のサインが入ったボールをプレゼント！

詳細は下記URLからご確認ください。
https://www.konami.com/pawa/2024-2025/special#ob_ball_cp

#パワプロ2024 #パワプロ2024OB対決

一般社団法人日本野球機構承認 Konami Digital Entertainment/WBCI ©2024 SAMURAI JAPAN
日本プロ野球名球会公認 日本プロ野球OBクラブ公認 日本プロ野球外国人OB選手会公認

プロ野球フランチャイズ球場公認 ゲーム内に再現された球場内看板は、原則として2023年度プロ野球公式戦のデータを基に制作しています。

データは、Japan Baseball Data(株)が独自に収集したものであり、公式記録とは異なる場合があります。

提供情報の手段を問わず、いかなる目的であれ無断で複製、転送、販売等を行うことを固く禁じます。

All other copyrights or trademarks are the prop…",2024-07-18,https://www.youtube.com/watch?v=m6O3gUWdZuM,UCWzEh28vj3mQKpe0fzVTOUw,パワプロ・プロスピ公式チャンネル,official_channel_side_scan_then_bounded_remainder,プロスピ;ts;ob,description_identifies_prospi_and_ability_or_update_context,,True,277,277,yt-dlp --get-comments,requested_all_parents_all_replies_all_depth,,,OK,2026-08-14T16:45:57Z
Prospi,-DHtzgiY6VQ,『パワフルプロ野球2024-2025』レジェンドOB対決動画　ジャイアンツ 対 タイガース,"“30年分のパワフルを。”
「パワフルプロ野球2024-2025」（Nintendo Switch™・PlayStation®4）好評発売中！
公式サイト： https://www.konami.com/pawa/2024-2025/

パワプロ30周年特別企画「レジェンドOB対決」の
ラストは第7弾レジェンドOB対決、槙原さん率いる「ジャイアンツ歴代レジェンドチーム」と井川さん率いる「タイガース歴代レジェンドチーム」の動画を公開しました。

それぞれのレジェンドが活躍する「レジェンドOB対決」をお楽しみください！

パワプロ2024では動画内で槙原さん、井川さんが語ってくれた思い出の一戦をはじめ
レジェンドOB15名のオリジナルシナリオを公開中なので是非、お楽しみください！

詳細はこちら
https://www.konami.com/pawa/2024-2025/special


また、レジェンドOBのサインが入ったプレゼントキャンペーン開催中です！

【伝説のボール回し サインボールプレゼントキャンペーン】
「レジェンドOB対決」を記念してXキャンペーンを開催！

・パワプロ・プロスピ公式アカウント（@pawapuro_pro）をフォローして、 対象のポストを「#パワプロ2024OB対決」をつけて、感想を添えてリポストしてください。
抽選で合計7名様にレジェンドOB15名のサインが入ったボールをプレゼント！

詳細は下記URLからご確認ください。
https://www.konami.com/pawa/2024-2025/special#ob_ball_cp


#パワプロ2024 #パワプロ2024OB対決

©︎阪神タイガース
一般社団法人日本野球機構承認 Konami Digital Entertainment/WBCI ©2024 SAMURAI JAPAN
日本プロ野球名球会公認 日本プロ野球OBクラブ公認 日本プロ野球外国人OB選手会公認

プロ野球フランチャイズ球場公認 ゲーム内に再現された球場内看板は、原則として2023年度プロ野球公式戦のデータを基に制作しています。

データは、Japan Baseball Data(株)が独自に収集したものであり、公式記録とは異なる場合があります。

提供情報の手段を問わず、いかなる目的であれ無断で複…",2024-07-22,https://www.youtube.com/watch?v=-DHtzgiY6VQ,UCWzEh28vj3mQKpe0fzVTOUw,パワプロ・プロスピ公式チャンネル,official_channel_side_scan_then_bounded_remainder,プロスピ;ts;ob,description_identifies_prospi_and_ability_or_update_context,,True,236,236,yt-dlp --get-comments,requested_all_parents_all_replies_all_depth,,,OK,2026-08-14T16:46:08Z
Prospi,jdfUYFjoQV0,セレクション登場選手 先行公開　レジェンドOB選手と語る【プロスピセレクション 20th SPIRITS】,"「2024 プロスピセレクション 20th SPIRITS」の選手が登場する特別なスカウト
「セレクションカーニバル」開催決定！
このセレクションは歴代プロ野球スピリッツのパッケージに掲載されていた選手から12名が選出！！
なんとこの動画で 2024セレクション 20th SPIRITS登場選手を先行公開します！

さらに球界のレジェンド小笠原道大さん・松中信彦さんと共に
プロスピシリーズのパッケージ選手になったシーズンを振り返る特別企画を実施！
プロスピA内の能力を基に当時のエピソードなどをお聞きします！

そして8月22日から変更されるパワーヒッター・プルヒッターを
 〓Ｖ．Ｉ．Ｐ〓さんと里崎智也さんがリアタイ対決で体験！
2人はいったいなにを語る！？

【出演者】
■ 松中 信彦 さん
■ 小笠原 道大 さん
■ 里崎 智也さん
■ 〓Ｖ．Ｉ．Ｐ〓さん
■ 槙嶋 範彦さん

「セレクションカーニバル」
期間：8月8日 (木) 15 : 00 ～ 8月16日 (金) 14 : 59
「2024プロスピセレクション 20th SPIRITS」のSランク選手が1人確定の無料10連スカウトも実施！！

※動画内で表示されている田中将大選手の画像、スピリッツはプロスピセレクションで登場するものと異なります。

▼プロスピAダウンロードはこちら https://app.adjust.com/1cxcykxx
▼プロスピA公式X https://x.com/prospiA_PR
▼プロスピA公式サイト https://www.konami.com/games/prospi_a/
一般社団法人日本野球機構承認 ©Konami Digital Entertainment",2024-08-07,https://www.youtube.com/watch?v=jdfUYFjoQV0,UCWzEh28vj3mQKpe0fzVTOUw,パワプロ・プロスピ公式チャンネル,official_channel_side_scan_then_bounded_remainder,プロスピ;プロ野球スピリッツ;スピリッツ;prospi;プロスピa;能力;セレクション;ts;ob;登場選手,title_explicitly_identifies_prospi,,True,1318,1318,yt-dlp --get-comments,requested_all_parents_all_replies_all_depth,,,OK,2026-08-14T16:46:10Z
Prospi,e5dwQoPyYsA,『プロ野球スピリッツ2024-2025』プロモーションムービー,"“PLAYからFEELへ”
「プロ野球スピリッツ2024-2025」（PlayStation®5、Steam®）10月17日発売！

次世代の野球エンジン「eBaseball™ Engine」を搭載し、PlayStation®5とSteam®に対応。

▼公式サイト
https://www.konami.com/games/prospi/2024-2025/

▼公式X
https://x.com/pawapuro_pro

※本映像には発売日に配信されるアップデートが反映されたものも含まれています

一般社団法人日本野球機構承認
Konami Digital Entertainment/WBCI  ©2024 SAMURAI JAPAN
日本プロ野球名球会公認  日本プロ野球OBクラブ公認  日本プロ野球外国人OB選手会公認  プロ野球フランチャイズ球場公認 Ⓒ阪神タイガース
ゲーム内に再現された球場内看板は、原則として2023年度プロ野球公式戦のデータを基に制作しています。
データは、Japan Baseball Data(株)が独自に収集したものであり、公式記録とは異なる場合があります。提供情報の手段を問わず、いかなる目的であれ無断で複製、転送、販売等を行う事を固く禁じます。
All other copyrights or trademarks are the property of their respective owners and are used under license.
©2024 Sony Interactive Entertainment Inc.“PlayStation”、 “PS5”は、株式会社ソニー・インタラクティブエンタテインメントの登録商標または商標です。
©2024 Valve Corporation. Steam及びSteamロゴは、米国及びまたはその他の国のValve Corporationの商標及びまたは登録商標です。
Unreal® is a trademark or registered trademark of Epic Games, Inc. in the United States of America and elsewhere
© Copyright 2009-2024 Techno-Speech, Inc.…",2024-09-11,https://www.youtube.com/watch?v=e5dwQoPyYsA,UCWzEh28vj3mQKpe0fzVTOUw,パワプロ・プロスピ公式チャンネル,official_channel_side_scan_then_bounded_remainder,プロ野球スピリッツ;スピリッツ;prospi;プロ野球スピリッツ2024;アップデート;ts;ob,title_explicitly_identifies_prospi,,True,1990,1990,yt-dlp --get-comments,requested_all_parents_all_replies_all_depth,,,OK,2026-08-14T16:46:13Z
Prospi,6P5Z1qOE_oM,イチローがプロスピ2024をプレイ！ KOBE CHIBEN VS オリックス・バファローズ 前編 『プロ野球スピリッツ2024-2025』,"“PLAYからFEELへ”
「プロ野球スピリッツ2024-2025」（PlayStation®5、Steam®）10月17日発売！

次世代の野球エンジン「eBaseball™ Engine」を搭載し、PlayStation®5とSteam®に対応。

イチローさんがプロスピ2024をプレイ！
現在のイチローさんの顔をゲーム内で再現した、
プレイ動画特別仕様でイチローさん率いるKOBE CHIBEN VS オリックス・バファローズの対決が実現！

▼イチロー×プロスピ2024
https://www.youtube.com/playlist?list=PLVkLJ-aYi8nJ35PMVsigy261HkGcvTdBJ

▼公式サイト
https://www.konami.com/games/prospi/2024-2025/

▼公式X
https://x.com/pawapuro_pro

※本映像は2024年1月末に収録されました
※一部、今回の企画用に特別に作成されたデータを使用しております

一般社団法人日本野球機構承認
Konami Digital Entertainment/WBCI  ©2024 SAMURAI JAPAN
日本プロ野球名球会公認  日本プロ野球OBクラブ公認  日本プロ野球外国人OB選手会公認  プロ野球フランチャイズ球場公認 Ⓒ阪神タイガース
ゲーム内に再現された球場内看板は、原則として2023年度プロ野球公式戦のデータを基に制作しています。
データは、Japan Baseball Data(株)が独自に収集したものであり、公式記録とは異なる場合があります。提供情報の手段を問わず、いかなる目的であれ無断で複製、転送、販売等を行う事を固く禁じます。
All other copyrights or trademarks are the property of their respective owners and are used under license.
©2024 Sony Interactive Entertainment Inc.“PlayStation”、 “PS5”は、株式会社ソニー・インタラクティブエンタテインメントの登録商標または商標です。
©2024 Valve Corporation. Steam及びSteam…",2024-09-20,https://www.youtube.com/watch?v=6P5Z1qOE_oM,UCWzEh28vj3mQKpe0fzVTOUw,パワプロ・プロスピ公式チャンネル,official_channel_side_scan_then_bounded_remainder,プロスピ;プロ野球スピリッツ;スピリッツ;prospi;プロスピ20;プロスピ2024;プロ野球スピリッツ2024;ts;ob,title_explicitly_identifies_prospi,,True,339,339,yt-dlp --get-comments,requested_all_parents_all_replies_all_depth,,,OK,2026-08-14T16:46:15Z
Prospi,77ysFGiQ5IM,イチローができるまで：MOTION CAPTURE MAKING #1 準備編 『プロ野球スピリッツ2024-2025』,"“PLAYからFEELへ”
「プロ野球スピリッツ2024-2025」（PlayStation®5、Steam®）10月17日発売！

次世代の野球エンジン「eBaseball™ Engine」を搭載し、PlayStation®5とSteam®に対応。

イチローさんがモーション収録を体験！
ここでしか見られない貴重なメイキング映像を公開！

▼イチロー×プロスピ2024
https://www.youtube.com/playlist?list=PLVkLJ-aYi8nJ35PMVsigy261HkGcvTdBJ

▼公式サイト
https://www.konami.com/games/prospi/2024-2025/

▼公式X
https://x.com/pawapuro_pro


一般社団法人日本野球機構承認
Konami Digital Entertainment/WBCI  ©2024 SAMURAI JAPAN
日本プロ野球名球会公認  日本プロ野球OBクラブ公認  日本プロ野球外国人OB選手会公認  プロ野球フランチャイズ球場公認 Ⓒ阪神タイガース
ゲーム内に再現された球場内看板は、原則として2023年度プロ野球公式戦のデータを基に制作しています。
データは、Japan Baseball Data(株)が独自に収集したものであり、公式記録とは異なる場合があります。提供情報の手段を問わず、いかなる目的であれ無断で複製、転送、販売等を行う事を固く禁じます。
All other copyrights or trademarks are the property of their respective owners and are used under license.
©2024 Sony Interactive Entertainment Inc.“PlayStation”、 “PS5”は、株式会社ソニー・インタラクティブエンタテインメントの登録商標または商標です。
©2024 Valve Corporation. Steam及びSteamロゴは、米国及びまたはその他の国のValve Corporationの商標及びまたは登録商標です。
Unreal® is a trademark or registered trademark of Epic Gam…",2024-09-20,https://www.youtube.com/watch?v=77ysFGiQ5IM,UCWzEh28vj3mQKpe0fzVTOUw,パワプロ・プロスピ公式チャンネル,official_channel_side_scan_then_bounded_remainder,プロスピ;プロ野球スピリッツ;スピリッツ;prospi;プロスピ20;プロスピ2024;プロ野球スピリッツ2024;ts;ob,title_explicitly_identifies_prospi,,True,30,30,yt-dlp --get-comments,requested_all_parents_all_replies_all_depth,,,OK,2026-08-14T16:46:15Z
Prospi,n0rZ1IrWtIA,イチローができるまで：MOTION CAPTURE MAKING #2 バッティング編 『プロ野球スピリッツ2024-2025』,"“PLAYからFEELへ”
「プロ野球スピリッツ2024-2025」（PlayStation®5、Steam®）10月17日発売！

次世代の野球エンジン「eBaseball™ Engine」を搭載し、PlayStation®5とSteam®に対応。

イチローさんがモーション収録を体験！
ここでしか見られない貴重なメイキング映像を公開！

▼イチロー×プロスピ2024
https://www.youtube.com/playlist?list=PLVkLJ-aYi8nJ35PMVsigy261HkGcvTdBJ

▼公式サイト
https://www.konami.com/games/prospi/2024-2025/

▼公式X
https://x.com/pawapuro_pro


一般社団法人日本野球機構承認
Konami Digital Entertainment/WBCI  ©2024 SAMURAI JAPAN
日本プロ野球名球会公認  日本プロ野球OBクラブ公認  日本プロ野球外国人OB選手会公認  プロ野球フランチャイズ球場公認 Ⓒ阪神タイガース
ゲーム内に再現された球場内看板は、原則として2023年度プロ野球公式戦のデータを基に制作しています。
データは、Japan Baseball Data(株)が独自に収集したものであり、公式記録とは異なる場合があります。提供情報の手段を問わず、いかなる目的であれ無断で複製、転送、販売等を行う事を固く禁じます。
All other copyrights or trademarks are the property of their respective owners and are used under license.
©2024 Sony Interactive Entertainment Inc.“PlayStation”、 “PS5”は、株式会社ソニー・インタラクティブエンタテインメントの登録商標または商標です。
©2024 Valve Corporation. Steam及びSteamロゴは、米国及びまたはその他の国のValve Corporationの商標及びまたは登録商標です。
Unreal® is a trademark or registered trademark of Epic Gam…",2024-09-20,https://www.youtube.com/watch?v=n0rZ1IrWtIA,UCWzEh28vj3mQKpe0fzVTOUw,パワプロ・プロスピ公式チャンネル,official_channel_side_scan_then_bounded_remainder,プロスピ;プロ野球スピリッツ;スピリッツ;prospi;プロスピ20;プロスピ2024;プロ野球スピリッツ2024;ts;ob,title_explicitly_identifies_prospi,,True,108,108,yt-dlp --get-comments,requested_all_parents_all_replies_all_depth,,,OK,2026-08-14T16:46:22Z
Prospi,oLYNhSCWjS0,イチローができるまで：3Dフォトスキャンメイキング 『プロ野球スピリッツ2024-2025』,"“PLAYからFEELへ”
「プロ野球スピリッツ2024-2025」（PlayStation®5、Steam®）10月17日発売！

次世代の野球エンジン「eBaseball™ Engine」を搭載し、PlayStation®5とSteam®に対応。

イチローさんがモーション収録を体験！
ここでしか見られない貴重なメイキング映像を公開！

▼イチロー×プロスピ2024
https://www.youtube.com/playlist?list=PLVkLJ-aYi8nJ35PMVsigy261HkGcvTdBJ

▼公式サイト
https://www.konami.com/games/prospi/2024-2025/

▼公式X
https://x.com/pawapuro_pro

一般社団法人日本野球機構承認
Konami Digital Entertainment/WBCI  ©2024 SAMURAI JAPAN
日本プロ野球名球会公認  日本プロ野球OBクラブ公認  日本プロ野球外国人OB選手会公認  プロ野球フランチャイズ球場公認 Ⓒ阪神タイガース
ゲーム内に再現された球場内看板は、原則として2023年度プロ野球公式戦のデータを基に制作しています。
データは、Japan Baseball Data(株)が独自に収集したものであり、公式記録とは異なる場合があります。提供情報の手段を問わず、いかなる目的であれ無断で複製、転送、販売等を行う事を固く禁じます。
All other copyrights or trademarks are the property of their respective owners and are used under license.
©2024 Sony Interactive Entertainment Inc.“PlayStation”、 “PS5”は、株式会社ソニー・インタラクティブエンタテインメントの登録商標または商標です。
©2024 Valve Corporation. Steam及びSteamロゴは、米国及びまたはその他の国のValve Corporationの商標及びまたは登録商標です。
Unreal® is a trademark or registered trademark of Epic Game…",2024-09-20,https://www.youtube.com/watch?v=oLYNhSCWjS0,UCWzEh28vj3mQKpe0fzVTOUw,パワプロ・プロスピ公式チャンネル,official_channel_side_scan_then_bounded_remainder,プロスピ;プロ野球スピリッツ;スピリッツ;prospi;プロスピ20;プロスピ2024;プロ野球スピリッツ2024;ts;ob,title_explicitly_identifies_prospi,,True,13,13,yt-dlp --get-comments,requested_all_parents_all_replies_all_depth,,,OK,2026-08-14T16:46:22Z
Prospi,opjfeVgrOs4,イチローがプロスピ2024をプレイ！ KOBE CHIBEN VS オリックス・バファローズ 後編 『プロ野球スピリッツ2024-2025』,"“PLAYからFEELへ”
「プロ野球スピリッツ2024-2025」（PlayStation®5、Steam®）10月17日発売！

次世代の野球エンジン「eBaseball™ Engine」を搭載し、PlayStation®5とSteam®に対応。

イチローさんがプロスピ2024をプレイ！
現在のイチローさんの顔をゲーム内で再現した、
プレイ動画特別仕様でイチローさん率いるKOBE CHIBEN VS オリックス・バファローズの対決が実現！

▼イチロー×プロスピ2024
https://www.youtube.com/playlist?list=PLVkLJ-aYi8nJ35PMVsigy261HkGcvTdBJ

▼公式サイト
https://www.konami.com/games/prospi/2024-2025/

▼公式X
https://x.com/pawapuro_pro

※本映像は2024年1月末に収録されました
※一部、今回の企画用に特別に作成されたデータを使用しております

一般社団法人日本野球機構承認
Konami Digital Entertainment/WBCI  ©2024 SAMURAI JAPAN
日本プロ野球名球会公認  日本プロ野球OBクラブ公認  日本プロ野球外国人OB選手会公認  プロ野球フランチャイズ球場公認 Ⓒ阪神タイガース
ゲーム内に再現された球場内看板は、原則として2023年度プロ野球公式戦のデータを基に制作しています。
データは、Japan Baseball Data(株)が独自に収集したものであり、公式記録とは異なる場合があります。提供情報の手段を問わず、いかなる目的であれ無断で複製、転送、販売等を行う事を固く禁じます。
All other copyrights or trademarks are the property of their respective owners and are used under license.
©2024 Sony Interactive Entertainment Inc.“PlayStation”、 “PS5”は、株式会社ソニー・インタラクティブエンタテインメントの登録商標または商標です。
©2024 Valve Corporation. Steam及びSteam…",2024-09-20,https://www.youtube.com/watch?v=opjfeVgrOs4,UCWzEh28vj3mQKpe0fzVTOUw,パワプロ・プロスピ公式チャンネル,official_channel_side_scan_then_bounded_remainder,プロスピ;プロ野球スピリッツ;スピリッツ;prospi;プロスピ20;プロスピ2024;プロ野球スピリッツ2024;ts;ob,title_explicitly_identifies_prospi,,True,510,510,yt-dlp --get-comments,requested_all_parents_all_replies_all_depth,,,OK,2026-08-14T16:46:26Z
Prospi,q4AsOr1aNCk,イチローができるまで：MOTION CAPTURE MAKING #3 守備・投球編 『プロ野球スピリッツ2024-2025』,"“PLAYからFEELへ”
「プロ野球スピリッツ2024-2025」（PlayStation®5、Steam®）10月17日発売！

次世代の野球エンジン「eBaseball™ Engine」を搭載し、PlayStation®5とSteam®に対応。

イチローさんがモーション収録を体験！
ここでしか見られない貴重なメイキング映像を公開！

▼イチロー×プロスピ2024
https://www.youtube.com/playlist?list=PLVkLJ-aYi8nJ35PMVsigy261HkGcvTdBJ

▼公式サイト
https://www.konami.com/games/prospi/2024-2025/

▼公式X
https://x.com/pawapuro_pro


一般社団法人日本野球機構承認
Konami Digital Entertainment/WBCI  ©2024 SAMURAI JAPAN
日本プロ野球名球会公認  日本プロ野球OBクラブ公認  日本プロ野球外国人OB選手会公認  プロ野球フランチャイズ球場公認 Ⓒ阪神タイガース
ゲーム内に再現された球場内看板は、原則として2023年度プロ野球公式戦のデータを基に制作しています。
データは、Japan Baseball Data(株)が独自に収集したものであり、公式記録とは異なる場合があります。提供情報の手段を問わず、いかなる目的であれ無断で複製、転送、販売等を行う事を固く禁じます。
All other copyrights or trademarks are the property of their respective owners and are used under license.
©2024 Sony Interactive Entertainment Inc.“PlayStation”、 “PS5”は、株式会社ソニー・インタラクティブエンタテインメントの登録商標または商標です。
©2024 Valve Corporation. Steam及びSteamロゴは、米国及びまたはその他の国のValve Corporationの商標及びまたは登録商標です。
Unreal® is a trademark or registered trademark of Epic Gam…",2024-09-20,https://www.youtube.com/watch?v=q4AsOr1aNCk,UCWzEh28vj3mQKpe0fzVTOUw,パワプロ・プロスピ公式チャンネル,official_channel_side_scan_then_bounded_remainder,プロスピ;プロ野球スピリッツ;スピリッツ;prospi;プロスピ20;プロスピ2024;プロ野球スピリッツ2024;ts;ob,title_explicitly_identifies_prospi,,True,48,48,yt-dlp --get-comments,requested_all_parents_all_replies_all_depth,,,OK,2026-08-14T16:46:29Z
Prospi,pcf3nWd3XOc,イチローが球団社長に！？ プロスピ2024 「ｍyBALLPARK」 編 『プロ野球スピリッツ2024-2025』,"“PLAYからFEELへ”
「プロ野球スピリッツ2024-2025」（PlayStation®5、Steam®）10月17日発売！
次世代の野球エンジン「eBaseball™ Engine」を搭載し、PlayStation®5とSteam®に対応。

球団社長イチローが誕生！？
イチローさんが新モード「myBALLPARK」で、理想の球団経営を語る！

https://www.youtube.com/playlist?list=PLVkLJ-aYi8nJ35PMVsigy261HkGcvTdBJ
▼公式サイト
https://www.konami.com/games/prospi/2024-2025/

▼公式X
https://x.com/pawapuro_pro

※本映像は2024年1月末に収録されました
※一部、今回の企画用に特別に作成されたデータを使用しております


一般社団法人日本野球機構承認
Konami Digital Entertainment/WBCI  ©2024 SAMURAI JAPAN
日本プロ野球名球会公認  日本プロ野球OBクラブ公認  日本プロ野球外国人OB選手会公認  プロ野球フランチャイズ球場公認 Ⓒ阪神タイガース
ゲーム内に再現された球場内看板は、原則として2023年度プロ野球公式戦のデータを基に制作しています。
データは、Japan Baseball Data(株)が独自に収集したものであり、公式記録とは異なる場合があります。提供情報の手段を問わず、いかなる目的であれ無断で複製、転送、販売等を行う事を固く禁じます。
All other copyrights or trademarks are the property of their respective owners and are used under license.
©2024 Sony Interactive Entertainment Inc.“PlayStation”、 “PS5”は、株式会社ソニー・インタラクティブエンタテインメントの登録商標または商標です。
©2024 Valve Corporation. Steam及びSteamロゴは、米国及びまたはその他の国のValve Corporationの商標及びまたは登録商標です。
Unreal® is a …",2024-10-04,https://www.youtube.com/watch?v=pcf3nWd3XOc,UCWzEh28vj3mQKpe0fzVTOUw,パワプロ・プロスピ公式チャンネル,official_channel_side_scan_then_bounded_remainder,プロスピ;プロ野球スピリッツ;スピリッツ;prospi;プロスピ20;プロスピ2024;プロ野球スピリッツ2024;ts;ob,title_explicitly_identifies_prospi,,True,161,161,yt-dlp --get-comments,requested_all_parents_all_replies_all_depth,,,OK,2026-08-14T16:46:32Z
Prospi,nXfOipyoX6k,『プロ野球スピリッツ2024-2025』大谷翔平ができるまで,"“PLAYからFEELへ”
「プロ野球スピリッツ2024-2025」（PlayStation®5、Steam®）10月17日発売！

次世代の野球エンジン「eBaseball™ Engine」を搭載し、PlayStation®5とSteam®に対応。

▼公式サイト
https://www.konami.com/games/prospi/2024-2025/

▼公式X
https://x.com/pawapuro_pro

※本映像には発売日に配信されるアップデートが反映されたものも含まれています


一般社団法人日本野球機構承認
Konami Digital Entertainment/WBCI  ©2024 SAMURAI JAPAN
日本プロ野球名球会公認  日本プロ野球OBクラブ公認  日本プロ野球外国人OB選手会公認  プロ野球フランチャイズ球場公認 Ⓒ阪神タイガース
ゲーム内に再現された球場内看板は、原則として2023年度プロ野球公式戦のデータを基に制作しています。
データは、Japan Baseball Data(株)が独自に収集したものであり、公式記録とは異なる場合があります。提供情報の手段を問わず、いかなる目的であれ無断で複製、転送、販売等を行う事を固く禁じます。
All other copyrights or trademarks are the property of their respective owners and are used under license.
©2024 Sony Interactive Entertainment Inc.“PlayStation”、 “PS5”は、株式会社ソニー・インタラクティブエンタテインメントの登録商標または商標です。
©2024 Valve Corporation. Steam及びSteamロゴは、米国及びまたはその他の国のValve Corporationの商標及びまたは登録商標です。
Unreal® is a trademark or registered trademark of Epic Games, Inc. in the United States of America and elsewhere
© Copyright 2009-2024 Techno-Speech, In…",2024-10-11,https://www.youtube.com/watch?v=nXfOipyoX6k,UCWzEh28vj3mQKpe0fzVTOUw,パワプロ・プロスピ公式チャンネル,official_channel_side_scan_then_bounded_remainder,プロ野球スピリッツ;スピリッツ;prospi;プロ野球スピリッツ2024;アップデート;ts;ob,title_explicitly_identifies_prospi,,True,148,148,yt-dlp --get-comments,requested_all_parents_all_replies_all_depth,,,OK,2026-08-14T16:46:32Z
Prospi,ZlhjLHzUt0A,大谷翔平選手 登場記念『プロ野球スピリッツA』CMメイキング＆インタビュー,"KONAMI野球ゲームアンバサダー＃大谷翔平 選手が＃プロ野球スピリッツA に登場！

「2023 WORLD BASEBALL CLASSIC™ 」当時を振り返る貴重なインタビューや、TVCM撮影時に監督に演技指導を受ける姿を記録した貴重なメイキング映像を公開。
「パワーはSでいいんじゃないですか」と自信の能力値について語る＃大谷翔平 選手は必見です！

▼新CM 野球が日本を元気にする編はこちら
https://youtu.be/Oh4JGCYUfD4

▼新CM 頂点へ編はこちら
https://youtu.be/FymIQ2WjaGw

▼プロスピA ダウンロードはこちら
https://app.adjust.com/1hr0qvby

▼プロスピA 公式Xはこちら
https://x.com/prospiA_PR

▼エナジーがお得に買えるコナミの公式WEBストア
https://pawaspi-point.konami.net/general/prospi_games_store?utm_source=youtube&utm_medium=social&utm_content=9th_20241014&utm_campaign=web_store_prospiags


一般社団法人日本野球機構承認
Konami Digital Entertainment/WBCI
ⓒ2024 SAMURAI JAPAN
©世界野球ソフトボール連盟
日本プロ野球名球会公認
日本プロ野球OBクラブ公認
日本プロ野球外国人OB選手会公認
プロ野球フランチャイズ球場公認
ゲーム内に再現された球場内看板は、原則として2023年度プロ野球公式戦のデータを基に制作しています。
データは、Japan Baseball Data(株)が独自に収集したものであり、公式記録とは異なる場合があります。提供情報の手段を問わず、いかなる目的であれ無断で複製、転送、販売等を行う事を固く禁じます
Getty Images
All other copyrights or trademarks are the property of their respective owners and are used under license.
©Konami Digital Entertainment",2024-10-21,https://www.youtube.com/watch?v=ZlhjLHzUt0A,UCWzEh28vj3mQKpe0fzVTOUw,パワプロ・プロスピ公式チャンネル,official_channel_side_scan_then_bounded_remainder,プロスピ;プロ野球スピリッツ;スピリッツ;prospi;プロスピa;プロ野球スピリッツa;能力;能力値;ts;ob,title_explicitly_identifies_prospi,,True,194,194,yt-dlp --get-comments,requested_all_parents_all_replies_all_depth,,,OK,2026-08-14T16:46:38Z
Prospi,qVl61GKQNhE,プロスピAで規格外の二刀流を体感しよう！【2023WORLD BASEBALL CLASSIC 大谷翔平登場記念特別企画】,"2023 WORLD BASEBALL CLASSIC™  の活躍を反映した新能力で大谷翔平選手が登場！

ゲストや2023 WORLD BASEBALL CLASSIC™のチームメイトだった西武 源田壮亮選手と中日 髙橋宏斗選手のインタビューなどで大会を振り返ります。

さらに大谷翔平選手ご本人へのインタビューも公開！2023 WORLD BASEBALL CLASSIC™の思い出や自身の能力値へ対する感想をお聞きしました。

番組内では新能力値も初公開！！
新しくなった大谷翔平選手は一体どんな能力になるのか・・・

動画の最後には新・大谷翔平選手を使用して〓V.I.P〓さんやトータルテンボスさんがリアタイ対決で検証します！

※動画内で投球フォームの変化について言及がございますが、2023年3月に登場しました侍ジャパン選手「2022 Series2 大谷翔平」からは投球フォームに変更ございません。

【出演者】
■ トータルテンボス さん
■〓V.I.P〓さん
■ CLAY さん
■ サワ さん
■ 槇嶋 範彦 さん


▼プロスピA ダウンロードはこちら
https://app.adjust.com/19wljzb4

▼プロスピA 公式Xはこちら
https://x.com/prospiA_PR

▼エナジーがお得に買えるコナミの公式WEBストア
https://pawaspi-point.konami.net/general/prospi_games_store?utm_source=youtube&utm_medium=social&utm_content=9th_20241014&utm_campaign=web_store_prospiags


※動画内で公開されている『2024OB「ワールドチャレンジャー」大谷　翔平（投手）』の能力に誤りがありましたのでお知らせいたします。

 ①投手パラメータに一部誤りがある
24:05 大谷翔平選手の球威・制球・スタミナの数値に誤りがございました。
正しくは球威86・制球77・スタミナ83となります。

② 特殊能力「規格外(投手)」の情報に誤りがある
31:46「規格外(投手)」の効果について、動画内で「※3点差以内のリリーフ登板回のみ有効」の記載が「打者のパワー中DOWN」に対する説明であるとの言及がござ…",2024-10-21,https://www.youtube.com/watch?v=qVl61GKQNhE,UCWzEh28vj3mQKpe0fzVTOUw,パワプロ・プロスピ公式チャンネル,official_channel_side_scan_then_bounded_remainder,プロスピ;prospi;プロスピa;能力;能力値;ts;ob,title_explicitly_identifies_prospi,,True,1310,1310,yt-dlp --get-comments,requested_all_parents_all_replies_all_depth,,,OK,2026-08-14T16:46:48Z
Prospi,ZXlGM3LIxOc,【プロ野球スピリッツA】古田・里崎セレクション 登場選手発表 セ・リーグ編,"古田さん、里崎さんが選ぶOBが登場する「古田×里崎セレクション」の開催が決定！

「古田×里崎セレクション」は今までのセレクションとは一味違い古田さん、里崎さんお二人から見た登場選手たちの活躍やエピソード、思い出などが一部の選手の能力値に反映！

球界を代表するレジェンドキャッチャーのお二人が選ぶ珠玉の12選手。
セ・リーグ編選手発表動画を公開しました！
一体どんな選手が選ばれ、そしてなにが語られるのか・・・

■出演者（敬称略）
#古田敦也
#里崎智也
#槇嶋範彦

気になるパ・リーグ編は25日(水)19時発表！
お楽しみに！

▼プロスピA ダウンロードはこちら
https://app.adjust.com/19wljzb4

▼プロスピA 公式Xはこちら
https://x.com/prospiA_PR

▼エナジーがお得に買えるコナミの公式WEBストア
https://pawaspi-point.konami.net/gene...


一般社団法人日本野球機構承認
Konami Digital Entertainment/WBCI
ⓒ2024 SAMURAI JAPAN
©世界野球ソフトボール連盟
日本プロ野球名球会公認
日本プロ野球OBクラブ公認
日本プロ野球外国人OB選手会公認
プロ野球フランチャイズ球場公認
ゲーム内に再現された球場内看板は、原則として2023年度プロ野球公式戦のデータを基に制作しています。
データは、Japan Baseball Data(株)が独自に収集したものであり、公式記録とは異なる場合があります。提供情報の手段を問わず、いかなる目的であれ無断で複製、転送、販売等を行う事を固く禁じます
Getty Images
All other copyrights or trademarks are the property of their respective owners and are used under license.
©Konami Digital Entertainment

#プロスピa",2024-12-24,https://www.youtube.com/watch?v=ZXlGM3LIxOc,UCWzEh28vj3mQKpe0fzVTOUw,パワプロ・プロスピ公式チャンネル,official_channel_side_scan_then_bounded_remainder,プロスピ;プロ野球スピリッツ;スピリッツ;prospi;プロスピa;プロ野球スピリッツa;能力;能力値;選手発表;セレクション;ts;ob;登場選手,title_explicitly_identifies_prospi,,True,1124,1124,yt-dlp --get-comments,requested_all_parents_all_replies_all_depth,,,OK,2026-08-14T16:46:49Z
Prospi,t-0dgSQckqQ,【プロ野球スピリッツA】古田・里崎セレクション 登場選手発表 パ・リーグ編,"「古田×里崎セレクション登場選手発表 パ・リーグ編」公開！
ついに待望の企画が実現！
レジェンドキャッチャーの2人が選ぶOB選手とは！？

今回はパ・リーグ編！
パ・リーグにて捕手として大活躍された里崎さんが選ぶ6人の選手を遂に発表！！
当時のエピソードも盛りだくさん！！

遂にあの選手が登場？！
#プロスピA 初登場の瞬間を絶対に見逃すな！

12月26日(木) にはセレクション12人の選手能力を公開する
【プロ野球スピリッツA】古田・里崎セレクション 能力値発表編を公開予定です！
こちらもお見逃しなく！

■出演者(敬称略)
#古田敦也
#里崎智也
#槇嶋範彦

▼プロスピA ダウンロードはこちら
https://app.adjust.com/19wljzb4

▼プロスピA 公式Xはこちら
https://x.com/prospiA_PR

▼エナジーがお得に買えるコナミの公式WEBストア
https://pawaspi-point.konami.net/gene...

一般社団法人日本野球機構承認
Konami Digital Entertainment/WBCI
ⓒ2024 SAMURAI JAPAN
©世界野球ソフトボール連盟
日本プロ野球名球会公認
日本プロ野球OBクラブ公認
日本プロ野球外国人OB選手会公認
プロ野球フランチャイズ球場公認
ゲーム内に再現された球場内看板は、原則として2023年度プロ野球公式戦のデータを基に制作しています。
データは、Japan Baseball Data(株)が独自に収集したものであり、公式記録とは異なる場合があります。提供情報の手段を問わず、いかなる目的であれ無断で複製、転送、販売等を行う事を固く禁じます
Getty Images
All other copyrights or trademarks are the property of their respective owners and are used under license.
©Konami Digital Entertainment",2024-12-25,https://www.youtube.com/watch?v=t-0dgSQckqQ,UCWzEh28vj3mQKpe0fzVTOUw,パワプロ・プロスピ公式チャンネル,official_channel_side_scan_then_bounded_remainder,プロスピ;プロ野球スピリッツ;スピリッツ;prospi;プロスピa;プロ野球スピリッツa;能力;能力値;選手発表;セレクション;ts;ob;登場選手,title_explicitly_identifies_prospi,,True,1021,1021,yt-dlp --get-comments,requested_all_parents_all_replies_all_depth,,,OK,2026-08-14T16:46:56Z
Prospi,-t3uaS6tKok,【プロ野球スピリッツA】古田・里崎セレクション 能力値発表編,"「セ・リーグ編」、「パ・リーグ編」にて
古田さん、里崎さんの選んだ12選手の能力値が遂に公開！！

お二人が語った当時の活躍やエピソードを一部反映した選手たちは一体どんな能力値になったのか・・・。
プロスピA初登場清原和博選手の能力値にも注目！！

古田・里崎セレクションは12月27日(金)15:00から開催決定！
詳しくは動画をチェック！

■出演者（敬称略）
#古田敦也
#里崎智也
#VIP
#清水久嗣

▼プロスピA ダウンロードはこちら
https://app.adjust.com/19wljzb4

▼プロスピA 公式Xはこちら
https://x.com/prospiA_PR

▼エナジーがお得に買えるコナミの公式WEBストア
https://pawaspi-point.konami.net/gene...


一般社団法人日本野球機構承認
Konami Digital Entertainment/WBCI
ⓒ2024 SAMURAI JAPAN
©世界野球ソフトボール連盟
日本プロ野球名球会公認
日本プロ野球OBクラブ公認
日本プロ野球外国人OB選手会公認
プロ野球フランチャイズ球場公認
ゲーム内に再現された球場内看板は、原則として2023年度プロ野球公式戦のデータを基に制作しています。
データは、Japan Baseball Data(株)が独自に収集したものであり、公式記録とは異なる場合があります。提供情報の手段を問わず、いかなる目的であれ無断で複製、転送、販売等を行う事を固く禁じます
Getty Images
All other copyrights or trademarks are the property of their respective owners and are used under license.
©Konami Digital Entertainment

#プロスピa",2024-12-26,https://www.youtube.com/watch?v=-t3uaS6tKok,UCWzEh28vj3mQKpe0fzVTOUw,パワプロ・プロスピ公式チャンネル,official_channel_side_scan_then_bounded_remainder,プロスピ;プロ野球スピリッツ;スピリッツ;prospi;プロスピa;プロ野球スピリッツa;能力;能力値;セレクション;ts;ob,title_explicitly_identifies_prospi,,True,1446,1446,yt-dlp --get-comments,requested_all_parents_all_replies_all_depth,,,OK,2026-08-14T16:46:56Z
Prospi,yrIsbjxOHQs,大谷選手直筆サイングッズ・ドジャース観戦 in LAが当たる！【パワスピ・ポイントクラブ】,"パワスピ・ポイントクラブにて #大谷翔平 選手のサイングッズや観戦ツアーが当たるキャンペーンを実施中！

・大谷選手 直筆サインボール（1名様）
・大谷選手 直筆サイン調子くんぬいぐるみ（1名様）
・JTB LA観戦ツアー（ペア1組様）
が当たるチャンス！

配信中のモバイルゲーム『プロ野球スピリッツA』、『実況パワフルプロ野球』、『パワフルプロ野球 栄冠ナイン クロスロード』、『eBaseball™: MLB PRO SPIRIT』をプレーして、キャンペーンに応募しよう！

▼詳細はパワスピ・ポイントクラブをチェック▼
https://pawaspi-point.konami.net/campaign/detail/campaign_2025_03a

応募期間：3/12(水)10:00～3/31(月)23:59
※必ずキャンペーン規約をご確認の上ご応募ください。
※本キャンペーンは18歳未満の方は対象外です。

Major League Baseball trademarks and copyrights are used with permission of Major League Baseball. Visit MLB.com.  Getty Images  Any other marks used herein are trademarks of their respective owners.  ©Konami Digital Entertainment",2025-03-12,https://www.youtube.com/watch?v=yrIsbjxOHQs,UCWzEh28vj3mQKpe0fzVTOUw,パワプロ・プロスピ公式チャンネル,official_channel_side_scan_then_bounded_remainder,プロ野球スピリッツ;スピリッツ;プロ野球スピリッツa;ts,description_identifies_prospi_and_ability_or_update_context,,True,22,22,yt-dlp --get-comments,requested_all_parents_all_replies_all_depth,,,OK,2026-08-14T16:47:05Z
Prospi,av7vqGoVtcY,プロ野球スピリッツA PV 2025年度版,"「3Dスキャン」技術を採用し、リアルな選手の見た目やフォームをゲーム内で実現。
スマホとは思えない美麗なグラフィックと、スマホならではの手軽な操作で野球アクションを楽しむことができる本格プロ野球ゲームアプリ。
実在のプロ野球選手を収集・育成して最強のチームを作り上げよう！
そして、リアルタイム対戦の機能も搭載。友だちと一緒にプロスピAを楽しもう！

プロスピA公式X   / prospia_pr​​
プロスピA公式Instagram   / prospi_a_official
プロスピA公式サイト https://www.konami.com/games/prospi_a/​​
ダウンロードはこちら https://app.adjust.com/na48l57",2025-03-25,https://www.youtube.com/watch?v=av7vqGoVtcY,UCWzEh28vj3mQKpe0fzVTOUw,パワプロ・プロスピ公式チャンネル,official_channel_side_scan_then_bounded_remainder,プロスピ;プロ野球スピリッツ;スピリッツ;prospi;プロスピa;プロ野球スピリッツa,title_explicitly_identifies_prospi,,True,36,36,yt-dlp --get-comments,requested_all_parents_all_replies_all_depth,,,OK,2026-08-14T16:47:12Z
Prospi,18tbwwPM91A,新・松井秀喜登場記念！ 松井秀喜×イチロー特別対談【プロ野球スピリッツA】,"日本とアメリカで活躍した松井秀喜選手が、2025年4月1日(火)から新特殊能力で登場します。
「新・松井秀喜」の登場を記念して、「松井秀喜×イチロー特別対談」動画を公開！
イチローさんから見た松井秀喜選手の印象は、まさに天才！？
なぜイチローさんが松井秀喜選手を天才と評したのか、、、
さらに 新・松井秀喜選手が持つ新特殊能力の詳細も動画内で紹介！
ぜひ本編をご覧ください！

▼プロスピAダウンロードはこちらから
https://app.adjust.com/1me4946o

▼ゲーム内の最新情報をお届け！プロスピA公式Xはこちら
https://x.com/prospiA_PR",2025-03-28,https://www.youtube.com/watch?v=18tbwwPM91A,UCWzEh28vj3mQKpe0fzVTOUw,パワプロ・プロスピ公式チャンネル,official_channel_side_scan_then_bounded_remainder,プロスピ;プロ野球スピリッツ;スピリッツ;prospi;プロスピa;プロ野球スピリッツa;能力,title_explicitly_identifies_prospi,,True,1120,1120,yt-dlp --get-comments,requested_all_parents_all_replies_all_depth,,,OK,2026-08-14T16:47:20Z
Prospi,gn972-2UigM,イチローが新特殊能力でプロスピAに登場！ 松井秀喜は当時イチローをどう思っていた？特別対談 vol.2 【プロ野球スピリッツA】,"日米通算4367安打を記録したイチロー選手が、2025年5月16日(金)から新特殊能力で登場します。
「新・イチロー」の登場を記念して、「イチロー×松井秀喜 特別対談」の第2弾動画を公開！

「変化球を待って、真っ直ぐを対応する」スタイルのイチロー選手。
松井秀喜さんはイチロー選手を「特殊能力だらけ」「全てに特化している」と評する。
その真意とは！？

さらに新・イチロー選手が持つ新特殊能力の詳細も動画内で紹介！
ぜひ本編をご覧ください！

▼プロスピAダウンロードはこちら
https://app.adjust.com/1ohnnqkr

▼ゲーム内の最新情報をお届け！プロスピA公式Xはこちら
https://x.com/prospiA_PR",2025-05-15,https://www.youtube.com/watch?v=gn972-2UigM,UCWzEh28vj3mQKpe0fzVTOUw,パワプロ・プロスピ公式チャンネル,official_channel_side_scan_then_bounded_remainder,プロスピ;プロ野球スピリッツ;スピリッツ;prospi;プロスピa;プロ野球スピリッツa;能力,title_explicitly_identifies_prospi,,True,940,940,yt-dlp --get-comments,requested_all_parents_all_replies_all_depth,,,OK,2026-08-14T16:47:34Z
Prospi,-VNj79TGAyE,イチローが唯一とんでもない空振りをした投手とは！？2025OB松井秀喜セレクション選手発表 パ・リーグ編【プロスピA】,"松井秀喜さんが12球団から1人ずつ選んだ選手が登場する2025 OB 松井秀喜セレクションの開催が決定！

2025年6月13日(金)からゲーム内に登場します。

セレクションの開催を記念して、松井秀喜さんがセレクションに登場するパ・リーグの選手たちの発表と思い出を語るスペシャル動画を公開！

イチローさんが唯一とんでもない空振りをした〇〇選手など、、、
一体だれが選ばれたのか詳細はぜひ本編をチェック！

セ・リーグ編は6月12日(木) 21:00からプレミア公開予定！

▼プロスピAダウンロードはこちら
https://app.adjust.com/1p8g0qtu

▼プロスピA公式X
https://x.com/prospiA_PR

▼プロスピA公式サイト
https://www.konami.com/games/prospi_a/

一般社団法人日本野球機構承認  ©Konami Digital Entertainment",2025-06-11,https://www.youtube.com/watch?v=-VNj79TGAyE,UCWzEh28vj3mQKpe0fzVTOUw,パワプロ・プロスピ公式チャンネル,official_channel_side_scan_then_bounded_remainder,プロスピ;prospi;プロスピa;選手発表;セレクション;ob,title_explicitly_identifies_prospi,,True,1124,1124,yt-dlp --get-comments,requested_all_parents_all_replies_all_depth,,,OK,2026-08-14T16:47:41Z
Prospi,1VjtE7UuJFU,松井秀喜が打席で唯一意識させられたキャッチャーとは！？2025OB松井秀喜セレクション選手発表 セ・リーグ編【プロスピA】,"松井秀喜さんが12球団から1人ずつ選んだ選手が登場する2025 OB 松井秀喜セレクションの開催が決定！

2025年6月13日(金)からゲーム内に登場します。


セレクション登場選手発表動画第2弾、セ・リーグ編を公開！
松井秀喜さんが打席に入るとき、唯一意識したというキャッチャーは一体誰か・・・！
詳細は動画をチェックしてください！

▼プロスピAダウンロードはこちら
https://app.adjust.com/1pnv0xs9

▼プロスピA公式X
https://x.com/prospiA_PR

▼プロスピA公式サイト
https://www.konami.com/games/prospi_a/

一般社団法人日本野球機構承認  ©Konami Digital Entertainment",2025-06-12,https://www.youtube.com/watch?v=1VjtE7UuJFU,UCWzEh28vj3mQKpe0fzVTOUw,パワプロ・プロスピ公式チャンネル,official_channel_side_scan_then_bounded_remainder,プロスピ;prospi;プロスピa;選手発表;セレクション;ob;登場選手,title_explicitly_identifies_prospi,,True,1161,1161,yt-dlp --get-comments,requested_all_parents_all_replies_all_depth,,,OK,2026-08-14T16:47:49Z
Prospi,YTqml_AWv6M,プロスピセレクション第1弾、第2弾選手発表！ プロスピAニュース 第1回【プロ野球スピリッツA】,"プロスピAの最新情報を約10分でお届けする新番組「プロスピAニュース」略して「スピニュース」の第1回を配信！

第1回配信では、プロスピセレクション第1弾、第2弾の登場選手を発表！
シーズン前半で活躍した選手たちの中から一体だれが選ばれるのか。

スピニュース 配信記念キャンペーンも実施中！
キャンペーンに参加して5エナジーをGETしよう！
※ゲーム内お知らせから動画にアクセスする必要があります。
※詳細はゲーム内お知らせをご確認ください。

▼プロスピAダウンロードはこちら
https://app.adjust.com/1qtdbfne

▼プロスピA公式X
https://x.com/prospiA_PR

▼プロスピA公式サイト
https://www.konami.com/games/prospi_a/

一般社団法人日本野球機構承認  ©Konami Digital Entertainment",2025-07-24,https://www.youtube.com/watch?v=YTqml_AWv6M,UCWzEh28vj3mQKpe0fzVTOUw,パワプロ・プロスピ公式チャンネル,official_channel_side_scan_then_bounded_remainder,プロスピ;プロ野球スピリッツ;スピリッツ;prospi;プロスピa;プロ野球スピリッツa;選手発表;セレクション;登場選手,title_explicitly_identifies_prospi,,True,1804,1804,yt-dlp --get-comments,requested_all_parents_all_replies_all_depth,,,OK,2026-08-14T16:47:51Z
Prospi,dQSB1FfiAH8,まだ登録してないの！？もっとお得にパワプロ・プロスピAを遊べる！パワスピ・ポイントクラブPV,"もっとお得にパワプロやプロスピAで遊べる！
パワスピ・ポイントクラブの登録はお済ですか？

ゲームで遊んでポイントを貯めるとゲーム内アイテムやノベルティに交換可能！
ガチャ券や契約書など豪華ゲーム内アイテムもラインナップにあるんです！

まだ登録していないあなたは損してる・・・！？
この機会にぜひご登録ください！

▼パワスピ・ポイントクラブはこちら
https://pawaspi-point.konami.net/",2025-09-25,https://www.youtube.com/watch?v=dQSB1FfiAH8,UCWzEh28vj3mQKpe0fzVTOUw,パワプロ・プロスピ公式チャンネル,official_channel_side_scan_then_bounded_remainder,プロスピ;プロスピa,title_explicitly_identifies_prospi,,True,91,91,yt-dlp --get-comments,requested_all_parents_all_replies_all_depth,,,OK,2026-08-14T16:47:55Z
Prospi,-1gkOWAxI1c,10周年を振り返ろう！ダルビッシュと作るプロスピA年表【プロスピA】,"プロスピAの10年間の年表をダルビッシュ選手と作ろう！
2015年リリース当初から2025年に至るまで、プロスピAの10年間の歴史をダルビッシュ選手・〓V.I.P〓さん・CLAYさんと一緒に振り返ります。

▼出演者
ダルビッシュ有選手
〓V.I.P〓
CLAY

▼プロスピAダウンロードはこちら
https://app.adjust.com/1qtdbfne

▼プロスピA公式X
https://x.com/prospiA_PR

▼プロスピA公式サイト
https://www.konami.com/games/prospi_a/

一般社団法人日本野球機構承認  ©Konami Digital Entertainment",2025-10-20,https://www.youtube.com/watch?v=-1gkOWAxI1c,UCWzEh28vj3mQKpe0fzVTOUw,パワプロ・プロスピ公式チャンネル,official_channel_side_scan_then_bounded_remainder,プロスピ;prospi;プロスピa,title_explicitly_identifies_prospi,,True,277,277,yt-dlp --get-comments,requested_all_parents_all_replies_all_depth,,,OK,2026-08-14T16:48:03Z
Prospi,wCbxuVhK56A,ダルビッシュが選ぶOB選手12名！2025OBセレクションSPダルビッシュセレクション選手発表【プロスピA】,"2025OBセレクションSP ダルビッシュセレクションの選手を発表！

世界で活躍するダルビッシュ選手が選ぶ珠玉の12選手が登場するダルビッシュセレクション。
ダルビッシュ選手が1番憧れると語ったあの選手や駆け引き必須のあのバッターなど選手発表と選出理由をダルビッシュ選手ご自身に語っていただきます。

2025年のダルビッシュセレクションでは一体どんな選手が選ばれるのか、詳細は動画をチェック！

▼プロスピAダウンロードはこちら
https://app.adjust.com/1qtdbfne

▼プロスピA公式X
https://x.com/prospiA_PR

▼プロスピA公式サイト
https://www.konami.com/games/prospi_a/

一般社団法人日本野球機構承認  ©Konami Digital Entertainment",2025-10-22,https://www.youtube.com/watch?v=wCbxuVhK56A,UCWzEh28vj3mQKpe0fzVTOUw,パワプロ・プロスピ公式チャンネル,official_channel_side_scan_then_bounded_remainder,プロスピ;prospi;プロスピa;選手発表;セレクション;ob,title_explicitly_identifies_prospi,,True,1831,1831,yt-dlp --get-comments,requested_all_parents_all_replies_all_depth,,,OK,2026-08-14T16:48:04Z
Prospi,f4KsZVHUmYs,プロ野球スピリッツA PV 2026年度版,"「3Dスキャン」技術を採用し、リアルな選手の見た目やフォームをゲーム内で実現。
スマホとは思えない美麗なグラフィックと、スマホならではの手軽な操作で野球アクションを楽しむことができる本格プロ野球ゲームアプリ。
実在のプロ野球選手を収集・育成して最強のチームを作り上げよう！
そして、リアルタイム対戦の機能も搭載。友だちと一緒にプロスピAを楽しもう！

プロスピA公式X   / https://x.com/prospiA_PR
プロスピA公式サイト https://www.konami.com/games/prospi_a/
ダウンロードはこちら https://app.adjust.com/na48l57",2026-04-22,https://www.youtube.com/watch?v=f4KsZVHUmYs,UCWzEh28vj3mQKpe0fzVTOUw,パワプロ・プロスピ公式チャンネル,official_channel_side_scan_then_bounded_remainder,プロスピ;プロ野球スピリッツ;スピリッツ;prospi;プロスピa;プロ野球スピリッツa,title_explicitly_identifies_prospi,,True,25,25,yt-dlp --get-comments,requested_all_parents_all_replies_all_depth,,,OK,2026-08-14T16:48:17Z
Prospi,_h4nmi7mWdg,阪神タイガース 村上頌樹 投手 VS 森下翔太 選手 プロスピAで対決！【エキサイティングプレイヤースペシャルマッチ】,"#プロスピA エキサイティングプレイヤースペシャルマッチ
プロ野球現役選手による「プロスピA」ガチ対決動画！！

#村上頌樹 投手 VS #森下翔太 選手

全12球団の対決動画はこちら
https://www.youtube.com/playlist?list=PLVkLJ-aYi8nJSB7zaomx2Oo7OQULFzTDe

◤￣￣￣￣￣￣￣￣￣￣￣￣￣￣￣￣￣￣￣
エキサイティングプレイヤーセレクション開催決定！

第1弾：2026年5月28日(木)15:00～6月4日(木)14:59
第2弾：2026年6月4日(木)15:00～6月12日(金)14:59
＿＿＿＿＿＿＿＿＿＿＿＿＿＿＿＿＿＿＿＿◢

プロスピA公式X / https://x.com/prospiA_PR
プロスピA公式サイト https://www.konami.com/games/prospi_a/
ダウンロードはこちら https://app.adjust.com/20adns30",2026-05-16,https://www.youtube.com/watch?v=_h4nmi7mWdg,UCWzEh28vj3mQKpe0fzVTOUw,パワプロ・プロスピ公式チャンネル,official_channel_side_scan_then_bounded_remainder,プロスピ;prospi;プロスピa;セレクション;エキサイティング,title_explicitly_identifies_prospi,,True,731,731,yt-dlp --get-comments,requested_all_parents_all_replies_all_depth,,,OK,2026-08-14T16:48:20Z
Prospi,nzmHFRWHr30,オリックス・バファローズ 山岡泰輔 投手 VS 曽谷龍平 投手 プロスピAで対決！【エキサイティングプレイヤースペシャルマッチ】,"#プロスピA エキサイティングプレイヤースペシャルマッチ
プロ野球現役選手による「プロスピA」ガチ対決動画！！

#山岡泰輔 投手 VS #曽谷龍平 投手

全12球団の対決動画はこちら
https://www.youtube.com/playlist?list=PLVkLJ-aYi8nJSB7zaomx2Oo7OQULFzTDe

◤￣￣￣￣￣￣￣￣￣￣￣￣￣￣￣￣￣￣￣
エキサイティングプレイヤーセレクション開催決定！

第1弾：2026年5月28日(木)15:00～6月4日(木)14:59
第2弾：2026年6月4日(木)15:00～6月12日(金)14:59
＿＿＿＿＿＿＿＿＿＿＿＿＿＿＿＿＿＿＿＿◢

プロスピA公式X / https://x.com/prospiA_PR
プロスピA公式サイト https://www.konami.com/games/prospi_a/
ダウンロードはこちら https://app.adjust.com/20adns30",2026-05-17,https://www.youtube.com/watch?v=nzmHFRWHr30,UCWzEh28vj3mQKpe0fzVTOUw,パワプロ・プロスピ公式チャンネル,official_channel_side_scan_then_bounded_remainder,プロスピ;prospi;プロスピa;セレクション;エキサイティング,title_explicitly_identifies_prospi,,True,228,228,yt-dlp --get-comments,requested_all_parents_all_replies_all_depth,,,OK,2026-08-14T16:48:22Z
Prospi,9W_JWgJJS7s,読売ジャイアンツ 大勢 投手 VS 泉口友汰 選手 プロスピAで対決！【エキサイティングプレイヤースペシャルマッチ】,"#プロスピA エキサイティングプレイヤースペシャルマッチ
プロ野球現役選手による「プロスピA」ガチ対決動画！！

#大勢 投手 VS #泉口友汰 選手

全12球団の対決動画はこちら
https://www.youtube.com/playlist?list=PLVkLJ-aYi8nJSB7zaomx2Oo7OQULFzTDe

◤￣￣￣￣￣￣￣￣￣￣￣￣￣￣￣￣￣￣￣
エキサイティングプレイヤーセレクション開催決定！

第1弾：2026年5月28日(木)15:00～6月4日(木)14:59
第2弾：2026年6月4日(木)15:00～6月12日(金)14:59
＿＿＿＿＿＿＿＿＿＿＿＿＿＿＿＿＿＿＿＿◢

プロスピA公式X / https://x.com/prospiA_PR
プロスピA公式サイト https://www.konami.com/games/prospi_a/
ダウンロードはこちら https://app.adjust.com/20adns30",2026-05-18,https://www.youtube.com/watch?v=9W_JWgJJS7s,UCWzEh28vj3mQKpe0fzVTOUw,パワプロ・プロスピ公式チャンネル,official_channel_side_scan_then_bounded_remainder,プロスピ;prospi;プロスピa;セレクション;エキサイティング,title_explicitly_identifies_prospi,,True,377,377,yt-dlp --get-comments,requested_all_parents_all_replies_all_depth,,,OK,2026-08-14T16:48:26Z
Prospi,zGF4VfGcAwk,埼玉西武ライオンズ 甲斐野央 投手 VS 山田陽翔 投手 プロスピAで対決！【エキサイティングプレイヤースペシャルマッチ】,"#プロスピA エキサイティングプレイヤースペシャルマッチ
プロ野球現役選手による「プロスピA」ガチ対決動画！！

#甲斐野央 投手 VS #山田陽翔 投手

全12球団の対決動画はこちら
https://www.youtube.com/playlist?list=PLVkLJ-aYi8nJSB7zaomx2Oo7OQULFzTDe

◤￣￣￣￣￣￣￣￣￣￣￣￣￣￣￣￣￣￣￣
エキサイティングプレイヤーセレクション開催決定！

第1弾：2026年5月28日(木)15:00～6月4日(木)14:59
第2弾：2026年6月4日(木)15:00～6月12日(金)14:59
＿＿＿＿＿＿＿＿＿＿＿＿＿＿＿＿＿＿＿＿◢

プロスピA公式X / https://x.com/prospiA_PR
プロスピA公式サイト https://www.konami.com/games/prospi_a/
ダウンロードはこちら https://app.adjust.com/20adns30",2026-05-19,https://www.youtube.com/watch?v=zGF4VfGcAwk,UCWzEh28vj3mQKpe0fzVTOUw,パワプロ・プロスピ公式チャンネル,official_channel_side_scan_then_bounded_remainder,プロスピ;prospi;プロスピa;セレクション;エキサイティング,title_explicitly_identifies_prospi,,True,671,671,yt-dlp --get-comments,requested_all_parents_all_replies_all_depth,,,OK,2026-08-14T16:48:30Z
Prospi,D5Fg3e-E_QY,東京ヤクルト 星知弥 投手 VS 長岡秀樹 選手 プロスピAで対決！【エキサイティングプレイヤースペシャルマッチ】,"#プロスピA エキサイティングプレイヤースペシャルマッチ
プロ野球現役選手による「プロスピA」ガチ対決動画！！

#星知弥 投手 VS #長岡秀樹 選手

全12球団の対決動画はこちら
https://www.youtube.com/playlist?list=PLVkLJ-aYi8nJSB7zaomx2Oo7OQULFzTDe

◤￣￣￣￣￣￣￣￣￣￣￣￣￣￣￣￣￣￣￣
エキサイティングプレイヤーセレクション開催決定！

第1弾：2026年5月28日(木)15:00～6月4日(木)14:59
第2弾：2026年6月4日(木)15:00～6月12日(金)14:59
＿＿＿＿＿＿＿＿＿＿＿＿＿＿＿＿＿＿＿＿◢

プロスピA公式X / https://x.com/prospiA_PR
プロスピA公式サイト https://www.konami.com/games/prospi_a/
ダウンロードはこちら https://app.adjust.com/20adns30

※5/26 更新
一部表記に誤りがあった為訂正いたしました
兵藤てつ兄　⇒　兵頭てつ兄",2026-05-20,https://www.youtube.com/watch?v=D5Fg3e-E_QY,UCWzEh28vj3mQKpe0fzVTOUw,パワプロ・プロスピ公式チャンネル,official_channel_side_scan_then_bounded_remainder,プロスピ;prospi;プロスピa;更新;セレクション;エキサイティング,title_explicitly_identifies_prospi,,True,298,298,yt-dlp --get-comments,requested_all_parents_all_replies_all_depth,,,OK,2026-08-14T16:48:32Z
Prospi,vm6AgZD-vMM,東北楽天ゴールデンイーグルス 中島大輔 選手 VS 宗山塁 選手 プロスピAで対決！【エキサイティングプレイヤースペシャルマッチ】,"#プロスピA エキサイティングプレイヤースペシャルマッチ
プロ野球現役選手による「プロスピA」ガチ対決動画！！

#中島大輔 選手 VS #宗山塁 選手

全12球団の対決動画はこちら
https://www.youtube.com/playlist?list=PLVkLJ-aYi8nJSB7zaomx2Oo7OQULFzTDe

◤￣￣￣￣￣￣￣￣￣￣￣￣￣￣￣￣￣￣￣
エキサイティングプレイヤーセレクション開催決定！

第1弾：2026年5月28日(木)15:00～6月4日(木)14:59
第2弾：2026年6月4日(木)15:00～6月12日(金)14:59
＿＿＿＿＿＿＿＿＿＿＿＿＿＿＿＿＿＿＿＿◢

プロスピA公式X / https://x.com/prospiA_PR
プロスピA公式サイト https://www.konami.com/games/prospi_a/
ダウンロードはこちら https://app.adjust.com/20adns30",2026-05-21,https://www.youtube.com/watch?v=vm6AgZD-vMM,UCWzEh28vj3mQKpe0fzVTOUw,パワプロ・プロスピ公式チャンネル,official_channel_side_scan_then_bounded_remainder,プロスピ;prospi;プロスピa;セレクション;エキサイティング,title_explicitly_identifies_prospi,,True,345,345,yt-dlp --get-comments,requested_all_parents_all_replies_all_depth,,,OK,2026-08-14T16:48:40Z
Prospi,2UxAd74t9CY,中日ドラゴンズ 清水達也 投手 VS 金丸夢斗 投手 プロスピAで対決！【エキサイティングプレイヤースペシャルマッチ】,"#プロスピA エキサイティングプレイヤースペシャルマッチ
プロ野球現役選手による「プロスピA」ガチ対決動画！！

#清水達也 投手 VS #金丸夢斗 投手

全12球団の対決動画はこちら
https://www.youtube.com/playlist?list=PLVkLJ-aYi8nJSB7zaomx2Oo7OQULFzTDe

◤￣￣￣￣￣￣￣￣￣￣￣￣￣￣￣￣￣￣￣
エキサイティングプレイヤーセレクション開催決定！

第1弾：2026年5月28日(木)15:00～6月4日(木)14:59
第2弾：2026年6月4日(木)15:00～6月12日(金)14:59
＿＿＿＿＿＿＿＿＿＿＿＿＿＿＿＿＿＿＿＿◢

プロスピA公式X / https://x.com/prospiA_PR
プロスピA公式サイト https://www.konami.com/games/prospi_a/
ダウンロードはこちら https://app.adjust.com/20adns30",2026-05-22,https://www.youtube.com/watch?v=2UxAd74t9CY,UCWzEh28vj3mQKpe0fzVTOUw,パワプロ・プロスピ公式チャンネル,official_channel_side_scan_then_bounded_remainder,プロスピ;prospi;プロスピa;セレクション;エキサイティング,title_explicitly_identifies_prospi,,True,298,298,yt-dlp --get-comments,requested_all_parents_all_replies_all_depth,,,OK,2026-08-14T16:48:42Z
Prospi,dBlFvhlQNXc,北海道日本ハムファイターズ レイエス 選手 VS 五十幡亮汰 選手 プロスピAで対決！【エキサイティングプレイヤースペシャルマッチ】,"#プロスピA エキサイティングプレイヤースペシャルマッチ
プロ野球現役選手による「プロスピA」ガチ対決動画！！

#レイエス 選手 VS #五十幡亮汰 選手

全12球団の対決動画はこちら
https://www.youtube.com/playlist?list=PLVkLJ-aYi8nJSB7zaomx2Oo7OQULFzTDe

◤￣￣￣￣￣￣￣￣￣￣￣￣￣￣￣￣￣￣￣
エキサイティングプレイヤーセレクション開催決定！

第1弾：2026年5月28日(木)15:00～6月4日(木)14:59
第2弾：2026年6月4日(木)15:00～6月12日(金)14:59
＿＿＿＿＿＿＿＿＿＿＿＿＿＿＿＿＿＿＿＿◢

プロスピA公式X / https://x.com/prospiA_PR
プロスピA公式サイト https://www.konami.com/games/prospi_a/
ダウンロードはこちら https://app.adjust.com/20adns30",2026-05-23,https://www.youtube.com/watch?v=dBlFvhlQNXc,UCWzEh28vj3mQKpe0fzVTOUw,パワプロ・プロスピ公式チャンネル,official_channel_side_scan_then_bounded_remainder,プロスピ;prospi;プロスピa;セレクション;エキサイティング,title_explicitly_identifies_prospi,,True,407,407,yt-dlp --get-comments,requested_all_parents_all_replies_all_depth,,,OK,2026-08-14T16:48:45Z
Prospi,lug1RWbPMwI,広島東洋カープ ファビアン 選手 VS モンテロ 選手 プロスピAで対決！【エキサイティングプレイヤースペシャルマッチ】,"#プロスピA エキサイティングプレイヤースペシャルマッチ
プロ野球現役選手による「プロスピA」ガチ対決動画！！

#ファビアン 選手 VS #モンテロ 選手

全12球団の対決動画はこちら
https://www.youtube.com/playlist?list=PLVkLJ-aYi8nJSB7zaomx2Oo7OQULFzTDe

◤￣￣￣￣￣￣￣￣￣￣￣￣￣￣￣￣￣￣￣
エキサイティングプレイヤーセレクション開催決定！

第1弾：2026年5月28日(木)15:00～6月4日(木)14:59
第2弾：2026年6月4日(木)15:00～6月12日(金)14:59
＿＿＿＿＿＿＿＿＿＿＿＿＿＿＿＿＿＿＿＿◢

プロスピA公式X / https://x.com/prospiA_PR
プロスピA公式サイト https://www.konami.com/games/prospi_a/
ダウンロードはこちら https://app.adjust.com/20adns30",2026-05-24,https://www.youtube.com/watch?v=lug1RWbPMwI,UCWzEh28vj3mQKpe0fzVTOUw,パワプロ・プロスピ公式チャンネル,official_channel_side_scan_then_bounded_remainder,プロスピ;prospi;プロスピa;セレクション;エキサイティング,title_explicitly_identifies_prospi,,True,624,624,yt-dlp --get-comments,requested_all_parents_all_replies_all_depth,,,OK,2026-08-14T16:48:48Z
Prospi,RqUAGcmp6z8,新スカウト情報発表！プロスピA ニュース【スピニュース】,"プロスピAの最新情報をお届けする番組「プロスピAニュース」略して「スピニュース」を配信！

今回は気になる新スカウトの情報を公開します！

特別ゲストとして真中満さんをお招き！
真中さんと言えば…？

▼プロスピAダウンロードはこちら
https://app.adjust.com/1qtdbfne

▼プロスピA公式X
https://x.com/prospiA_PR

▼プロスピA公式サイト
https://www.konami.com/games/prospi_a/

一般社団法人日本野球機構承認  ©Konami Digital Entertainment",2026-06-25,https://www.youtube.com/watch?v=RqUAGcmp6z8,UCWzEh28vj3mQKpe0fzVTOUw,パワプロ・プロスピ公式チャンネル,official_channel_side_scan_then_bounded_remainder,プロスピ;prospi;プロスピa,title_explicitly_identifies_prospi,,True,1810,1810,yt-dlp --get-comments,requested_all_parents_all_replies_all_depth,,,OK,2026-08-14T16:48:56Z
\n
