raw_id,player,measurement_era,metric,value,unit,evidence_class,source_manifest_id,source_tier,canonicality,bank_acceptance_status,rejection_reason,source_url,notes
R00001,草部真秀,2022,50M_STANDING_START_SECONDS,6.93,seconds,STANDARDIZED_SHORT_DISTANCE,samurai_university_2022_06_19,C_UNVERIFIED_FULL_TABLE,CANONICAL_SOURCE_RECORD,REJECTED_SOURCE_TIER,REJECTED_TIER_C_FULL_TABLE_NOT_INDEPENDENTLY_VERIFIED,https://www.youtube.com/watch?v=fC8_8iA7Cao,Raw value retained; only the official 2022 top five are admitted from this otherwise third-party full table.
R00002,吉田元登,2022,50M_STANDING_START_SECONDS,6.93,seconds,STANDARDIZED_SHORT_DISTANCE,samurai_university_2022_06_19,C_UNVERIFIED_FULL_TABLE,CANONICAL_SOURCE_RECORD,REJECTED_SOURCE_TIER,REJECTED_TIER_C_FULL_TABLE_NOT_INDEPENDENTLY_VERIFIED,https://www.youtube.com/watch?v=fC8_8iA7Cao,Raw value retained; only the official 2022 top five are admitted from this otherwise third-party full table.
R00003,上崎彰吾,2022,50M_STANDING_START_SECONDS,6.82,seconds,STANDARDIZED_SHORT_DISTANCE,samurai_university_2022_06_19,C_UNVERIFIED_FULL_TABLE,CANONICAL_SOURCE_RECORD,REJECTED_SOURCE_TIER,REJECTED_TIER_C_FULL_TABLE_NOT_INDEPENDENTLY_VERIFIED,https://www.youtube.com/watch?v=fC8_8iA7Cao,Raw value retained; only the official 2022 top five are admitted from this otherwise third-party full table.
R00004,有馬諒,2022,50M_STANDING_START_SECONDS,6.76,seconds,STANDARDIZED_SHORT_DISTANCE,samurai_university_2022_06_19,C_UNVERIFIED_FULL_TABLE,CANONICAL_SOURCE_RECORD,REJECTED_SOURCE_TIER,REJECTED_TIER_C_FULL_TABLE_NOT_INDEPENDENTLY_VERIFIED,https://www.youtube.com/watch?v=fC8_8iA7Cao,Raw value retained; only the official 2022 top five are admitted from this otherwise third-party full table.
R00005,山下滉介,2022,50M_STANDING_START_SECONDS,6.75,seconds,STANDARDIZED_SHORT_DISTANCE,samurai_university_2022_06_19,C_UNVERIFIED_FULL_TABLE,CANONICAL_SOURCE_RECORD,REJECTED_SOURCE_TIER,REJECTED_TIER_C_FULL_TABLE_NOT_INDEPENDENTLY_VERIFIED,https://www.youtube.com/watch?v=fC8_8iA7Cao,Raw value retained; only the official 2022 top five are admitted from this otherwise third-party full table.
R00006,野口泰司,2022,50M_STANDING_START_SECONDS,6.7,seconds,STANDARDIZED_SHORT_DISTANCE,samurai_university_2022_06_19,C_UNVERIFIED_FULL_TABLE,CANONICAL_SOURCE_RECORD,REJECTED_SOURCE_TIER,REJECTED_TIER_C_FULL_TABLE_NOT_INDEPENDENTLY_VERIFIED,https://www.youtube.com/watch?v=fC8_8iA7Cao,Raw value retained; only the official 2022 top five are admitted from this otherwise third-party full table.
R00007,伊藤雄紀,2022,50M_STANDING_START_SECONDS,6.68,seconds,STANDARDIZED_SHORT_DISTANCE,samurai_university_2022_06_19,C_UNVERIFIED_FULL_TABLE,CANONICAL_SOURCE_RECORD,REJECTED_SOURCE_TIER,REJECTED_TIER_C_FULL_TABLE_NOT_INDEPENDENTLY_VERIFIED,https://www.youtube.com/watch?v=fC8_8iA7Cao,Raw value retained; only the official 2022 top five are admitted from this otherwise third-party full table.
R00008,水島滉陽,2022,50M_STANDING_START_SECONDS,6.66,seconds,STANDARDIZED_SHORT_DISTANCE,samurai_university_2022_06_19,C_UNVERIFIED_FULL_TABLE,CANONICAL_SOURCE_RECORD,REJECTED_SOURCE_TIER,REJECTED_TIER_C_FULL_TABLE_NOT_INDEPENDENTLY_VERIFIED,https://www.youtube.com/watch?v=fC8_8iA7Cao,Raw value retained; only the official 2022 top five are admitted from this otherwise third-party full table.
R00009,山田健太,2022,50M_STANDING_START_SECONDS,6.62,seconds,STANDARDIZED_SHORT_DISTANCE,samurai_university_2022_06_19,C_UNVERIFIED_FULL_TABLE,CANONICAL_SOURCE_RECORD,REJECTED_SOURCE_TIER,REJECTED_TIER_C_FULL_TABLE_NOT_INDEPENDENTLY_VERIFIED,https://www.youtube.com/watch?v=fC8_8iA7Cao,Raw value retained; only the official 2022 top five are admitted from this otherwise third-party full table.
R00010,進藤勇也,2022,50M_STANDING_START_SECONDS,6.59,seconds,STANDARDIZED_SHORT_DISTANCE,samurai_university_2022_06_19,C_UNVERIFIED_FULL_TABLE,CANONICAL_SOURCE_RECORD,REJECTED_SOURCE_TIER,REJECTED_TIER_C_FULL_TABLE_NOT_INDEPENDENTLY_VERIFIED,https://www.youtube.com/watch?v=fC8_8iA7Cao,Raw value retained; only the official 2022 top five are admitted from this otherwise third-party full table.
R00011,小中健蔵,2022,50M_STANDING_START_SECONDS,6.58,seconds,STANDARDIZED_SHORT_DISTANCE,samurai_university_2022_06_19,C_UNVERIFIED_FULL_TABLE,CANONICAL_SOURCE_RECORD,REJECTED_SOURCE_TIER,REJECTED_TIER_C_FULL_TABLE_NOT_INDEPENDENTLY_VERIFIED,https://www.youtube.com/watch?v=fC8_8iA7Cao,Raw value retained; only the official 2022 top five are admitted from this otherwise third-party full table.
R00012,友田佑卓,2022,50M_STANDING_START_SECONDS,6.53,seconds,STANDARDIZED_SHORT_DISTANCE,samurai_university_2022_06_19,C_UNVERIFIED_FULL_TABLE,CANONICAL_SOURCE_RECORD,REJECTED_SOURCE_TIER,REJECTED_TIER_C_FULL_TABLE_NOT_INDEPENDENTLY_VERIFIED,https://www.youtube.com/watch?v=fC8_8iA7Cao,Raw value retained; only the official 2022 top five are admitted from this otherwise third-party full table.
R00013,辻本倫太郎,2022,50M_STANDING_START_SECONDS,6.52,seconds,STANDARDIZED_SHORT_DISTANCE,samurai_university_2022_06_19,C_UNVERIFIED_FULL_TABLE,CANONICAL_SOURCE_RECORD,REJECTED_SOURCE_TIER,REJECTED_TIER_C_FULL_TABLE_NOT_INDEPENDENTLY_VERIFIED,https://www.youtube.com/watch?v=fC8_8iA7Cao,Raw value retained; only the official 2022 top five are admitted from this otherwise third-party full table.
R00014,宗山塁,2022,50M_STANDING_START_SECONDS,6.51,seconds,STANDARDIZED_SHORT_DISTANCE,samurai_university_2022_06_19,C_UNVERIFIED_FULL_TABLE,CANONICAL_SOURCE_RECORD,REJECTED_SOURCE_TIER,REJECTED_TIER_C_FULL_TABLE_NOT_INDEPENDENTLY_VERIFIED,https://www.youtube.com/watch?v=fC8_8iA7Cao,Raw value retained; only the official 2022 top five are admitted from this otherwise third-party full table.
R00015,佐々木泰,2022,50M_STANDING_START_SECONDS,6.48,seconds,STANDARDIZED_SHORT_DISTANCE,samurai_university_2022_06_19,C_UNVERIFIED_FULL_TABLE,CANONICAL_SOURCE_RECORD,REJECTED_SOURCE_TIER,REJECTED_TIER_C_FULL_TABLE_NOT_INDEPENDENTLY_VERIFIED,https://www.youtube.com/watch?v=fC8_8iA7Cao,Raw value retained; only the official 2022 top five are admitted from this otherwise third-party full table.
R00016,蓑尾海斗,2022,50M_STANDING_START_SECONDS,6.48,seconds,STANDARDIZED_SHORT_DISTANCE,samurai_university_2022_06_19,C_UNVERIFIED_FULL_TABLE,CANONICAL_SOURCE_RECORD,REJECTED_SOURCE_TIER,REJECTED_TIER_C_FULL_TABLE_NOT_INDEPENDENTLY_VERIFIED,https://www.youtube.com/watch?v=fC8_8iA7Cao,Raw value retained; only the official 2022 top five are admitted from this otherwise third-party full table.
R00017,松下豪佑,2022,50M_STANDING_START_SECONDS,6.42,seconds,STANDARDIZED_SHORT_DISTANCE,samurai_university_2022_06_19,C_UNVERIFIED_FULL_TABLE,CANONICAL_SOURCE_RECORD,REJECTED_SOURCE_TIER,REJECTED_TIER_C_FULL_TABLE_NOT_INDEPENDENTLY_VERIFIED,https://www.youtube.com/watch?v=fC8_8iA7Cao,Raw value retained; only the official 2022 top five are admitted from this otherwise third-party full table.
R00018,齊藤大輝,2022,50M_STANDING_START_SECONDS,6.42,seconds,STANDARDIZED_SHORT_DISTANCE,samurai_university_2022_06_19,C_UNVERIFIED_FULL_TABLE,CANONICAL_SOURCE_RECORD,REJECTED_SOURCE_TIER,REJECTED_TIER_C_FULL_TABLE_NOT_INDEPENDENTLY_VERIFIED,https://www.youtube.com/watch?v=fC8_8iA7Cao,Raw value retained; only the official 2022 top five are admitted from this otherwise third-party full table.
R00019,杉浦有祐,2022,50M_STANDING_START_SECONDS,6.4,seconds,STANDARDIZED_SHORT_DISTANCE,samurai_university_2022_06_19,C_UNVERIFIED_FULL_TABLE,CANONICAL_SOURCE_RECORD,REJECTED_SOURCE_TIER,REJECTED_TIER_C_FULL_TABLE_NOT_INDEPENDENTLY_VERIFIED,https://www.youtube.com/watch?v=fC8_8iA7Cao,Raw value retained; only the official 2022 top five are admitted from this otherwise third-party full table.
R00020,廣瀬隆太,2022,50M_STANDING_START_SECONDS,6.39,seconds,STANDARDIZED_SHORT_DISTANCE,samurai_university_2022_06_19,C_UNVERIFIED_FULL_TABLE,CANONICAL_SOURCE_RECORD,REJECTED_SOURCE_TIER,REJECTED_TIER_C_FULL_TABLE_NOT_INDEPENDENTLY_VERIFIED,https://www.youtube.com/watch?v=fC8_8iA7Cao,Raw value retained; only the official 2022 top five are admitted from this otherwise third-party full table.
R00021,上田希由翔,2022,50M_STANDING_START_SECONDS,6.35,seconds,STANDARDIZED_SHORT_DISTANCE,samurai_university_2022_06_19,C_UNVERIFIED_FULL_TABLE,CANONICAL_SOURCE_RECORD,REJECTED_SOURCE_TIER,REJECTED_TIER_C_FULL_TABLE_NOT_INDEPENDENTLY_VERIFIED,https://www.youtube.com/watch?v=fC8_8iA7Cao,Raw value retained; only the official 2022 top five are admitted from this otherwise third-party full table.
R00022,石毛大地,2022,50M_STANDING_START_SECONDS,6.33,seconds,STANDARDIZED_SHORT_DISTANCE,samurai_university_2022_06_19,C_UNVERIFIED_FULL_TABLE,CANONICAL_SOURCE_RECORD,REJECTED_SOURCE_TIER,REJECTED_TIER_C_FULL_TABLE_NOT_INDEPENDENTLY_VERIFIED,https://www.youtube.com/watch?v=fC8_8iA7Cao,Raw value retained; only the official 2022 top five are admitted from this otherwise third-party full table.
R00023,奈良間大己,2022,50M_STANDING_START_SECONDS,6.31,seconds,STANDARDIZED_SHORT_DISTANCE,samurai_university_2022_06_19,C_UNVERIFIED_FULL_TABLE,CANONICAL_SOURCE_RECORD,REJECTED_SOURCE_TIER,REJECTED_TIER_C_FULL_TABLE_NOT_INDEPENDENTLY_VERIFIED,https://www.youtube.com/watch?v=fC8_8iA7Cao,Raw value retained; only the official 2022 top five are admitted from this otherwise third-party full table.
R00024,杉澤龍,2022,50M_STANDING_START_SECONDS,6.31,seconds,STANDARDIZED_SHORT_DISTANCE,samurai_university_2022_06_19,C_UNVERIFIED_FULL_TABLE,CANONICAL_SOURCE_RECORD,REJECTED_SOURCE_TIER,REJECTED_TIER_C_FULL_TABLE_NOT_INDEPENDENTLY_VERIFIED,https://www.youtube.com/watch?v=fC8_8iA7Cao,Raw value retained; only the official 2022 top five are admitted from this otherwise third-party full table.
R00025,萩尾匡也,2022,50M_STANDING_START_SECONDS,6.22,seconds,STANDARDIZED_SHORT_DISTANCE,samurai_university_2022_06_19,C_UNVERIFIED_FULL_TABLE,CANONICAL_SOURCE_RECORD,REJECTED_SOURCE_TIER,REJECTED_TIER_C_FULL_TABLE_NOT_INDEPENDENTLY_VERIFIED,https://www.youtube.com/watch?v=fC8_8iA7Cao,Raw value retained; only the official 2022 top five are admitted from this otherwise third-party full table.
R00091,矢澤宏太,2021,50M_STANDING_START_SECONDS,5.8,seconds,STANDARDIZED_SHORT_DISTANCE,samurai_university_2021_12_03_protocol_conflict,A,CANONICAL_SOURCE_RECORD,REJECTED_PROTOCOL_CONFLICT,"REJECTED_PROTOCOL_CONFLICT_PENDING_PRIMARY_RECONCILIATION: the 2021 official report says photoelectric, but the organiser's 2025 report says this camp began photoelectric timing in 2022.",https://www.japan-baseball.jp/jp/news/press/20211203_1.html,"REJECTED_PROTOCOL_CONFLICT_PENDING_PRIMARY_RECONCILIATION: the 2021 official report says photoelectric, but the organiser's 2025 report says this camp began photoelectric timing in 2022."
R00092,道原慧,2021,50M_STANDING_START_SECONDS,5.81,seconds,STANDARDIZED_SHORT_DISTANCE,samurai_university_2021_12_03_protocol_conflict,A,CANONICAL_SOURCE_RECORD,REJECTED_PROTOCOL_CONFLICT,"REJECTED_PROTOCOL_CONFLICT_PENDING_PRIMARY_RECONCILIATION: the 2021 official report says photoelectric, but the organiser's 2025 report says this camp began photoelectric timing in 2022.",https://www.japan-baseball.jp/jp/news/press/20211203_1.html,"REJECTED_PROTOCOL_CONFLICT_PENDING_PRIMARY_RECONCILIATION: the 2021 official report says photoelectric, but the organiser's 2025 report says this camp began photoelectric timing in 2022."
R00093,村松開人,2021,50M_STANDING_START_SECONDS,5.91,seconds,STANDARDIZED_SHORT_DISTANCE,samurai_university_2021_12_03_protocol_conflict,A,CANONICAL_SOURCE_RECORD,REJECTED_PROTOCOL_CONFLICT,"REJECTED_PROTOCOL_CONFLICT_PENDING_PRIMARY_RECONCILIATION: the 2021 official report says photoelectric, but the organiser's 2025 report says this camp began photoelectric timing in 2022.",https://www.japan-baseball.jp/jp/news/press/20211203_1.html,"REJECTED_PROTOCOL_CONFLICT_PENDING_PRIMARY_RECONCILIATION: the 2021 official report says photoelectric, but the organiser's 2025 report says this camp began photoelectric timing in 2022."
R00094,蛭間拓哉,2021,50M_STANDING_START_SECONDS,5.93,seconds,STANDARDIZED_SHORT_DISTANCE,samurai_university_2021_12_03_protocol_conflict,A,CANONICAL_SOURCE_RECORD,REJECTED_PROTOCOL_CONFLICT,"REJECTED_PROTOCOL_CONFLICT_PENDING_PRIMARY_RECONCILIATION: the 2021 official report says photoelectric, but the organiser's 2025 report says this camp began photoelectric timing in 2022.",https://www.japan-baseball.jp/jp/news/press/20211203_1.html,"REJECTED_PROTOCOL_CONFLICT_PENDING_PRIMARY_RECONCILIATION: the 2021 official report says photoelectric, but the organiser's 2025 report says this camp began photoelectric timing in 2022."
R00187,筒香嘉智,2022,T90FT_SECONDS,4.2,seconds,ABSOLUTE_DIRECT_STATCAST,mlb_statcast_running_splits_live_revalidation_20260810,A_FIRST_PARTY_LIVE_REVERIFIED,CANONICAL_SOURCE_RECORD,REJECTED_LIVE_REVALIDATION,REJECTED_LIVE_OFFICIAL_CSV_NOT_FOUND_NO_PRESERVED_SNAPSHOT,https://baseballsavant.mlb.com/running_splits?bats=&min=5&position=&team=&type=raw&year=2022&csv=true,REJECTED_LIVE_OFFICIAL_CSV_NOT_FOUND_NO_PRESERVED_SNAPSHOT
R00188,筒香嘉智,2022,T10FT_SECONDS,0.91,seconds,ABSOLUTE_DIRECT_STATCAST,mlb_statcast_running_splits_live_revalidation_20260810,A_FIRST_PARTY_LIVE_REVERIFIED,CANONICAL_SOURCE_RECORD,REJECTED_LIVE_REVALIDATION,REJECTED_LIVE_OFFICIAL_CSV_NOT_FOUND_NO_PRESERVED_SNAPSHOT,https://baseballsavant.mlb.com/running_splits?bats=&min=5&position=&team=&type=raw&year=2022&csv=true,Supporting split retained separately; it is not converted to metres or a game ability.
R00189,筒香嘉智,2022,T30FT_SECONDS,1.89,seconds,ABSOLUTE_DIRECT_STATCAST,mlb_statcast_running_splits_live_revalidation_20260810,A_FIRST_PARTY_LIVE_REVERIFIED,CANONICAL_SOURCE_RECORD,REJECTED_LIVE_REVALIDATION,REJECTED_LIVE_OFFICIAL_CSV_NOT_FOUND_NO_PRESERVED_SNAPSHOT,https://baseballsavant.mlb.com/running_splits?bats=&min=5&position=&team=&type=raw&year=2022&csv=true,Supporting split retained separately; it is not converted to metres or a game ability.
R00190,筒香嘉智,2022,MLB_SPRINT_SPEED_FTPS,26.1,ft_per_second,ABSOLUTE_DIRECT_STATCAST,mlb_statcast_running_splits_live_revalidation_20260810,A_FIRST_PARTY_LIVE_REVERIFIED,CANONICAL_SOURCE_RECORD,REJECTED_LIVE_REVALIDATION,REJECTED_LIVE_OFFICIAL_CSV_NOT_FOUND_NO_PRESERVED_SNAPSHOT,https://baseballsavant.mlb.com/running_splits?bats=&min=5&position=&team=&type=raw&year=2022&csv=true,Official seasonal Sprint Speed retained as a separate unit and aggregation; it is not equated to NPB+.
R00191,Namiki Hidekazu,2019,50M_MANUAL_SECONDS,5.32,seconds,HISTORICAL_PROFILE_DIRECTIONAL,university_manual_50m_directional_2019,C_DIRECTIONAL,CANONICAL_SOURCE_RECORD,REJECTED_PROTOCOL,REJECTED_PROTOCOL_MANUAL_START_NOT_COMPARABLE,,Retained only to preserve a discovered historical value and its protocol incompatibility.
R00192,Isobata Yohei,2019,50M_MANUAL_SECONDS,5.42,seconds,HISTORICAL_PROFILE_DIRECTIONAL,university_manual_50m_directional_2019,C_DIRECTIONAL,CANONICAL_SOURCE_RECORD,REJECTED_PROTOCOL,REJECTED_PROTOCOL_MANUAL_START_NOT_COMPARABLE,,Retained only to preserve a discovered historical value and its protocol incompatibility.
R00193,Yazawa Koutaro,2019,50M_MANUAL_SECONDS,5.53,seconds,HISTORICAL_PROFILE_DIRECTIONAL,university_manual_50m_directional_2019,C_DIRECTIONAL,CANONICAL_SOURCE_RECORD,REJECTED_PROTOCOL,REJECTED_PROTOCOL_MANUAL_START_NOT_COMPARABLE,,Retained only to preserve a discovered historical value and its protocol incompatibility.
R00194,森 友哉,unknown,50M_PROFILE_SECONDS,6.2,seconds,HISTORICAL_PROFILE_HINT,existing_npb_physical_inventory_20260809,B,ARCHIVAL_INVENTORY_RECORD,REJECTED_OR_CONTEXT_ONLY,REJECTED_PROTOCOL_OR_DATE_NOT_PUBLICLY_DOCUMENTED,https://www.nikkansports.com/baseball/professional/draft/2013/news/p-bb-tp0-20131209-1228895.html,High-school profile value; timing conditions are unknown.
R00195,中川 圭太,2021,HP_TO_1B_SECONDS,4.01,seconds,CONTEXT_ONLY,existing_npb_physical_inventory_20260809,B,ARCHIVAL_INVENTORY_RECORD,REJECTED_OR_CONTEXT_ONLY,REJECTED_CONTACT_TO_RUN_TRANSITION_OR_GAME_CONTEXT,https://pacificleague.com/news/32690,通常打撃の一塁到達。打撃→走行移行と打席左右が混ざるためT90直接値にはしない。
R00196,来田 涼斗,unknown,50M_PROFILE_SECONDS,5.9,seconds,HISTORICAL_PROFILE_HINT,existing_npb_physical_inventory_20260809,B,ARCHIVAL_INVENTORY_RECORD,REJECTED_OR_CONTEXT_ONLY,REJECTED_PROTOCOL_OR_DATE_NOT_PUBLICLY_DOCUMENTED,https://www.nikkansports.com/baseball/column/baseballcountry/news/202003140000249.html,"High-school profile value; article date is not the measurement date, which remains unknown."
R00197,蝦名 達夫,unknown,50M_PROFILE_SECONDS,6,seconds,HISTORICAL_PROFILE_HINT,existing_npb_physical_inventory_20260809,B,ARCHIVAL_INVENTORY_RECORD,REJECTED_OR_CONTEXT_ONLY,REJECTED_PROTOCOL_OR_DATE_NOT_PUBLICLY_DOCUMENTED,https://www.nikkansports.com/baseball/news/201910280000575.html,University draft profile value; timing conditions are unknown.
R00198,梶原 昂希,unknown,50M_PROFILE_SECONDS,5.8,seconds,HISTORICAL_PROFILE_HINT,existing_npb_physical_inventory_20260809,B,ARCHIVAL_INVENTORY_RECORD,REJECTED_OR_CONTEXT_ONLY,REJECTED_PROTOCOL_OR_DATE_NOT_PUBLICLY_DOCUMENTED,https://news.tv-asahi.co.jp/news_sports/articles/900020068.html,Profile value; measurement date and conditions are not published.
R00199,梶原 昂希,unknown,HP_TO_1B_SECONDS,3.97,seconds,CONTEXT_ONLY,existing_npb_physical_inventory_20260809,B,ARCHIVAL_INVENTORY_RECORD,REJECTED_OR_CONTEXT_ONLY,REJECTED_CONTACT_TO_RUN_TRANSITION_OR_GAME_CONTEXT,https://baseballking.jp/ns/297434/,Full-swing infield-hit home-to-first on a rain-affected field is contextual only.
R00200,京田 陽太,unknown,50M_PROFILE_SECONDS,5.9,seconds,HISTORICAL_PROFILE_HINT,existing_npb_physical_inventory_20260809,B,ARCHIVAL_INVENTORY_RECORD,REJECTED_OR_CONTEXT_ONLY,REJECTED_PROTOCOL_OR_DATE_NOT_PUBLICLY_DOCUMENTED,https://www.japan-baseball.jp/jp/news/press/20160710_5.html,University profile value; method is unknown. A conflicting media 5.8 claim is not treated as a second measurement.
R00201,筒香 嘉智,2022,T10FT_SECONDS,0.91,seconds,STANDARDIZED_PRIOR,existing_npb_physical_inventory_20260809,A,SUPERSEDED_BY_LIVE_DIRECT_REVALIDATION,REJECTED_OR_CONTEXT_ONLY,REJECTED_LIVE_OFFICIAL_CSV_NOT_FOUND_NO_PRESERVED_SNAPSHOT,https://baseballsavant.mlb.com/running_splits?bats=&min=5&position=&team=&type=raw&year=2022,Official 10ft running split; retain separately from 10m and do not assume NPB+ equivalence.
R00202,筒香 嘉智,2022,T30FT_SECONDS,1.89,seconds,STANDARDIZED_PRIOR,existing_npb_physical_inventory_20260809,A,SUPERSEDED_BY_LIVE_DIRECT_REVALIDATION,REJECTED_OR_CONTEXT_ONLY,REJECTED_LIVE_OFFICIAL_CSV_NOT_FOUND_NO_PRESERVED_SNAPSHOT,https://baseballsavant.mlb.com/running_splits?bats=&min=5&position=&team=&type=raw&year=2022,Official 30ft running split; retain separately from 30m and do not assume NPB+ equivalence.
R00203,筒香 嘉智,2022,T90FT_SECONDS,4.2,seconds,NUMERIC_T90_CANDIDATE,existing_npb_physical_inventory_20260809,A,SUPERSEDED_BY_LIVE_DIRECT_REVALIDATION,REJECTED_OR_CONTEXT_ONLY,REJECTED_LIVE_OFFICIAL_CSV_NOT_FOUND_NO_PRESERVED_SNAPSHOT,https://baseballsavant.mlb.com/running_splits?bats=&min=5&position=&team=&type=raw&year=2022,"Official direct 90ft value within the project's four-year temporal gate; candidate only for the individual appraisal, not an NPB+ bridge calibration."
R00204,筒香 嘉智,2022,MLB_SPRINT_SPEED_FTPS,26.1,ft_per_second,STANDARDIZED_PRIOR,existing_npb_physical_inventory_20260809,A,SUPERSEDED_BY_LIVE_DIRECT_REVALIDATION,REJECTED_OR_CONTEXT_ONLY,REJECTED_LIVE_OFFICIAL_CSV_NOT_FOUND_NO_PRESERVED_SNAPSHOT,https://baseballsavant.mlb.com/leaderboard/sprint_speed?year=2022&position=&team=&min=10,Official MLB seasonal Sprint Speed; units and public aggregation equivalence with NPB+ are not established.
R00205,林 琢真,2022,50M_PROFILE_SECONDS,5.99,seconds,STANDARDIZED_PRIOR,existing_npb_physical_inventory_20260809,C,DUPLICATE_OF_CANONICAL_STANDARDIZED_SOURCE,REJECTED_OR_CONTEXT_ONLY,DUPLICATE_OF_CANONICAL_STANDARDIZED_SOURCE_RECORD,https://www.youtube.com/watch?v=fC8_8iA7Cao,"Shared electronic/photoelectric 50m test is comparable within its cohort, but it is historical and has no validated NPB+ T90 bridge."
R00206,林 琢真,unknown,50M_PROFILE_SECONDS,5.7,seconds,HISTORICAL_PROFILE_HINT,existing_npb_physical_inventory_20260809,B,ARCHIVAL_INVENTORY_RECORD,REJECTED_OR_CONTEXT_ONLY,REJECTED_PROTOCOL_OR_DATE_NOT_PUBLICLY_DOCUMENTED,https://www.nikkansports.com/baseball/news/202210270001023.html,"Reported self-best is distinct from the preserved 5.99 electronic camp result, but its own date, timing method, and start are unknown."
R00207,モンテロ,2024,T10FT_SECONDS,0.9,seconds,STANDARDIZED_PRIOR,existing_npb_physical_inventory_20260809,A,SUPERSEDED_BY_LIVE_DIRECT_REVALIDATION,REJECTED_OR_CONTEXT_ONLY,SUPERSEDED_BY_LIVE_REVALIDATION_CANONICAL_RECORD,https://baseballsavant.mlb.com/running_splits?bats=&min=5&position=&team=&type=raw&year=2024,Official 10ft running split; retain separately from 10m and do not assume NPB+ equivalence.
R00208,モンテロ,2024,T30FT_SECONDS,1.88,seconds,STANDARDIZED_PRIOR,existing_npb_physical_inventory_20260809,A,SUPERSEDED_BY_LIVE_DIRECT_REVALIDATION,REJECTED_OR_CONTEXT_ONLY,SUPERSEDED_BY_LIVE_REVALIDATION_CANONICAL_RECORD,https://baseballsavant.mlb.com/running_splits?bats=&min=5&position=&team=&type=raw&year=2024,Official 30ft running split; retain separately from 30m and do not assume NPB+ equivalence.
R00209,モンテロ,2024,T90FT_SECONDS,4.2,seconds,NUMERIC_T90_CANDIDATE,existing_npb_physical_inventory_20260809,A,SUPERSEDED_BY_LIVE_DIRECT_REVALIDATION,REJECTED_OR_CONTEXT_ONLY,SUPERSEDED_BY_LIVE_REVALIDATION_CANONICAL_RECORD,https://baseballsavant.mlb.com/running_splits?bats=&min=5&position=&team=&type=raw&year=2024,"Official direct 90ft value within the project's four-year temporal gate; candidate only for the individual appraisal, not an NPB+ bridge calibration."
R00210,モンテロ,2024,MLB_SPRINT_SPEED_FTPS,26.2,ft_per_second,STANDARDIZED_PRIOR,existing_npb_physical_inventory_20260809,A,SUPERSEDED_BY_LIVE_DIRECT_REVALIDATION,REJECTED_OR_CONTEXT_ONLY,SUPERSEDED_BY_LIVE_REVALIDATION_CANONICAL_RECORD,https://baseballsavant.mlb.com/leaderboard/sprint_speed?year=2024&position=&team=&min=10,Official MLB seasonal Sprint Speed; units and public aggregation equivalence with NPB+ are not established.
R00211,坂倉 将吾,unknown,50M_PROFILE_SECONDS,6.4,seconds,HISTORICAL_PROFILE_HINT,existing_npb_physical_inventory_20260809,B,ARCHIVAL_INVENTORY_RECORD,REJECTED_OR_CONTEXT_ONLY,REJECTED_PROTOCOL_OR_DATE_NOT_PUBLICLY_DOCUMENTED,https://www.nikkansports.com/baseball/news/1737870.html,High-school profile value; test protocol is unknown.
R00212,秋山 翔吾,2021,T10FT_SECONDS,0.86,seconds,STANDARDIZED_PRIOR,existing_npb_physical_inventory_20260809,A,SUPERSEDED_BY_LIVE_DIRECT_REVALIDATION,REJECTED_OR_CONTEXT_ONLY,SUPERSEDED_BY_LIVE_REVALIDATION_CANONICAL_RECORD,https://baseballsavant.mlb.com/running_splits?bats=&min=5&position=&team=&type=raw&year=2021,Official 10ft running split; retain separately from 10m and do not assume NPB+ equivalence.
R00213,秋山 翔吾,2021,T30FT_SECONDS,1.78,seconds,STANDARDIZED_PRIOR,existing_npb_physical_inventory_20260809,A,SUPERSEDED_BY_LIVE_DIRECT_REVALIDATION,REJECTED_OR_CONTEXT_ONLY,SUPERSEDED_BY_LIVE_REVALIDATION_CANONICAL_RECORD,https://baseballsavant.mlb.com/running_splits?bats=&min=5&position=&team=&type=raw&year=2021,Official 30ft running split; retain separately from 30m and do not assume NPB+ equivalence.
R00214,秋山 翔吾,2021,T90FT_SECONDS,3.97,seconds,HISTORICAL_PROFILE_HINT,existing_npb_physical_inventory_20260809,A,SUPERSEDED_BY_LIVE_DIRECT_REVALIDATION,REJECTED_OR_CONTEXT_ONLY,SUPERSEDED_BY_LIVE_REVALIDATION_CANONICAL_RECORD,https://baseballsavant.mlb.com/running_splits?bats=&min=5&position=&team=&type=raw&year=2021,Official direct 90ft value retained as historical profile evidence; year gap exceeds the project's four-year current-use gate.
R00215,秋山 翔吾,2021,MLB_SPRINT_SPEED_FTPS,28,ft_per_second,HISTORICAL_PROFILE_HINT,existing_npb_physical_inventory_20260809,A,SUPERSEDED_BY_LIVE_DIRECT_REVALIDATION,REJECTED_OR_CONTEXT_ONLY,SUPERSEDED_BY_LIVE_REVALIDATION_CANONICAL_RECORD,https://baseballsavant.mlb.com/leaderboard/sprint_speed?year=2021&position=&team=&min=10,Official MLB seasonal Sprint Speed; units and public aggregation equivalence with NPB+ are not established.
R00216,小園 海斗,unknown,50M_PROFILE_SECONDS,,seconds,HISTORICAL_PROFILE_HINT,existing_npb_physical_inventory_20260809,B,ARCHIVAL_INVENTORY_RECORD,REJECTED_OR_CONTEXT_ONLY,REJECTED_PROTOCOL_OR_DATE_NOT_PUBLICLY_DOCUMENTED,https://sports.yahoo.co.jp/column/detail/201607040003-spnavi?p=2,高校時代の紹介値。2016年記事では本人が最速5.9〜6.0秒、2018年記事は5.9秒、2019年記事は5.8秒と表記に幅がある。
R00217,小園 海斗,2016,HP_TO_1B_SECONDS,4.05,seconds,CONTEXT_ONLY,existing_npb_physical_inventory_20260809,B,ARCHIVAL_INVENTORY_RECORD,REJECTED_OR_CONTEXT_ONLY,REJECTED_CONTACT_TO_RUN_TRANSITION_OR_GAME_CONTEXT,https://goetheweb.jp/person/article/20241128-star-kozonokaito,"High-school game home-to-first time includes batting, batted-ball, and game context."
R00218,名原 典彦,unknown,50M_PROFILE_SECONDS,6.2,seconds,HISTORICAL_PROFILE_HINT,existing_npb_physical_inventory_20260809,B,ARCHIVAL_INVENTORY_RECORD,REJECTED_OR_CONTEXT_ONLY,REJECTED_PROTOCOL_OR_DATE_NOT_PUBLICLY_DOCUMENTED,https://sportiva.shueisha.co.jp/clm/baseball/hs_other/2022/10/02/post_85/?page=2,"High-school manual 50m; measurement year, start rule, and surface are not published."
R00219,名原 典彦,unknown,50M_PROFILE_SECONDS,5.9,seconds,HISTORICAL_PROFILE_HINT,existing_npb_physical_inventory_20260809,B,ARCHIVAL_INVENTORY_RECORD,REJECTED_OR_CONTEXT_ONLY,REJECTED_PROTOCOL_OR_DATE_NOT_PUBLICLY_DOCUMENTED,https://sportiva.shueisha.co.jp/clm/baseball/hs_other/2022/10/02/post_85/?page=2,"University electronic 50m; start rule, surface, and measurement date are not published."
R00220,矢野 雅哉,unknown,50M_PROFILE_SECONDS,5.9,seconds,HISTORICAL_PROFILE_HINT,existing_npb_physical_inventory_20260809,B,ARCHIVAL_INVENTORY_RECORD,REJECTED_OR_CONTEXT_ONLY,REJECTED_PROTOCOL_OR_DATE_NOT_PUBLICLY_DOCUMENTED,https://www.nikkansports.com/baseball/news/202208160001089.html,選手紹介で50m5.9秒。測定年・計時方式は記事から特定できない。
R00221,佐藤 輝明,2020,30M_PROFILE_SECONDS,4,seconds,HISTORICAL_PROFILE_HINT,existing_npb_physical_inventory_20260809,B,ARCHIVAL_INVENTORY_RECORD,REJECTED_OR_CONTEXT_ONLY,REJECTED_PROTOCOL_OR_DATE_NOT_PUBLICLY_DOCUMENTED,https://origin.daily.co.jp/tigers/2020/12/07/0013919463.shtml,30m走4秒00。体格に対して高い瞬発力という文脈だが、その定性評価は能力へ加点しない。
R00222,佐藤 輝明,unknown,50M_PROFILE_SECONDS,6,seconds,HISTORICAL_PROFILE_HINT,existing_npb_physical_inventory_20260809,B,ARCHIVAL_INVENTORY_RECORD,REJECTED_OR_CONTEXT_ONLY,REJECTED_PROTOCOL_OR_DATE_NOT_PUBLICLY_DOCUMENTED,https://www.sponichi.co.jp/baseball/news/2020/10/26/kiji/20201025s00001728678000c.html,"University profile value; distinct report from the preserved 2020 30m test, but still protocol-unknown."
R00223,小幡 竜平,2018,30M_PROFILE_SECONDS,3.98,seconds,HISTORICAL_PROFILE_HINT,existing_npb_physical_inventory_20260809,B,ARCHIVAL_INVENTORY_RECORD,REJECTED_OR_CONTEXT_ONLY,REJECTED_PROTOCOL_OR_DATE_NOT_PUBLICLY_DOCUMENTED,https://hochi.news/articles/20181202-OHT1T50237.html,30m走3秒98。
R00224,小幡 竜平,unknown,50M_PROFILE_SECONDS,6.1,seconds,HISTORICAL_PROFILE_HINT,existing_npb_physical_inventory_20260809,B,ARCHIVAL_INVENTORY_RECORD,REJECTED_OR_CONTEXT_ONLY,REJECTED_PROTOCOL_OR_DATE_NOT_PUBLICLY_DOCUMENTED,https://www.nikkansports.com/baseball/news/201901100000575.html,Post-draft profile value; distinct from the preserved 30m test but protocol-unknown.
R00225,外崎 修汰,2024,HP_TO_1B_SECONDS,4.13,seconds,CONTEXT_ONLY,existing_npb_physical_inventory_20260809,B,ARCHIVAL_INVENTORY_RECORD,REJECTED_OR_CONTEXT_ONLY,REJECTED_CONTACT_TO_RUN_TRANSITION_OR_GAME_CONTEXT,https://pacificleague.com/news/61236,通常打撃の一塁到達。打撃→走行移行と打席左右が混ざるためT90直接値にはしない。
R00226,源田 壮亮,2020,HP_TO_1B_SECONDS,3.68,seconds,CONTEXT_ONLY,existing_npb_physical_inventory_20260809,B,ARCHIVAL_INVENTORY_RECORD,REJECTED_OR_CONTEXT_ONLY,REJECTED_CONTACT_TO_RUN_TRANSITION_OR_GAME_CONTEXT,https://sports.yahoo.co.jp/official/detail/202009180094-spnaviow,セーフティ/プッシュバント。通常スイングより0.数秒短くなり得るため走力アンカー禁止。
R00227,源田 壮亮,2021,HP_TO_1B_SECONDS,3.85,seconds,CONTEXT_ONLY,existing_npb_physical_inventory_20260809,B,ARCHIVAL_INVENTORY_RECORD,REJECTED_OR_CONTEXT_ONLY,REJECTED_CONTACT_TO_RUN_TRANSITION_OR_GAME_CONTEXT,https://pacificleague.com/news/32690,通常打撃の一塁到達。打撃→走行移行と打席左右が混ざるためT90直接値にはしない。
R00228,源田 壮亮,2021,HP_TO_1B_SECONDS,3.84,seconds,CONTEXT_ONLY,existing_npb_physical_inventory_20260809,B,ARCHIVAL_INVENTORY_RECORD,REJECTED_OR_CONTEXT_ONLY,REJECTED_CONTACT_TO_RUN_TRANSITION_OR_GAME_CONTEXT,https://pacificleague.com/news/32690,通常打撃の一塁到達。打撃→走行移行と打席左右が混ざるためT90直接値にはしない。
R00229,源田 壮亮,2021,HP_TO_1B_SECONDS,3.8,seconds,CONTEXT_ONLY,existing_npb_physical_inventory_20260809,B,ARCHIVAL_INVENTORY_RECORD,REJECTED_OR_CONTEXT_ONLY,REJECTED_CONTACT_TO_RUN_TRANSITION_OR_GAME_CONTEXT,https://pacificleague.com/news/32690,通常打撃の一塁到達。打撃→走行移行と打席左右が混ざるためT90直接値にはしない。
R00230,源田 壮亮,2024,HP_TO_1B_SECONDS,3.77,seconds,CONTEXT_ONLY,existing_npb_physical_inventory_20260809,B,ARCHIVAL_INVENTORY_RECORD,REJECTED_OR_CONTEXT_ONLY,REJECTED_CONTACT_TO_RUN_TRANSITION_OR_GAME_CONTEXT,https://pacificleague.com/news/61236,通常打撃の一塁到達。打撃→走行移行と打席左右が混ざるためT90直接値にはしない。
R00231,滝澤 夏央,unknown,50M_PROFILE_SECONDS,5.8,seconds,HISTORICAL_PROFILE_HINT,existing_npb_physical_inventory_20260809,B,ARCHIVAL_INVENTORY_RECORD,REJECTED_OR_CONTEXT_ONLY,REJECTED_PROTOCOL_OR_DATE_NOT_PUBLICLY_DOCUMENTED,https://number.bunshun.jp/articles/-/851084?page=1,High-school profile value; timing conditions are unknown.
R00232,ポランコ,2021,T10FT_SECONDS,0.84,seconds,STANDARDIZED_PRIOR,existing_npb_physical_inventory_20260809,A,SUPERSEDED_BY_LIVE_DIRECT_REVALIDATION,REJECTED_OR_CONTEXT_ONLY,SUPERSEDED_BY_LIVE_REVALIDATION_CANONICAL_RECORD,https://baseballsavant.mlb.com/running_splits?bats=&min=5&position=&team=&type=raw&year=2021,Official 10ft running split; retain separately from 10m and do not assume NPB+ equivalence.
R00233,ポランコ,2021,T30FT_SECONDS,1.77,seconds,STANDARDIZED_PRIOR,existing_npb_physical_inventory_20260809,A,SUPERSEDED_BY_LIVE_DIRECT_REVALIDATION,REJECTED_OR_CONTEXT_ONLY,SUPERSEDED_BY_LIVE_REVALIDATION_CANONICAL_RECORD,https://baseballsavant.mlb.com/running_splits?bats=&min=5&position=&team=&type=raw&year=2021,Official 30ft running split; retain separately from 30m and do not assume NPB+ equivalence.
R00234,ポランコ,2021,T90FT_SECONDS,3.99,seconds,HISTORICAL_PROFILE_HINT,existing_npb_physical_inventory_20260809,A,SUPERSEDED_BY_LIVE_DIRECT_REVALIDATION,REJECTED_OR_CONTEXT_ONLY,SUPERSEDED_BY_LIVE_REVALIDATION_CANONICAL_RECORD,https://baseballsavant.mlb.com/running_splits?bats=&min=5&position=&team=&type=raw&year=2021,Official direct 90ft value retained as historical profile evidence; year gap exceeds the project's four-year current-use gate.
R00235,ポランコ,2021,MLB_SPRINT_SPEED_FTPS,27.2,ft_per_second,HISTORICAL_PROFILE_HINT,existing_npb_physical_inventory_20260809,A,SUPERSEDED_BY_LIVE_DIRECT_REVALIDATION,REJECTED_OR_CONTEXT_ONLY,SUPERSEDED_BY_LIVE_REVALIDATION_CANONICAL_RECORD,https://baseballsavant.mlb.com/leaderboard/sprint_speed?year=2021&position=&team=&min=10,Official MLB seasonal Sprint Speed; units and public aggregation equivalence with NPB+ are not established.
R00236,安田 尚憲,unknown,50M_PROFILE_SECONDS,6.7,seconds,HISTORICAL_PROFILE_HINT,existing_npb_physical_inventory_20260809,B,ARCHIVAL_INVENTORY_RECORD,REJECTED_OR_CONTEXT_ONLY,REJECTED_PROTOCOL_OR_DATE_NOT_PUBLICLY_DOCUMENTED,https://www.nikkansports.com/baseball/news/201710250000038.html,High-school profile value; timing conditions are unknown.
R00237,岡 大海,unknown,50M_PROFILE_SECONDS,6.1,seconds,HISTORICAL_PROFILE_HINT,existing_npb_physical_inventory_20260809,B,ARCHIVAL_INVENTORY_RECORD,REJECTED_OR_CONTEXT_ONLY,REJECTED_PROTOCOL_OR_DATE_NOT_PUBLICLY_DOCUMENTED,https://meisupo.net/news/5690/,High-school profile value; timing conditions are unknown and page date was not reliable.
R00238,佐藤 都志也,unknown,50M_PROFILE_SECONDS,5.9,seconds,HISTORICAL_PROFILE_HINT,existing_npb_physical_inventory_20260809,B,ARCHIVAL_INVENTORY_RECORD,REJECTED_OR_CONTEXT_ONLY,REJECTED_PROTOCOL_OR_DATE_NOT_PUBLICLY_DOCUMENTED,https://www.sponichi.co.jp/baseball/news/2019/10/25/kiji/20191024s00001173410000c.html,University profile value; timing conditions are unknown.
R00239,山口 航輝,unknown,50M_PROFILE_SECONDS,6.3,seconds,HISTORICAL_PROFILE_HINT,existing_npb_physical_inventory_20260809,B,ARCHIVAL_INVENTORY_RECORD,REJECTED_OR_CONTEXT_ONLY,REJECTED_PROTOCOL_OR_DATE_NOT_PUBLICLY_DOCUMENTED,https://www.nikkansports.com/baseball/news/201810310000259.html,High-school profile value; timing conditions are unknown.
R00240,藤原 恭大,2023,HP_TO_1B_SECONDS,3.9,seconds,CONTEXT_ONLY,existing_npb_physical_inventory_20260809,B,ARCHIVAL_INVENTORY_RECORD,REJECTED_OR_CONTEXT_ONLY,REJECTED_CONTACT_TO_RUN_TRANSITION_OR_GAME_CONTEXT,https://pacificleague.com/news/50792,通常打撃の一塁到達。打撃→走行移行と打席左右が混ざるためT90直接値にはしない。
R00241,藤原 恭大,unknown,50M_PROFILE_SECONDS,5.7,seconds,HISTORICAL_PROFILE_HINT,existing_npb_physical_inventory_20260809,B,ARCHIVAL_INVENTORY_RECORD,REJECTED_OR_CONTEXT_ONLY,REJECTED_PROTOCOL_OR_DATE_NOT_PUBLICLY_DOCUMENTED,https://www.daily.co.jp/baseball/2017/08/04/0010433505.shtml,"Reported best in repeated 50m training, but timing method and start rule are unknown."
R00242,友杉 篤輝,2022,50M_PROFILE_SECONDS,6.1,seconds,STANDARDIZED_PRIOR,existing_npb_physical_inventory_20260809,C,DUPLICATE_OF_CANONICAL_STANDARDIZED_SOURCE,REJECTED_OR_CONTEXT_ONLY,DUPLICATE_OF_CANONICAL_STANDARDIZED_SOURCE_RECORD,https://www.youtube.com/watch?v=fC8_8iA7Cao,"Shared electronic/photoelectric 50m test is comparable within its cohort, but it is historical and has no validated NPB+ T90 bridge."
R00243,友杉 篤輝,unknown,50M_PROFILE_SECONDS,5.9,seconds,HISTORICAL_PROFILE_HINT,existing_npb_physical_inventory_20260809,B,ARCHIVAL_INVENTORY_RECORD,REJECTED_OR_CONTEXT_ONLY,REJECTED_PROTOCOL_OR_DATE_NOT_PUBLICLY_DOCUMENTED,https://www.nikkansports.com/baseball/news/202210170000769.html,Profile claim differs from the preserved electronic 6.10 test; same-session status is unknown.
R00244,友杉 篤輝,unknown,HP_TO_1B_SECONDS,3.73,seconds,CONTEXT_ONLY,existing_npb_physical_inventory_20260809,B,ARCHIVAL_INVENTORY_RECORD,REJECTED_OR_CONTEXT_ONLY,REJECTED_CONTACT_TO_RUN_TRANSITION_OR_GAME_CONTEXT,https://4years.asahi.com/article/14723455,Reported home-to-first is not a controlled sprint test.
R00245,髙部 瑛斗,unknown,50M_PROFILE_SECONDS,5.8,seconds,HISTORICAL_PROFILE_HINT,existing_npb_physical_inventory_20260809,B,ARCHIVAL_INVENTORY_RECORD,REJECTED_OR_CONTEXT_ONLY,REJECTED_PROTOCOL_OR_DATE_NOT_PUBLICLY_DOCUMENTED,https://www.tv-tokyo.co.jp/sports/articles/2022/03/022229.html,Profile value; measurement date and conditions are not published.
R00246,カリステ,2017,T10FT_SECONDS,0.87,seconds,STANDARDIZED_PRIOR,existing_npb_physical_inventory_20260809,A,SUPERSEDED_BY_LIVE_DIRECT_REVALIDATION,REJECTED_OR_CONTEXT_ONLY,SUPERSEDED_BY_LIVE_REVALIDATION_CANONICAL_RECORD,https://baseballsavant.mlb.com/running_splits?bats=&min=5&position=&team=&type=raw&year=2017,Official 10ft running split; retain separately from 10m and do not assume NPB+ equivalence.
R00247,カリステ,2017,T30FT_SECONDS,1.82,seconds,STANDARDIZED_PRIOR,existing_npb_physical_inventory_20260809,A,SUPERSEDED_BY_LIVE_DIRECT_REVALIDATION,REJECTED_OR_CONTEXT_ONLY,SUPERSEDED_BY_LIVE_REVALIDATION_CANONICAL_RECORD,https://baseballsavant.mlb.com/running_splits?bats=&min=5&position=&team=&type=raw&year=2017,Official 30ft running split; retain separately from 30m and do not assume NPB+ equivalence.
R00248,カリステ,2017,T90FT_SECONDS,3.94,seconds,HISTORICAL_PROFILE_HINT,existing_npb_physical_inventory_20260809,A,SUPERSEDED_BY_LIVE_DIRECT_REVALIDATION,REJECTED_OR_CONTEXT_ONLY,SUPERSEDED_BY_LIVE_REVALIDATION_CANONICAL_RECORD,https://baseballsavant.mlb.com/running_splits?bats=&min=5&position=&team=&type=raw&year=2017,Official direct 90ft value retained as historical profile evidence; year gap exceeds the project's four-year current-use gate.
R00249,カリステ,2017,MLB_SPRINT_SPEED_FTPS,29.3,ft_per_second,HISTORICAL_PROFILE_HINT,existing_npb_physical_inventory_20260809,A,SUPERSEDED_BY_LIVE_DIRECT_REVALIDATION,REJECTED_OR_CONTEXT_ONLY,SUPERSEDED_BY_LIVE_REVALIDATION_CANONICAL_RECORD,https://baseballsavant.mlb.com/leaderboard/sprint_speed?year=2017&position=&team=&min=10,Official MLB seasonal Sprint Speed; units and public aggregation equivalence with NPB+ are not established.
R00250,岡林 勇希,2019,50M_PROFILE_SECONDS,5.8,seconds,HISTORICAL_PROFILE_HINT,existing_npb_physical_inventory_20260809,B,ARCHIVAL_INVENTORY_RECORD,REJECTED_OR_CONTEXT_ONLY,REJECTED_PROTOCOL_OR_DATE_NOT_PUBLICLY_DOCUMENTED,https://www.nikkansports.com/baseball/news/201910290000658.html,"High-school profile value; timing, start, and surface are unknown."
R00251,細川 成也,unknown,50M_PROFILE_SECONDS,6.2,seconds,HISTORICAL_PROFILE_HINT,existing_npb_physical_inventory_20260809,B,ARCHIVAL_INVENTORY_RECORD,REJECTED_OR_CONTEXT_ONLY,REJECTED_PROTOCOL_OR_DATE_NOT_PUBLICLY_DOCUMENTED,https://baseballking.jp/ns/134127/,高卒新人期の紹介で50m6.2秒。測定年・計時方式は特定できない。
R00252,大島 洋平,2007,HP_TO_1B_SECONDS,3.96,seconds,CONTEXT_ONLY,existing_npb_physical_inventory_20260809,B,ARCHIVAL_INVENTORY_RECORD,REJECTED_OR_CONTEXT_ONLY,REJECTED_CONTACT_TO_RUN_TRANSITION_OR_GAME_CONTEXT,https://goetheweb.jp/person/article/20230907-yohei-oshima,University-game home-to-first time includes batting and game conditions.
R00253,大島 洋平,2007,HP_TO_1B_SECONDS,3.79,seconds,CONTEXT_ONLY,existing_npb_physical_inventory_20260809,B,ARCHIVAL_INVENTORY_RECORD,REJECTED_OR_CONTEXT_ONLY,REJECTED_CONTACT_TO_RUN_TRANSITION_OR_GAME_CONTEXT,https://goetheweb.jp/person/article/20230907-yohei-oshima,Bunt and early-start advantage make this contextual only.
R00254,田中 幹也,unknown,50M_PROFILE_SECONDS,5.9,seconds,HISTORICAL_PROFILE_HINT,existing_npb_physical_inventory_20260809,B,ARCHIVAL_INVENTORY_RECORD,REJECTED_OR_CONTEXT_ONLY,REJECTED_PROTOCOL_OR_DATE_NOT_PUBLICLY_DOCUMENTED,https://www.nikkansports.com/baseball/news/202210310000557.html,University draft profile value; timing conditions are unknown.
R00255,サンタナ,2020,T10FT_SECONDS,0.91,seconds,STANDARDIZED_PRIOR,existing_npb_physical_inventory_20260809,A,SUPERSEDED_BY_LIVE_DIRECT_REVALIDATION,REJECTED_OR_CONTEXT_ONLY,SUPERSEDED_BY_LIVE_REVALIDATION_CANONICAL_RECORD,https://baseballsavant.mlb.com/running_splits?bats=&min=5&position=&team=&type=raw&year=2020,Official 10ft running split; retain separately from 10m and do not assume NPB+ equivalence.
R00256,サンタナ,2020,T30FT_SECONDS,1.87,seconds,STANDARDIZED_PRIOR,existing_npb_physical_inventory_20260809,A,SUPERSEDED_BY_LIVE_DIRECT_REVALIDATION,REJECTED_OR_CONTEXT_ONLY,SUPERSEDED_BY_LIVE_REVALIDATION_CANONICAL_RECORD,https://baseballsavant.mlb.com/running_splits?bats=&min=5&position=&team=&type=raw&year=2020,Official 30ft running split; retain separately from 30m and do not assume NPB+ equivalence.
R00257,サンタナ,2020,T90FT_SECONDS,4.13,seconds,HISTORICAL_PROFILE_HINT,existing_npb_physical_inventory_20260809,A,SUPERSEDED_BY_LIVE_DIRECT_REVALIDATION,REJECTED_OR_CONTEXT_ONLY,SUPERSEDED_BY_LIVE_REVALIDATION_CANONICAL_RECORD,https://baseballsavant.mlb.com/running_splits?bats=&min=5&position=&team=&type=raw&year=2020,Official direct 90ft value retained as historical profile evidence; year gap exceeds the project's four-year current-use gate.
R00258,サンタナ,2020,MLB_SPRINT_SPEED_FTPS,26.9,ft_per_second,HISTORICAL_PROFILE_HINT,existing_npb_physical_inventory_20260809,A,SUPERSEDED_BY_LIVE_DIRECT_REVALIDATION,REJECTED_OR_CONTEXT_ONLY,SUPERSEDED_BY_LIVE_REVALIDATION_CANONICAL_RECORD,https://baseballsavant.mlb.com/leaderboard/sprint_speed?year=2020&position=&team=&min=10,Official MLB seasonal Sprint Speed; units and public aggregation equivalence with NPB+ are not established.
R00259,塩見 泰隆,2018,30M_PROFILE_SECONDS,3.85,seconds,HISTORICAL_PROFILE_HINT,existing_npb_physical_inventory_20260809,B,ARCHIVAL_INVENTORY_RECORD,REJECTED_OR_CONTEXT_ONLY,REJECTED_PROTOCOL_OR_DATE_NOT_PUBLICLY_DOCUMENTED,https://www.daily.co.jp/baseball/2018/01/17/0010903502.shtml,30m走3秒85。記事は山田哲人のチームベスト3秒80にも言及。
R00260,塩見 泰隆,unknown,HP_TO_1B_SECONDS,4.15,seconds,CONTEXT_ONLY,existing_npb_physical_inventory_20260809,B,ARCHIVAL_INVENTORY_RECORD,REJECTED_OR_CONTEXT_ONLY,REJECTED_CONTACT_TO_RUN_TRANSITION_OR_GAME_CONTEXT,https://number.bunshun.jp/articles/-/833298?page=2,In-game home-to-first time; batted-ball and start conditions are part of the value.
R00261,塩見 泰隆,unknown,HP_TO_1B_SECONDS,4.26,seconds,CONTEXT_ONLY,existing_npb_physical_inventory_20260809,B,ARCHIVAL_INVENTORY_RECORD,REJECTED_OR_CONTEXT_ONLY,REJECTED_CONTACT_TO_RUN_TRANSITION_OR_GAME_CONTEXT,https://number.bunshun.jp/articles/-/833298?page=2,In-game home-to-first time; batted-ball and start conditions are part of the value.
R00262,丸山 和郁,unknown,50M_PROFILE_SECONDS,5.8,seconds,HISTORICAL_PROFILE_HINT,existing_npb_physical_inventory_20260809,B,ARCHIVAL_INVENTORY_RECORD,REJECTED_OR_CONTEXT_ONLY,REJECTED_PROTOCOL_OR_DATE_NOT_PUBLICLY_DOCUMENTED,https://4years.asahi.com/article/12432940,University profile value; test protocol is unknown.
R00263,丸山 和郁,unknown,HP_TO_1B_SECONDS,3.8,seconds,CONTEXT_ONLY,existing_npb_physical_inventory_20260809,B,ARCHIVAL_INVENTORY_RECORD,REJECTED_OR_CONTEXT_ONLY,REJECTED_CONTACT_TO_RUN_TRANSITION_OR_GAME_CONTEXT,https://4years.asahi.com/article/12432940,"Home-to-first after batting is contextual, not a pure sprint test."
R00264,並木 秀尊,2019,50M_PROFILE_SECONDS,5.32,seconds,REJECTED_FOR_SPEED,existing_npb_physical_inventory_20260809,B,ARCHIVAL_INVENTORY_RECORD,REJECTED_OR_CONTEXT_ONLY,REJECTED_UNSTANDARDIZED_OR_CONTEXTUAL_INVENTORY_RECORD,https://www.nikkansports.com/baseball/news/202306230001335.html,大学日本代表候補合宿。1歩目を踏み出してから計測開始する変則ルール。
R00265,並木 秀尊,2022,50M_PROFILE_SECONDS,6.06,seconds,HISTORICAL_PROFILE_HINT,existing_npb_physical_inventory_20260809,B,ARCHIVAL_INVENTORY_RECORD,REJECTED_OR_CONTEXT_ONLY,REJECTED_PROTOCOL_OR_DATE_NOT_PUBLICLY_DOCUMENTED,https://www.nikkansports.com/baseball/news/202306230001335.html,超プロ野球ULTRA収録で計測。記事では通常の50m走として紹介されるが、光電管・スタート規則等は不明。
R00266,並木 秀尊,unknown,HP_TO_1B_SECONDS,3.96,seconds,CONTEXT_ONLY,existing_npb_physical_inventory_20260809,B,ARCHIVAL_INVENTORY_RECORD,REJECTED_OR_CONTEXT_ONLY,REJECTED_CONTACT_TO_RUN_TRANSITION_OR_GAME_CONTEXT,https://number.bunshun.jp/articles/-/846891?page=2,"University-game home-to-first time, not a pure sprint test."
R00267,村林 一輝,2015,50M_PROFILE_SECONDS,6.2,seconds,HISTORICAL_PROFILE_HINT,existing_npb_physical_inventory_20260809,B,ARCHIVAL_INVENTORY_RECORD,REJECTED_OR_CONTEXT_ONLY,REJECTED_PROTOCOL_OR_DATE_NOT_PUBLICLY_DOCUMENTED,https://column.sp.baseball.findfriends.jp/?id=055-20151207-01&pid=column_detail,高校時代のドラフト紹介。50m6.2秒・遠投110m。
R00268,吉川 尚輝,unknown,50M_PROFILE_SECONDS,5.7,seconds,HISTORICAL_PROFILE_HINT,existing_npb_physical_inventory_20260809,B,ARCHIVAL_INVENTORY_RECORD,REJECTED_OR_CONTEXT_ONLY,REJECTED_PROTOCOL_OR_DATE_NOT_PUBLICLY_DOCUMENTED,https://www.nikkansports.com/baseball/news/1738288.html,University profile value; test protocol is unknown.
R00269,吉川 尚輝,2016,HP_TO_1B_SECONDS,4.36,seconds,CONTEXT_ONLY,existing_npb_physical_inventory_20260809,B,ARCHIVAL_INVENTORY_RECORD,REJECTED_OR_CONTEXT_ONLY,REJECTED_CONTACT_TO_RUN_TRANSITION_OR_GAME_CONTEXT,https://www.nikkansports.com/baseball/news/1658951.html,First-base passage on a triple is not a controlled short-distance sprint.
R00270,吉川 尚輝,2016,HP_TO_1B_SECONDS,3.97,seconds,CONTEXT_ONLY,existing_npb_physical_inventory_20260809,B,ARCHIVAL_INVENTORY_RECORD,REJECTED_OR_CONTEXT_ONLY,REJECTED_CONTACT_TO_RUN_TRANSITION_OR_GAME_CONTEXT,https://www.nikkansports.com/baseball/news/1658951.html,"Home-to-first after a ground ball is contextual, not a pure sprint test."
R00271,松本 剛,2022,HP_TO_1B_SECONDS,3.94,seconds,CONTEXT_ONLY,existing_npb_physical_inventory_20260809,B,ARCHIVAL_INVENTORY_RECORD,REJECTED_OR_CONTEXT_ONLY,REJECTED_CONTACT_TO_RUN_TRANSITION_OR_GAME_CONTEXT,https://pacificleague.com/news/41022,通常打撃の一塁到達。打撃→走行移行と打席左右が混ざるためT90直接値にはしない。
R00272,栗原 陵矢,unknown,50M_PROFILE_SECONDS,6,seconds,HISTORICAL_PROFILE_HINT,existing_npb_physical_inventory_20260809,D,ARCHIVAL_INVENTORY_RECORD,REJECTED_OR_CONTEXT_ONLY,REJECTED_PROTOCOL_OR_DATE_NOT_PUBLICLY_DOCUMENTED,https://draft-repo.com/blog-entry-2032.html,"Low-tier reprint, kept as historical hint only."
R00273,山川 穂高,unknown,50M_PROFILE_SECONDS,6.2,seconds,HISTORICAL_PROFILE_HINT,existing_npb_physical_inventory_20260809,D,ARCHIVAL_INVENTORY_RECORD,REJECTED_OR_CONTEXT_ONLY,REJECTED_PROTOCOL_OR_DATE_NOT_PUBLICLY_DOCUMENTED,https://draft-repo.com/blog-entry-1559.html,Low-tier profile value; page date was unreliable and protocol is unknown.
R00274,周東 佑京,2020,HP_TO_1B_SECONDS,3.69,seconds,CONTEXT_ONLY,existing_npb_physical_inventory_20260809,B,ARCHIVAL_INVENTORY_RECORD,REJECTED_OR_CONTEXT_ONLY,REJECTED_CONTACT_TO_RUN_TRANSITION_OR_GAME_CONTEXT,https://sports.yahoo.co.jp/official/detail/202009180094-spnaviow,セーフティ/プッシュバント。通常スイングより0.数秒短くなり得るため走力アンカー禁止。
R00275,周東 佑京,2020,HP_TO_1B_SECONDS,3.5,seconds,CONTEXT_ONLY,existing_npb_physical_inventory_20260809,B,ARCHIVAL_INVENTORY_RECORD,REJECTED_OR_CONTEXT_ONLY,REJECTED_CONTACT_TO_RUN_TRANSITION_OR_GAME_CONTEXT,https://sports.yahoo.co.jp/official/detail/202009180094-spnaviow,セーフティ/プッシュバント。通常スイングより0.数秒短くなり得るため走力アンカー禁止。
R00276,周東 佑京,2023,HP_TO_1B_SECONDS,3.83,seconds,CONTEXT_ONLY,existing_npb_physical_inventory_20260809,B,ARCHIVAL_INVENTORY_RECORD,REJECTED_OR_CONTEXT_ONLY,REJECTED_CONTACT_TO_RUN_TRANSITION_OR_GAME_CONTEXT,https://pacificleague.com/news/50792,通常打撃の一塁到達。打撃→走行移行と打席左右が混ざるためT90直接値にはしない。
R00277,周東 佑京,2023,HP_TO_1B_SECONDS,3.77,seconds,CONTEXT_ONLY,existing_npb_physical_inventory_20260809,B,ARCHIVAL_INVENTORY_RECORD,REJECTED_OR_CONTEXT_ONLY,REJECTED_CONTACT_TO_RUN_TRANSITION_OR_GAME_CONTEXT,https://pacificleague.com/news/50792,通常打撃の一塁到達。打撃→走行移行と打席左右が混ざるためT90直接値にはしない。
R00278,周東 佑京,2024,HP_TO_1B_SECONDS,3.81,seconds,CONTEXT_ONLY,existing_npb_physical_inventory_20260809,B,ARCHIVAL_INVENTORY_RECORD,REJECTED_OR_CONTEXT_ONLY,REJECTED_CONTACT_TO_RUN_TRANSITION_OR_GAME_CONTEXT,https://pacificleague.com/news/61236,通常打撃の一塁到達。打撃→走行移行と打席左右が混ざるためT90直接値にはしない。
R00279,周東 佑京,2024,HP_TO_1B_SECONDS,3.8,seconds,CONTEXT_ONLY,existing_npb_physical_inventory_20260809,B,ARCHIVAL_INVENTORY_RECORD,REJECTED_OR_CONTEXT_ONLY,REJECTED_CONTACT_TO_RUN_TRANSITION_OR_GAME_CONTEXT,https://pacificleague.com/news/61236,通常打撃の一塁到達。打撃→走行移行と打席左右が混ざるためT90直接値にはしない。
R00280,周東 佑京,2024,HP_TO_1B_SECONDS,3.75,seconds,CONTEXT_ONLY,existing_npb_physical_inventory_20260809,B,ARCHIVAL_INVENTORY_RECORD,REJECTED_OR_CONTEXT_ONLY,REJECTED_CONTACT_TO_RUN_TRANSITION_OR_GAME_CONTEXT,https://pacificleague.com/news/61236,通常打撃の一塁到達。打撃→走行移行と打席左右が混ざるためT90直接値にはしない。
R00281,周東 佑京,2024,HP_TO_1B_SECONDS,3.4,seconds,CONTEXT_ONLY,existing_npb_physical_inventory_20260809,B,ARCHIVAL_INVENTORY_RECORD,REJECTED_OR_CONTEXT_ONLY,REJECTED_CONTACT_TO_RUN_TRANSITION_OR_GAME_CONTEXT,https://pacificleague.com/news/61236,セーフティ/プッシュバント。通常スイングより0.数秒短くなり得るため走力アンカー禁止。
R00282,周東 佑京,2023,event_max_speed,30.4,ft_per_second,HISTORICAL_PROFILE_HINT,existing_npb_physical_inventory_20260809,B,ARCHIVAL_INVENTORY_RECORD,REJECTED_OR_CONTEXT_ONLY,REJECTED_PROTOCOL_OR_DATE_NOT_PUBLICLY_DOCUMENTED,https://full-count.jp/2023/03/21/post1354277/,A one-event maximum speed is not a season Sprint Speed or a controlled short-distance physical test.
R00283,周東 佑京,unknown,50M_PROFILE_SECONDS,5.7,seconds,HISTORICAL_PROFILE_HINT,existing_npb_physical_inventory_20260809,B,ARCHIVAL_INVENTORY_RECORD,REJECTED_OR_CONTEXT_ONLY,REJECTED_PROTOCOL_OR_DATE_NOT_PUBLICLY_DOCUMENTED,https://www.nodai.ac.jp/news/article/42017/,University profile value; timing conditions are unknown.
R00284,周東 佑京,2013,HP_TO_1B_SECONDS,3.95,seconds,CONTEXT_ONLY,existing_npb_physical_inventory_20260809,B,ARCHIVAL_INVENTORY_RECORD,REJECTED_OR_CONTEXT_ONLY,REJECTED_CONTACT_TO_RUN_TRANSITION_OR_GAME_CONTEXT,https://goetheweb.jp/person/article/20230209-star-46,High-school game home-to-first time is contextual only.
R00285,正木 智也,unknown,50M_PROFILE_SECONDS,6.6,seconds,HISTORICAL_PROFILE_HINT,existing_npb_physical_inventory_20260809,D,ARCHIVAL_INVENTORY_RECORD,REJECTED_OR_CONTEXT_ONLY,REJECTED_PROTOCOL_OR_DATE_NOT_PUBLICLY_DOCUMENTED,https://draft-repo.com/blog-entry-3445.html,"Low-tier profile value, kept as historical hint only."
R00286,牧原 大成,unknown,50M_PROFILE_SECONDS,5.8,seconds,HISTORICAL_PROFILE_HINT,existing_npb_physical_inventory_20260809,C,ARCHIVAL_INVENTORY_RECORD,REJECTED_OR_CONTEXT_ONLY,REJECTED_PROTOCOL_OR_DATE_NOT_PUBLICLY_DOCUMENTED,https://koutaro-tajiri.theletter.jp/posts/ea6a6ac0-a6b2-11ee-b571-5fc5ffed7957,Historical profile value with unknown timing protocol.
R00287,牧原 大成,2019,HP_TO_1B_SECONDS,3.69,seconds,CONTEXT_ONLY,existing_npb_physical_inventory_20260809,B,ARCHIVAL_INVENTORY_RECORD,REJECTED_OR_CONTEXT_ONLY,REJECTED_CONTACT_TO_RUN_TRANSITION_OR_GAME_CONTEXT,https://pacificleague.com/news/2019/8/18255,Safety-bunt timing is explicitly reported as substantially faster and remains context only.
R00288,柳町 達,unknown,50M_PROFILE_SECONDS,6.2,seconds,HISTORICAL_PROFILE_HINT,existing_npb_physical_inventory_20260809,D,ARCHIVAL_INVENTORY_RECORD,REJECTED_OR_CONTEXT_ONLY,REJECTED_PROTOCOL_OR_DATE_NOT_PUBLICLY_DOCUMENTED,https://draft-repo.com/blog-entry-3199.html,"Low-tier profile value, kept as historical hint only."
R00289,柳田 悠岐,unknown,50M_PROFILE_SECONDS,5.94,seconds,HISTORICAL_PROFILE_HINT,existing_npb_physical_inventory_20260809,B,ARCHIVAL_INVENTORY_RECORD,REJECTED_OR_CONTEXT_ONLY,REJECTED_PROTOCOL_OR_DATE_NOT_PUBLICLY_DOCUMENTED,https://sportiva.shueisha.co.jp/clm/baseball/npb/2015/07/14/post_583/,Historical profile claim with unknown test conditions.
R00290,柳田 悠岐,2009,HP_TO_1B_SECONDS,3.98,seconds,CONTEXT_ONLY,existing_npb_physical_inventory_20260809,B,ARCHIVAL_INVENTORY_RECORD,REJECTED_OR_CONTEXT_ONLY,REJECTED_CONTACT_TO_RUN_TRANSITION_OR_GAME_CONTEXT,https://goetheweb.jp/person/article/20210610-yuki_yanagita,University-game home-to-first time is contextual only.
R00291,清宮 幸太郎,unknown,50M_PROFILE_SECONDS,6.5,seconds,HISTORICAL_PROFILE_HINT,existing_npb_physical_inventory_20260809,B,ARCHIVAL_INVENTORY_RECORD,REJECTED_OR_CONTEXT_ONLY,REJECTED_PROTOCOL_OR_DATE_NOT_PUBLICLY_DOCUMENTED,https://sportiva.shueisha.co.jp/clm/baseball/hs_other/2016/04/05/post_726/?page=3,High-school profile value; timing conditions are unknown.
R00292,田宮 裕涼,unknown,50M_PROFILE_SECONDS,,seconds,HISTORICAL_PROFILE_HINT,existing_npb_physical_inventory_20260809,B,ARCHIVAL_INVENTORY_RECORD,REJECTED_OR_CONTEXT_ONLY,REJECTED_PROTOCOL_OR_DATE_NOT_PUBLICLY_DOCUMENTED,https://www.nikkansports.com/baseball/news/202212100001143.html,Only a range expression is published; exact time and protocol are unknown.
R00293,奈良間 大己,2022,50M_PROFILE_SECONDS,6.31,seconds,STANDARDIZED_PRIOR,existing_npb_physical_inventory_20260809,C,DUPLICATE_OF_CANONICAL_STANDARDIZED_SOURCE,REJECTED_OR_CONTEXT_ONLY,DUPLICATE_OF_CANONICAL_STANDARDIZED_SOURCE_RECORD,https://www.youtube.com/watch?v=fC8_8iA7Cao,"Shared electronic/photoelectric 50m test is comparable within its cohort, but it is historical and has no validated NPB+ T90 bridge."
R00294,奈良間 大己,unknown,50M_PROFILE_SECONDS,5.8,seconds,HISTORICAL_PROFILE_HINT,existing_npb_physical_inventory_20260809,B,ARCHIVAL_INVENTORY_RECORD,REJECTED_OR_CONTEXT_ONLY,REJECTED_PROTOCOL_OR_DATE_NOT_PUBLICLY_DOCUMENTED,https://www.sponichi.co.jp/baseball/news/2022/11/15/kiji/20221115s00001173066000c.html,Profile claim differs from the preserved electronic 6.31 test; source does not establish whether this is a different session.
R00295,近本光司,2018,30M_CURATED_SECONDS,3.87,seconds,HISTORICAL_PROFILE_DIRECTIONAL,curated_30m_measurements_20260809,medium,CANONICAL_SOURCE_RECORD,REJECTED_PROTOCOL,REJECTED_PROTOCOL_NOT_FULLY_PUBLICLY_DOCUMENTED,https://www.nikkansports.com/baseball/news/201901200000650.html,30m走3秒87。プロトコル不明なので距離がT90に近くても直接T90扱いしない。
R00296,小幡竜平,2018,30M_CURATED_SECONDS,3.98,seconds,HISTORICAL_PROFILE_DIRECTIONAL,curated_30m_measurements_20260809,medium,CANONICAL_SOURCE_RECORD,REJECTED_PROTOCOL,REJECTED_PROTOCOL_NOT_FULLY_PUBLICLY_DOCUMENTED,https://hochi.news/articles/20181202-OHT1T50237.html,30m走3秒98。
R00297,島田海吏,2017,30M_CURATED_SECONDS,3.99,seconds,HISTORICAL_PROFILE_DIRECTIONAL,curated_30m_measurements_20260809,medium,CANONICAL_SOURCE_RECORD,REJECTED_PROTOCOL,REJECTED_PROTOCOL_NOT_FULLY_PUBLICLY_DOCUMENTED,https://www.daily.co.jp/tigers/2017/12/04/0010787359.shtml,30m走3秒99。
R00298,塩見泰隆,2018,30M_CURATED_SECONDS,3.85,seconds,HISTORICAL_PROFILE_DIRECTIONAL,curated_30m_measurements_20260809,medium,CANONICAL_SOURCE_RECORD,REJECTED_PROTOCOL,REJECTED_PROTOCOL_NOT_FULLY_PUBLICLY_DOCUMENTED,https://www.daily.co.jp/baseball/2018/01/17/0010903502.shtml,30m走3秒85。記事は山田哲人のチームベスト3秒80にも言及。
R00299,山田哲人,UNKNOWN,30M_CURATED_SECONDS,3.8,seconds,HISTORICAL_PROFILE_DIRECTIONAL,curated_30m_measurements_20260809,low,CANONICAL_SOURCE_RECORD,REJECTED_PROTOCOL,REJECTED_PROTOCOL_NOT_FULLY_PUBLICLY_DOCUMENTED,https://www.daily.co.jp/baseball/2018/01/17/0010903502.shtml,30m走3秒80。測定年・詳細プロトコル不明なので塩見より信頼度を下げる。
R00300,井坪陽生,2022,30M_CURATED_SECONDS,3.93,seconds,HISTORICAL_PROFILE_DIRECTIONAL,curated_30m_measurements_20260809,medium,CANONICAL_SOURCE_RECORD,REJECTED_PROTOCOL,REJECTED_PROTOCOL_NOT_FULLY_PUBLICLY_DOCUMENTED,https://www.nikkansports.com/baseball/news/202212110001346.html,30m走3秒93。
R00301,高寺望夢,2020,30M_CURATED_SECONDS,3.93,seconds,HISTORICAL_PROFILE_DIRECTIONAL,curated_30m_measurements_20260809,medium,CANONICAL_SOURCE_RECORD,REJECTED_PROTOCOL,REJECTED_PROTOCOL_NOT_FULLY_PUBLICLY_DOCUMENTED,https://www.nikkansports.com/baseball/news/202012060000816.html,30m 3秒93 / トップスピード10m 1秒61。後者はT30初期加速とは別の終盤速度材料として保存。
R00302,佐藤輝明,2020,30M_CURATED_SECONDS,4,seconds,HISTORICAL_PROFILE_DIRECTIONAL,curated_30m_measurements_20260809,medium,CANONICAL_SOURCE_RECORD,REJECTED_PROTOCOL,REJECTED_PROTOCOL_NOT_FULLY_PUBLICLY_DOCUMENTED,https://origin.daily.co.jp/tigers/2020/12/07/0013919463.shtml,30m走4秒00。体格に対して高い瞬発力という文脈だが、その定性評価は能力へ加点しない。
R00303,宇草孔基,2020,30M_CURATED_SECONDS,3.98,seconds,HISTORICAL_PROFILE_DIRECTIONAL,curated_30m_measurements_20260809,medium,CANONICAL_SOURCE_RECORD,REJECTED_PROTOCOL,REJECTED_PROTOCOL_NOT_FULLY_PUBLICLY_DOCUMENTED,https://www.sponichi.co.jp/baseball/news/2020/01/12/articles/20200112s00001173285000c.html,30m走3秒98。
R00304,荒木郁也,UNKNOWN,30M_CURATED_SECONDS,3.66,seconds,HISTORICAL_PROFILE_DIRECTIONAL,curated_30m_measurements_20260809,low,CANONICAL_SOURCE_RECORD,REJECTED_PROTOCOL,REJECTED_PROTOCOL_NOT_FULLY_PUBLICLY_DOCUMENTED,https://www.nikkansports.com/baseball/news/201812030000340.html,30m走3秒66。元記事ではなく後年記事の過去記録なので信頼度low。
R00305,江越大賀,UNKNOWN,30M_CURATED_SECONDS,3.97,seconds,HISTORICAL_PROFILE_DIRECTIONAL,curated_30m_measurements_20260809,low,CANONICAL_SOURCE_RECORD,REJECTED_PROTOCOL,REJECTED_PROTOCOL_NOT_FULLY_PUBLICLY_DOCUMENTED,https://www.nikkansports.com/baseball/news/201812030000340.html,30m走3秒97。元記事未確認。
R00306,横田慎太郎,UNKNOWN,30M_CURATED_SECONDS,3.99,seconds,HISTORICAL_PROFILE_DIRECTIONAL,curated_30m_measurements_20260809,low,CANONICAL_SOURCE_RECORD,REJECTED_PROTOCOL,REJECTED_PROTOCOL_NOT_FULLY_PUBLICLY_DOCUMENTED,https://www.nikkansports.com/baseball/news/201812030000340.html,30m走3秒99。元記事未確認。
R00307,辰己涼介,2018,HP_TO_1B_SECONDS,3.78,seconds,CONTEXT_ONLY,curated_homeplate_to_first_20260809,medium,CANONICAL_SOURCE_RECORD,REJECTED_CONTEXT_ONLY,REJECTED_CONTACT_TO_RUN_TRANSITION_OR_GAME_CONTEXT,https://pacificleague.com/news/2018/11/9558,打撃形態/計測条件が不明。条件が確認できるまで使用しない。
R00308,辰己涼介,2020,HP_TO_1B_SECONDS,3.72,seconds,CONTEXT_ONLY,curated_homeplate_to_first_20260809,medium,CANONICAL_SOURCE_RECORD,REJECTED_CONTEXT_ONLY,REJECTED_CONTACT_TO_RUN_TRANSITION_OR_GAME_CONTEXT,https://sports.yahoo.co.jp/official/detail/202009180094-spnaviow,セーフティ/プッシュバント。通常スイングより0.数秒短くなり得るため走力アンカー禁止。
R00309,福田秀平,2020,HP_TO_1B_SECONDS,3.71,seconds,CONTEXT_ONLY,curated_homeplate_to_first_20260809,medium,CANONICAL_SOURCE_RECORD,REJECTED_CONTEXT_ONLY,REJECTED_CONTACT_TO_RUN_TRANSITION_OR_GAME_CONTEXT,https://sports.yahoo.co.jp/official/detail/202009180094-spnaviow,セーフティ/プッシュバント。通常スイングより0.数秒短くなり得るため走力アンカー禁止。
R00310,周東佑京,2020,HP_TO_1B_SECONDS,3.69,seconds,CONTEXT_ONLY,curated_homeplate_to_first_20260809,medium,CANONICAL_SOURCE_RECORD,REJECTED_CONTEXT_ONLY,REJECTED_CONTACT_TO_RUN_TRANSITION_OR_GAME_CONTEXT,https://sports.yahoo.co.jp/official/detail/202009180094-spnaviow,セーフティ/プッシュバント。通常スイングより0.数秒短くなり得るため走力アンカー禁止。
R00311,源田壮亮,2020,HP_TO_1B_SECONDS,3.68,seconds,CONTEXT_ONLY,curated_homeplate_to_first_20260809,medium,CANONICAL_SOURCE_RECORD,REJECTED_CONTEXT_ONLY,REJECTED_CONTACT_TO_RUN_TRANSITION_OR_GAME_CONTEXT,https://sports.yahoo.co.jp/official/detail/202009180094-spnaviow,セーフティ/プッシュバント。通常スイングより0.数秒短くなり得るため走力アンカー禁止。
R00312,ブランドン・レアード,2020,HP_TO_1B_SECONDS,5.17,seconds,CONTEXT_ONLY,curated_homeplate_to_first_20260809,medium,CANONICAL_SOURCE_RECORD,REJECTED_CONTEXT_ONLY,REJECTED_CONTACT_TO_RUN_TRANSITION_OR_GAME_CONTEXT,https://sports.yahoo.co.jp/official/detail/202009180094-spnaviow,通常打撃の一塁到達。打撃→走行移行と打席左右が混ざるためT90直接値にはしない。
R00313,周東佑京,2020,HP_TO_1B_SECONDS,3.5,seconds,CONTEXT_ONLY,curated_homeplate_to_first_20260809,medium,CANONICAL_SOURCE_RECORD,REJECTED_CONTEXT_ONLY,REJECTED_CONTACT_TO_RUN_TRANSITION_OR_GAME_CONTEXT,https://sports.yahoo.co.jp/official/detail/202009180094-spnaviow,セーフティ/プッシュバント。通常スイングより0.数秒短くなり得るため走力アンカー禁止。
R00314,金子侑司,2021,HP_TO_1B_SECONDS,3.93,seconds,CONTEXT_ONLY,curated_homeplate_to_first_20260809,medium,CANONICAL_SOURCE_RECORD,REJECTED_CONTEXT_ONLY,REJECTED_CONTACT_TO_RUN_TRANSITION_OR_GAME_CONTEXT,https://pacificleague.com/news/32690,通常打撃の一塁到達。打撃→走行移行と打席左右が混ざるためT90直接値にはしない。
R00315,辰己涼介,2021,HP_TO_1B_SECONDS,3.88,seconds,CONTEXT_ONLY,curated_homeplate_to_first_20260809,medium,CANONICAL_SOURCE_RECORD,REJECTED_CONTEXT_ONLY,REJECTED_CONTACT_TO_RUN_TRANSITION_OR_GAME_CONTEXT,https://pacificleague.com/news/32690,通常打撃の一塁到達。打撃→走行移行と打席左右が混ざるためT90直接値にはしない。
R00316,源田壮亮,2021,HP_TO_1B_SECONDS,3.85,seconds,CONTEXT_ONLY,curated_homeplate_to_first_20260809,medium,CANONICAL_SOURCE_RECORD,REJECTED_CONTEXT_ONLY,REJECTED_CONTACT_TO_RUN_TRANSITION_OR_GAME_CONTEXT,https://pacificleague.com/news/32690,通常打撃の一塁到達。打撃→走行移行と打席左右が混ざるためT90直接値にはしない。
R00317,源田壮亮,2021,HP_TO_1B_SECONDS,3.84,seconds,CONTEXT_ONLY,curated_homeplate_to_first_20260809,medium,CANONICAL_SOURCE_RECORD,REJECTED_CONTEXT_ONLY,REJECTED_CONTACT_TO_RUN_TRANSITION_OR_GAME_CONTEXT,https://pacificleague.com/news/32690,通常打撃の一塁到達。打撃→走行移行と打席左右が混ざるためT90直接値にはしない。
R00318,中川圭太,2021,HP_TO_1B_SECONDS,4.01,seconds,CONTEXT_ONLY,curated_homeplate_to_first_20260809,medium,CANONICAL_SOURCE_RECORD,REJECTED_CONTEXT_ONLY,REJECTED_CONTACT_TO_RUN_TRANSITION_OR_GAME_CONTEXT,https://pacificleague.com/news/32690,通常打撃の一塁到達。打撃→走行移行と打席左右が混ざるためT90直接値にはしない。
R00319,中田翔,2021,HP_TO_1B_SECONDS,5.57,seconds,CONTEXT_ONLY,curated_homeplate_to_first_20260809,medium,CANONICAL_SOURCE_RECORD,REJECTED_CONTEXT_ONLY,REJECTED_CONTACT_TO_RUN_TRANSITION_OR_GAME_CONTEXT,https://pacificleague.com/news/32690,途中で走行を止めたため身体的走力の比較不能。
R00320,源田壮亮,2021,HP_TO_1B_SECONDS,3.8,seconds,CONTEXT_ONLY,curated_homeplate_to_first_20260809,medium,CANONICAL_SOURCE_RECORD,REJECTED_CONTEXT_ONLY,REJECTED_CONTACT_TO_RUN_TRANSITION_OR_GAME_CONTEXT,https://pacificleague.com/news/32690,通常打撃の一塁到達。打撃→走行移行と打席左右が混ざるためT90直接値にはしない。
R00321,三森大貴,2022,HP_TO_1B_SECONDS,3.8,seconds,CONTEXT_ONLY,curated_homeplate_to_first_20260809,medium,CANONICAL_SOURCE_RECORD,REJECTED_CONTEXT_ONLY,REJECTED_CONTACT_TO_RUN_TRANSITION_OR_GAME_CONTEXT,https://pacificleague.com/news/41022,通常打撃の一塁到達。打撃→走行移行と打席左右が混ざるためT90直接値にはしない。
R00322,高部瑛斗,2022,HP_TO_1B_SECONDS,3.79,seconds,CONTEXT_ONLY,curated_homeplate_to_first_20260809,medium,CANONICAL_SOURCE_RECORD,REJECTED_CONTEXT_ONLY,REJECTED_CONTACT_TO_RUN_TRANSITION_OR_GAME_CONTEXT,https://pacificleague.com/news/41022,通常打撃の一塁到達。打撃→走行移行と打席左右が混ざるためT90直接値にはしない。
R00323,三森大貴,2022,HP_TO_1B_SECONDS,3.76,seconds,CONTEXT_ONLY,curated_homeplate_to_first_20260809,medium,CANONICAL_SOURCE_RECORD,REJECTED_CONTEXT_ONLY,REJECTED_CONTACT_TO_RUN_TRANSITION_OR_GAME_CONTEXT,https://pacificleague.com/news/41022,通常打撃の一塁到達。打撃→走行移行と打席左右が混ざるためT90直接値にはしない。
R00324,和田康士朗,2022,HP_TO_1B_SECONDS,3.75,seconds,CONTEXT_ONLY,curated_homeplate_to_first_20260809,medium,CANONICAL_SOURCE_RECORD,REJECTED_CONTEXT_ONLY,REJECTED_CONTACT_TO_RUN_TRANSITION_OR_GAME_CONTEXT,https://pacificleague.com/news/41022,通常打撃の一塁到達。打撃→走行移行と打席左右が混ざるためT90直接値にはしない。
R00325,三森大貴,2022,HP_TO_1B_SECONDS,3.71,seconds,CONTEXT_ONLY,curated_homeplate_to_first_20260809,medium,CANONICAL_SOURCE_RECORD,REJECTED_CONTEXT_ONLY,REJECTED_CONTACT_TO_RUN_TRANSITION_OR_GAME_CONTEXT,https://pacificleague.com/news/41022,ヘッドスライディングで走り抜けと終端条件が違うため除外。
R00326,松本剛,2022,HP_TO_1B_SECONDS,3.94,seconds,CONTEXT_ONLY,curated_homeplate_to_first_20260809,medium,CANONICAL_SOURCE_RECORD,REJECTED_CONTEXT_ONLY,REJECTED_CONTACT_TO_RUN_TRANSITION_OR_GAME_CONTEXT,https://pacificleague.com/news/41022,通常打撃の一塁到達。打撃→走行移行と打席左右が混ざるためT90直接値にはしない。
R00327,福田周平,2022,HP_TO_1B_SECONDS,3.69,seconds,CONTEXT_ONLY,curated_homeplate_to_first_20260809,medium,CANONICAL_SOURCE_RECORD,REJECTED_CONTEXT_ONLY,REJECTED_CONTACT_TO_RUN_TRANSITION_OR_GAME_CONTEXT,https://pacificleague.com/news/41022,セーフティ/プッシュバント。通常スイングより0.数秒短くなり得るため走力アンカー禁止。
R00328,藤原恭大,2023,HP_TO_1B_SECONDS,3.9,seconds,CONTEXT_ONLY,curated_homeplate_to_first_20260809,medium,CANONICAL_SOURCE_RECORD,REJECTED_CONTEXT_ONLY,REJECTED_CONTACT_TO_RUN_TRANSITION_OR_GAME_CONTEXT,https://pacificleague.com/news/50792,通常打撃の一塁到達。打撃→走行移行と打席左右が混ざるためT90直接値にはしない。
R00329,茶野篤政,2023,HP_TO_1B_SECONDS,3.88,seconds,CONTEXT_ONLY,curated_homeplate_to_first_20260809,medium,CANONICAL_SOURCE_RECORD,REJECTED_CONTEXT_ONLY,REJECTED_CONTACT_TO_RUN_TRANSITION_OR_GAME_CONTEXT,https://pacificleague.com/news/50792,通常打撃の一塁到達。打撃→走行移行と打席左右が混ざるためT90直接値にはしない。
R00330,和田康士朗,2023,HP_TO_1B_SECONDS,3.85,seconds,CONTEXT_ONLY,curated_homeplate_to_first_20260809,medium,CANONICAL_SOURCE_RECORD,REJECTED_CONTEXT_ONLY,REJECTED_CONTACT_TO_RUN_TRANSITION_OR_GAME_CONTEXT,https://pacificleague.com/news/50792,通常打撃の一塁到達。打撃→走行移行と打席左右が混ざるためT90直接値にはしない。
R00331,周東佑京,2023,HP_TO_1B_SECONDS,3.83,seconds,CONTEXT_ONLY,curated_homeplate_to_first_20260809,medium,CANONICAL_SOURCE_RECORD,REJECTED_CONTEXT_ONLY,REJECTED_CONTACT_TO_RUN_TRANSITION_OR_GAME_CONTEXT,https://pacificleague.com/news/50792,通常打撃の一塁到達。打撃→走行移行と打席左右が混ざるためT90直接値にはしない。
R00332,周東佑京,2023,HP_TO_1B_SECONDS,3.77,seconds,CONTEXT_ONLY,curated_homeplate_to_first_20260809,medium,CANONICAL_SOURCE_RECORD,REJECTED_CONTEXT_ONLY,REJECTED_CONTACT_TO_RUN_TRANSITION_OR_GAME_CONTEXT,https://pacificleague.com/news/50792,通常打撃の一塁到達。打撃→走行移行と打席左右が混ざるためT90直接値にはしない。
R00333,小深田大翔,2023,HP_TO_1B_SECONDS,3.66,seconds,CONTEXT_ONLY,curated_homeplate_to_first_20260809,medium,CANONICAL_SOURCE_RECORD,REJECTED_CONTEXT_ONLY,REJECTED_CONTACT_TO_RUN_TRANSITION_OR_GAME_CONTEXT,https://pacificleague.com/news/50792,セーフティ/プッシュバント。通常スイングより0.数秒短くなり得るため走力アンカー禁止。
R00334,江越大賀,2023,HP_TO_1B_SECONDS,4,seconds,CONTEXT_ONLY,curated_homeplate_to_first_20260809,medium,CANONICAL_SOURCE_RECORD,REJECTED_CONTEXT_ONLY,REJECTED_CONTACT_TO_RUN_TRANSITION_OR_GAME_CONTEXT,https://pacificleague.com/news/50792,通常打撃の一塁到達。打撃→走行移行と打席左右が混ざるためT90直接値にはしない。
R00335,小郷裕哉,2024,HP_TO_1B_SECONDS,3.84,seconds,CONTEXT_ONLY,curated_homeplate_to_first_20260809,medium,CANONICAL_SOURCE_RECORD,REJECTED_CONTEXT_ONLY,REJECTED_CONTACT_TO_RUN_TRANSITION_OR_GAME_CONTEXT,https://pacificleague.com/news/61236,通常打撃の一塁到達。打撃→走行移行と打席左右が混ざるためT90直接値にはしない。
R00336,周東佑京,2024,HP_TO_1B_SECONDS,3.81,seconds,CONTEXT_ONLY,curated_homeplate_to_first_20260809,medium,CANONICAL_SOURCE_RECORD,REJECTED_CONTEXT_ONLY,REJECTED_CONTACT_TO_RUN_TRANSITION_OR_GAME_CONTEXT,https://pacificleague.com/news/61236,通常打撃の一塁到達。打撃→走行移行と打席左右が混ざるためT90直接値にはしない。
R00337,周東佑京,2024,HP_TO_1B_SECONDS,3.8,seconds,CONTEXT_ONLY,curated_homeplate_to_first_20260809,medium,CANONICAL_SOURCE_RECORD,REJECTED_CONTEXT_ONLY,REJECTED_CONTACT_TO_RUN_TRANSITION_OR_GAME_CONTEXT,https://pacificleague.com/news/61236,通常打撃の一塁到達。打撃→走行移行と打席左右が混ざるためT90直接値にはしない。
R00338,源田壮亮,2024,HP_TO_1B_SECONDS,3.77,seconds,CONTEXT_ONLY,curated_homeplate_to_first_20260809,medium,CANONICAL_SOURCE_RECORD,REJECTED_CONTEXT_ONLY,REJECTED_CONTACT_TO_RUN_TRANSITION_OR_GAME_CONTEXT,https://pacificleague.com/news/61236,通常打撃の一塁到達。打撃→走行移行と打席左右が混ざるためT90直接値にはしない。
R00339,周東佑京,2024,HP_TO_1B_SECONDS,3.75,seconds,CONTEXT_ONLY,curated_homeplate_to_first_20260809,medium,CANONICAL_SOURCE_RECORD,REJECTED_CONTEXT_ONLY,REJECTED_CONTACT_TO_RUN_TRANSITION_OR_GAME_CONTEXT,https://pacificleague.com/news/61236,通常打撃の一塁到達。打撃→走行移行と打席左右が混ざるためT90直接値にはしない。
R00340,外崎修汰,2024,HP_TO_1B_SECONDS,4.13,seconds,CONTEXT_ONLY,curated_homeplate_to_first_20260809,medium,CANONICAL_SOURCE_RECORD,REJECTED_CONTEXT_ONLY,REJECTED_CONTACT_TO_RUN_TRANSITION_OR_GAME_CONTEXT,https://pacificleague.com/news/61236,通常打撃の一塁到達。打撃→走行移行と打席左右が混ざるためT90直接値にはしない。
R00341,周東佑京,2024,HP_TO_1B_SECONDS,3.4,seconds,CONTEXT_ONLY,curated_homeplate_to_first_20260809,medium,CANONICAL_SOURCE_RECORD,REJECTED_CONTEXT_ONLY,REJECTED_CONTACT_TO_RUN_TRANSITION_OR_GAME_CONTEXT,https://pacificleague.com/news/61236,セーフティ/プッシュバント。通常スイングより0.数秒短くなり得るため走力アンカー禁止。
R00342,辰己涼介,2018,HP_TO_1B_SECONDS,3.47,seconds,CONTEXT_ONLY,curated_homeplate_to_first_20260809,medium,CANONICAL_SOURCE_RECORD,REJECTED_CONTEXT_ONLY,REJECTED_CONTACT_TO_RUN_TRANSITION_OR_GAME_CONTEXT,https://hochi.news/articles/20181103-OHT1T50032.html,セーフティ/プッシュバント。通常スイングより0.数秒短くなり得るため走力アンカー禁止。
R00343,重信慎之介,2015,HP_TO_1B_SECONDS,3.7,seconds,CONTEXT_ONLY,curated_homeplate_to_first_20260809,medium,CANONICAL_SOURCE_RECORD,REJECTED_CONTEXT_ONLY,REJECTED_CONTACT_TO_RUN_TRANSITION_OR_GAME_CONTEXT,https://www.sponichi.co.jp/baseball/news/2015/10/23/kiji/K20151023011370860.html,打撃形態/計測条件が不明。条件が確認できるまで使用しない。
R00344,大谷翔平,2016,HP_TO_1B_SECONDS,3.8,seconds,CONTEXT_ONLY,curated_homeplate_to_first_20260809,medium,CANONICAL_SOURCE_RECORD,REJECTED_CONTEXT_ONLY,REJECTED_CONTACT_TO_RUN_TRANSITION_OR_GAME_CONTEXT,https://www.sponichi.co.jp/baseball/news/2016/07/29/kiji/K20160729013056180.html,通常打撃の一塁到達。打撃→走行移行と打席左右が混ざるためT90直接値にはしない。
R00345,大谷翔平,2016,HP_TO_1B_SECONDS,3.84,seconds,CONTEXT_ONLY,curated_homeplate_to_first_20260809,medium,CANONICAL_SOURCE_RECORD,REJECTED_CONTEXT_ONLY,REJECTED_CONTACT_TO_RUN_TRANSITION_OR_GAME_CONTEXT,https://www.sponichi.co.jp/baseball/news/2016/07/29/kiji/K20160729013056180.html,通常打撃の一塁到達。打撃→走行移行と打席左右が混ざるためT90直接値にはしない。
R00346,岡田幸文,2016,HP_TO_1B_SECONDS,3.77,seconds,CONTEXT_ONLY,curated_homeplate_to_first_20260809,medium,CANONICAL_SOURCE_RECORD,REJECTED_CONTEXT_ONLY,REJECTED_CONTACT_TO_RUN_TRANSITION_OR_GAME_CONTEXT,https://www.sponichi.co.jp/baseball/news/2016/07/29/kiji/K20160729013056180.html,通常打撃の一塁到達。打撃→走行移行と打席左右が混ざるためT90直接値にはしない。
R00347,並木秀尊,2019,50m,5.32,seconds,EXCLUDED_OUTLIER_OR_PROTOCOL_MISMATCH,outlier_short_distance_context_20260809,B_OR_C_CONTEXTUAL,CANONICAL_SOURCE_RECORD,REJECTED_PROTOCOL,REJECTED_PROTOCOL_OR_DISTANCE_MISMATCH,https://www.nikkansports.com/baseball/news/202306230001335.html,false
R00348,並木秀尊,2022,50m,6.06,seconds,EXCLUDED_OUTLIER_OR_PROTOCOL_MISMATCH,outlier_short_distance_context_20260809,B_OR_C_CONTEXTUAL,CANONICAL_SOURCE_RECORD,REJECTED_PROTOCOL,REJECTED_PROTOCOL_OR_DISTANCE_MISMATCH,https://www.nikkansports.com/baseball/news/202306230001335.html,false
R00349,小園海斗,UNKNOWN,50m,,seconds,EXCLUDED_OUTLIER_OR_PROTOCOL_MISMATCH,outlier_short_distance_context_20260809,B_OR_C_CONTEXTUAL,CANONICAL_SOURCE_RECORD,REJECTED_PROTOCOL,REJECTED_PROTOCOL_OR_DISTANCE_MISMATCH,,false
R00350,矢野雅哉,UNKNOWN,50m,5.9,seconds,EXCLUDED_OUTLIER_OR_PROTOCOL_MISMATCH,outlier_short_distance_context_20260809,B_OR_C_CONTEXTUAL,CANONICAL_SOURCE_RECORD,REJECTED_PROTOCOL,REJECTED_PROTOCOL_OR_DISTANCE_MISMATCH,https://www.nikkansports.com/baseball/news/202208160001089.html,false
R00351,村林一輝,2015,50m,6.2,seconds,EXCLUDED_OUTLIER_OR_PROTOCOL_MISMATCH,outlier_short_distance_context_20260809,B_OR_C_CONTEXTUAL,CANONICAL_SOURCE_RECORD,REJECTED_PROTOCOL,REJECTED_PROTOCOL_OR_DISTANCE_MISMATCH,https://column.sp.baseball.findfriends.jp/?id=055-20151207-01&pid=column_detail,false
R00352,細川成也,UNKNOWN,50m,6.2,seconds,EXCLUDED_OUTLIER_OR_PROTOCOL_MISMATCH,outlier_short_distance_context_20260809,B_OR_C_CONTEXTUAL,CANONICAL_SOURCE_RECORD,REJECTED_PROTOCOL,REJECTED_PROTOCOL_OR_DISTANCE_MISMATCH,https://baseballking.jp/ns/134127/,false
R00353,赤星憲広,UNKNOWN,HP_TO_1B_FASTEST_SEC,3.74,seconds,QA_CONTEXT_ONLY,historical_speed_qa_20260809,tier_c_qa_only,CANONICAL_SOURCE_RECORD,REJECTED_QA_ONLY,REJECTED_HISTORICAL_QA_CONTEXT_NOT_ANCHOR,https://www.daily.co.jp/tigers/2017/10/31/0010691130.shtml,接触→一塁の最速値であり、T90直接値ではない。
R00354,イチロー,2001,HP_TO_1B_AVG_SEC,3.7,seconds,QA_CONTEXT_ONLY,historical_speed_qa_20260809,tier_c_qa_only,CANONICAL_SOURCE_RECORD,REJECTED_QA_ONLY,REJECTED_HISTORICAL_QA_CONTEXT_NOT_ANCHOR,https://www.nikkansports.com/baseball/mlb/news/201903090000463.html,平均一塁到達で安定情報はあるが、打撃→走行移行と左打席距離が混ざる。
R00355,イチロー,2019,HP_TO_1B_SEC,3.88,seconds,QA_CONTEXT_ONLY,historical_speed_qa_20260809,tier_c_qa_only,CANONICAL_SOURCE_RECORD,REJECTED_QA_ONLY,REJECTED_HISTORICAL_QA_CONTEXT_NOT_ANCHOR,https://www.nikkansports.com/baseball/mlb/news/201903090000463.html,
R00356,周東佑京,2023,EVENT_MAX_SPEED_FTPS,30.4,ft_per_second_or_kmh_as_published,QA_CONTEXT_ONLY,historical_speed_qa_20260809,tier_b_qa_only,CANONICAL_SOURCE_RECORD,REJECTED_QA_ONLY,REJECTED_HISTORICAL_QA_CONTEXT_NOT_ANCHOR,https://full-count.jp/2023/03/21/post1354277/,イベント単発の最大速度であり、MLB季節Sprint Speed（上位約2/3平均）とは別定義。
R00357,周東佑京,2026,NPB_PLUS_TOP_SPEED_KMH,35,ft_per_second_or_kmh_as_published,QA_CONTEXT_ONLY,historical_speed_qa_20260809,tier_b_direct_evidence,CANONICAL_SOURCE_RECORD,REJECTED_QA_ONLY,REJECTED_HISTORICAL_QA_CONTEXT_NOT_ANCHOR,,
R00358,周東佑京,2024,HP_TO_1B_NORMAL_SEC,3.75,seconds,QA_CONTEXT_ONLY,historical_speed_qa_20260809,tier_c_qa_only,CANONICAL_SOURCE_RECORD,REJECTED_QA_ONLY,REJECTED_HISTORICAL_QA_CONTEXT_NOT_ANCHOR,,
R00359,周東佑京,2024,HP_TO_1B_BUNT_SEC,3.4,seconds,QA_CONTEXT_ONLY,historical_speed_qa_20260809,exclude_from_speed,CANONICAL_SOURCE_RECORD,REJECTED_QA_ONLY,REJECTED_HISTORICAL_QA_CONTEXT_NOT_ANCHOR,,
