player,mine_current,mine_candidate,delta,pp,raw_diff_current,raw_diff_candidate,tier_current,tier_candidate,causes_candidate,stale_candidate
矢野 雅哉,60.2,85.4,25.20,78,-17.799999999999997,7.400000000000006,1,2,"PROJECT_EVIDENCE_CONFLICT",NO_STALE_EVIDENCE
土田 龍空,62.8,83.7,20.90,66,-3.200000000000003,17.700000000000003,2,1,"PROJECT_EVIDENCE_CONFLICT|CURRENT_EVIDENCE_WEAK",NO_STALE_EVIDENCE
古賀 優大,60.6,40.3,-20.30,46,14.600000000000001,-5.700000000000003,1,1,"PROJECT_EVIDENCE_CONFLICT|POWERPRO_STALE_OR_ODD|CURRENT_EVIDENCE_WEAK",POWERPRO_STALE_SUPPORTED
岩田 幸宏,80.8,100,19.20,96,-15.200000000000003,4,3,2,"MODEL_SCALE|PROJECT_EVIDENCE_CONFLICT",NO_STALE_EVIDENCE
鈴木 大地,46.5,63.2,16.70,49,-2.5,14.200000000000003,1,1,"PROJECT_EVIDENCE_CONFLICT|CURRENT_EVIDENCE_WEAK",NO_STALE_EVIDENCE
源田 壮亮,73.8,89.9,16.10,80,-6.200000000000003,9.900000000000006,3,1,"PROJECT_EVIDENCE_CONFLICT",NO_STALE_EVIDENCE
並木 秀尊,84.1,100,15.90,97,-12.900000000000006,3,2,1,"MODEL_SCALE|PROJECT_EVIDENCE_CONFLICT|CURRENT_EVIDENCE_WEAK",NO_STALE_EVIDENCE
岡林 勇希,70.9,86.8,15.90,81,-10.099999999999994,5.799999999999997,3,2,"PROJECT_EVIDENCE_CONFLICT|POWERPRO_STALE_OR_ODD",POWERPRO_STALE_POSSIBLE
髙部 瑛斗,78.5,93.7,15.20,90,-11.5,3.700000000000003,3,2,"PROJECT_EVIDENCE_CONFLICT|POWERPRO_STALE_OR_ODD",POWERPRO_STALE_POSSIBLE
野間 峻祥,65.1,80.3,15.20,88,-22.900000000000006,-7.700000000000003,1,2,"PROJECT_EVIDENCE_CONFLICT|CURRENT_EVIDENCE_WEAK",NO_STALE_EVIDENCE
小園 海斗,63.6,78.3,14.70,79,-15.399999999999999,-0.7000000000000028,2,3,"PROJECT_EVIDENCE_CONFLICT",NO_STALE_EVIDENCE
モンテロ,60.5,46.5,-14.00,49,11.5,-2.5,1,2,"PROJECT_EVIDENCE_CONFLICT|CURRENT_EVIDENCE_WEAK",NO_STALE_EVIDENCE
村林 一輝,78.7,64.7,-14.00,69,9.700000000000003,-4.299999999999997,1,3,"PROJECT_EVIDENCE_CONFLICT|POWERPRO_STALE_OR_ODD",POWERPRO_STALE_POSSIBLE
滝澤 夏央,74,87.5,13.50,85,-11,2.5,3,3,"PROJECT_EVIDENCE_CONFLICT",NO_STALE_EVIDENCE
大島 洋平,64.5,76.8,12.30,74,-9.5,2.799999999999997,2,2,"PROJECT_EVIDENCE_CONFLICT|CURRENT_EVIDENCE_WEAK",NO_STALE_EVIDENCE
渡邊 佳明,54.3,65.2,10.90,50,4.299999999999997,15.200000000000003,3,1,"POWERPRO_STALE_OR_ODD",POWERPRO_STALE_SUPPORTED
中野 拓夢,72.6,83.4,10.80,75,-2.4000000000000057,8.400000000000006,2,2,"POWERPRO_STALE_OR_ODD",POWERPRO_STALE_SUPPORTED
藤原 恭大,73.4,84.2,10.80,85,-11.599999999999994,-0.7999999999999972,3,3,"POWERPRO_STALE_OR_ODD",POWERPRO_STALE_POSSIBLE
細川 成也,66.8,56.2,-10.60,60,6.799999999999997,-3.799999999999997,1,3,"PROJECT_EVIDENCE_CONFLICT|POWERPRO_STALE_OR_ODD",POWERPRO_STALE_POSSIBLE
秋山 翔吾,63.5,74.1,10.60,77,-13.5,-2.9000000000000057,2,3,"",NO_STALE_EVIDENCE
水野 達稀,76.1,86.5,10.40,71,5.099999999999994,15.5,1,1,"",NO_STALE_EVIDENCE
山口 航輝,61.5,52,-9.50,52,9.5,0,1,3,"PROJECT_EVIDENCE_CONFLICT|POWERPRO_STALE_OR_ODD",POWERPRO_STALE_POSSIBLE
福永 裕基,73.1,82.5,9.40,64,9.099999999999994,18.5,1,1,"POWERPRO_STALE_OR_ODD",POWERPRO_STALE_SUPPORTED
蝦名 達夫,61.8,71.2,9.40,75,-13.200000000000003,-3.799999999999997,2,3,"",NO_STALE_EVIDENCE
板山 祐太郎,66,75.3,9.30,72,-6,3.299999999999997,3,3,"POWERPRO_STALE_OR_ODD",POWERPRO_STALE_POSSIBLE
岸田 行倫,47.7,56.7,9.00,55,-7.299999999999997,1.7000000000000028,1,3,"POWERPRO_STALE_OR_ODD",POWERPRO_STALE_POSSIBLE
梶原 昂希,75.8,84.7,8.90,90,-14.200000000000003,-5.299999999999997,2,2,"CURRENT_EVIDENCE_WEAK",NO_STALE_EVIDENCE
丸山 和郁,68.7,77.1,8.40,86,-17.299999999999997,-8.900000000000006,1,2,"POWERPRO_STALE_OR_ODD|CURRENT_EVIDENCE_WEAK",POWERPRO_STALE_POSSIBLE
周東 佑京,86.8,94.8,8.00,96,-9.200000000000003,-1.2000000000000028,2,3,"POWERPRO_STALE_OR_ODD",POWERPRO_STALE_POSSIBLE
牧原 大成,76.2,84,7.80,82,-5.799999999999997,2,3,3,"POWERPRO_STALE_OR_ODD",POWERPRO_STALE_POSSIBLE
森下 翔太,55.1,62.7,7.60,60,-4.899999999999999,2.700000000000003,3,3,"POWERPRO_STALE_OR_ODD",POWERPRO_STALE_POSSIBLE
木浪 聖也,51.6,59.1,7.50,59,-7.399999999999999,0.10000000000000142,2,3,"POWERPRO_STALE_OR_ODD",POWERPRO_STALE_POSSIBLE
京田 陽太,59.2,66.4,7.20,78,-18.799999999999997,-11.599999999999994,1,2,"POWERPRO_STALE_OR_ODD",POWERPRO_STALE_SUPPORTED
海野 隆司,53.6,60.8,7.20,52,1.6000000000000014,8.799999999999997,3,3,"POWERPRO_STALE_OR_ODD",POWERPRO_STALE_POSSIBLE
郡司 裕也,67.6,60.5,-7.10,61,6.599999999999994,-0.5,1,3,"PROJECT_EVIDENCE_CONFLICT|POWERPRO_STALE_OR_ODD",POWERPRO_STALE_POSSIBLE
佐々木 俊輔,72.6,79.6,7.00,76,-3.4000000000000057,3.5999999999999943,3,3,"",NO_STALE_EVIDENCE
ファビアン,58.4,51.5,-6.90,61,-2.6000000000000014,-9.5,2,1,"PROJECT_EVIDENCE_CONFLICT|CURRENT_EVIDENCE_WEAK",NO_STALE_EVIDENCE
坂倉 将吾,55.6,62.4,6.80,68,-12.399999999999999,-5.600000000000001,1,3,"",NO_STALE_EVIDENCE
太田 光,54.9,61.5,6.60,44,10.899999999999999,17.5,2,1,"",NO_STALE_EVIDENCE
奈良間 大己,63.2,69.4,6.20,64,-0.7999999999999972,5.400000000000006,3,3,"POWERPRO_STALE_OR_ODD",POWERPRO_STALE_SUPPORTED
坂本 誠志郎,52.7,58.9,6.20,56,-3.299999999999997,2.8999999999999986,3,3,"POWERPRO_STALE_OR_ODD",POWERPRO_STALE_POSSIBLE
西野 真弘,62.5,68.5,6.00,76,-13.5,-7.5,1,2,"POWERPRO_STALE_OR_ODD|CURRENT_EVIDENCE_WEAK",POWERPRO_STALE_POSSIBLE
カリステ,60.4,66.2,5.80,82,-21.6,-15.799999999999997,1,1,"CURRENT_EVIDENCE_WEAK",NO_STALE_EVIDENCE
岡 大海,69.5,75.3,5.80,82,-12.5,-6.700000000000003,2,2,"POWERPRO_STALE_OR_ODD|CURRENT_EVIDENCE_WEAK",POWERPRO_STALE_POSSIBLE
吉川 尚輝,68.8,74.6,5.80,80,-11.200000000000003,-5.400000000000006,3,3,"POWERPRO_STALE_OR_ODD",POWERPRO_STALE_POSSIBLE
友杉 篤輝,70.2,75.9,5.70,87,-16.799999999999997,-11.099999999999994,3,2,"",NO_STALE_EVIDENCE
今宮 健太,54,59.7,5.70,66,-12,-6.299999999999997,1,3,"POWERPRO_STALE_OR_ODD",POWERPRO_STALE_POSSIBLE
木下 拓哉,46.9,52.2,5.30,39,7.899999999999999,13.200000000000003,2,1,"POWERPRO_STALE_OR_ODD|CURRENT_EVIDENCE_WEAK",POWERPRO_STALE_SUPPORTED
若月 健矢,56,61.3,5.30,48,8,13.299999999999997,3,1,"",NO_STALE_EVIDENCE
度会 隆輝,63,68.1,5.10,65,-2,3.0999999999999943,3,3,"POWERPRO_STALE_OR_ODD",POWERPRO_STALE_POSSIBLE
菊池 涼介,63.7,68.6,4.90,72,-8.299999999999997,-3.4000000000000057,3,3,"POWERPRO_STALE_OR_ODD",POWERPRO_STALE_POSSIBLE
柳町 達,61.5,66.2,4.70,67,-5.5,-0.7999999999999972,3,3,"",NO_STALE_EVIDENCE
松本 剛,60.8,65.3,4.50,69,-8.200000000000003,-3.700000000000003,3,3,"POWERPRO_STALE_OR_ODD",POWERPRO_STALE_POSSIBLE
高橋 周平,47.4,51.9,4.50,46,1.3999999999999986,5.899999999999999,3,3,"POWERPRO_STALE_OR_ODD",POWERPRO_STALE_POSSIBLE
田中 幹也,75.6,79.9,4.30,83,-7.400000000000006,-3.0999999999999943,3,3,"POWERPRO_STALE_OR_ODD",POWERPRO_STALE_POSSIBLE
石井 一成,69.2,73.4,4.20,79,-9.799999999999997,-5.599999999999994,3,3,"POWERPRO_STALE_OR_ODD",POWERPRO_STALE_POSSIBLE
外崎 修汰,65.4,61.4,-4.00,68,-2.5999999999999943,-6.600000000000001,2,2,"CURRENT_EVIDENCE_WEAK",NO_STALE_EVIDENCE
山本 祐大,57.9,61.8,3.90,61,-3.1000000000000014,0.7999999999999972,3,3,"POWERPRO_STALE_OR_ODD",POWERPRO_STALE_POSSIBLE
野村 佑希,61.1,57.3,-3.80,52,9.100000000000001,5.299999999999997,1,3,"POWERPRO_STALE_OR_ODD",POWERPRO_STALE_POSSIBLE
筒香 嘉智,50.6,46.8,-3.80,45,5.600000000000001,1.7999999999999972,3,3,"",NO_STALE_EVIDENCE
林 琢真,64.8,68.6,3.80,82,-17.200000000000003,-13.400000000000006,2,1,"",NO_STALE_EVIDENCE
西川 龍馬,58.5,62.1,3.60,72,-13.5,-9.899999999999999,1,2,"POWERPRO_STALE_OR_ODD",POWERPRO_STALE_SUPPORTED
サンタナ,54.9,51.6,-3.30,47,7.899999999999999,4.600000000000001,3,3,"",NO_STALE_EVIDENCE
佐野 恵太,53.5,50.2,-3.30,48,5.5,2.200000000000003,3,3,"POWERPRO_STALE_OR_ODD",POWERPRO_STALE_POSSIBLE
中川 圭太,68.9,72.1,3.20,74,-5.099999999999994,-1.9000000000000057,3,3,"",NO_STALE_EVIDENCE
山川 穂高,45.2,42.1,-3.10,47,-1.7999999999999972,-4.899999999999999,2,2,"",NO_STALE_EVIDENCE
来田 涼斗,67.5,70.5,3.00,85,-17.5,-14.5,2,1,"",NO_STALE_EVIDENCE
浅村 栄斗,52.9,49.9,-3.00,35,17.9,14.899999999999999,1,2,"",NO_STALE_EVIDENCE
伏見 寅威,44.3,47.1,2.80,40,4.299999999999997,7.100000000000001,2,2,"POWERPRO_STALE_OR_ODD|CURRENT_EVIDENCE_WEAK",POWERPRO_STALE_POSSIBLE
柳田 悠岐,64.3,61.8,-2.50,67,-2.700000000000003,-5.200000000000003,2,3,"",NO_STALE_EVIDENCE
正木 智也,58.2,60.5,2.30,48,10.200000000000003,12.5,1,1,"POWERPRO_STALE_OR_ODD|CURRENT_EVIDENCE_WEAK",POWERPRO_STALE_SUPPORTED
太田 椋,61.5,59.3,-2.20,64,-2.5,-4.700000000000003,2,3,"",NO_STALE_EVIDENCE
佐藤 輝明,65.2,67.4,2.20,68,-2.799999999999997,-0.5999999999999943,3,3,"POWERPRO_STALE_OR_ODD",POWERPRO_STALE_POSSIBLE
佐藤 都志也,59.6,61.6,2.00,71,-11.399999999999999,-9.399999999999999,2,2,"POWERPRO_STALE_OR_ODD",POWERPRO_STALE_SUPPORTED
森 友哉,58.8,60.7,1.90,65,-6.200000000000003,-4.299999999999997,3,3,"POWERPRO_STALE_OR_ODD",POWERPRO_STALE_POSSIBLE
大城 卓三,44.7,46.5,1.80,24,20.700000000000003,22.5,1,1,"",NO_STALE_EVIDENCE
宗 佑磨,63.1,61.4,-1.70,76,-12.899999999999999,-14.600000000000001,1,1,"",NO_STALE_EVIDENCE
藤岡 裕大,55.3,53.9,-1.40,65,-9.700000000000003,-11.100000000000001,1,1,"CURRENT_EVIDENCE_WEAK",NO_STALE_EVIDENCE
長岡 秀樹,61,59.6,-1.40,58,3,1.6000000000000014,3,3,"POWERPRO_STALE_OR_ODD",POWERPRO_STALE_POSSIBLE
村松 開人,74.2,75.6,1.40,80,-5.799999999999997,-4.400000000000006,2,3,"",NO_STALE_EVIDENCE
丸 佳浩,59.5,58.2,-1.30,65,-5.5,-6.799999999999997,3,2,"",NO_STALE_EVIDENCE
ポランコ,57.9,59.1,1.20,63,-5.100000000000001,-3.8999999999999986,3,3,"",NO_STALE_EVIDENCE
小川 龍成,74.1,75.2,1.10,86,-11.900000000000006,-10.799999999999997,2,2,"",NO_STALE_EVIDENCE
宮﨑 敏郎,52.3,53.4,1.10,33,19.299999999999997,20.4,1,1,"",NO_STALE_EVIDENCE
近藤 健介,58.2,57.1,-1.10,64,-5.799999999999997,-6.899999999999999,3,2,"POWERPRO_STALE_OR_ODD",POWERPRO_STALE_POSSIBLE
清宮 幸太郎,61.7,60.8,-0.90,56,5.700000000000003,4.799999999999997,2,3,"POWERPRO_STALE_OR_ODD",POWERPRO_STALE_POSSIBLE
小幡 竜平,69.8,70.5,0.70,77,-7.200000000000003,-6.5,2,2,"POWERPRO_STALE_OR_ODD|CURRENT_EVIDENCE_WEAK",POWERPRO_STALE_POSSIBLE
牧 秀悟,61.1,60.4,-0.70,67,-5.899999999999999,-6.600000000000001,3,3,"",NO_STALE_EVIDENCE
大山 悠輔,53.4,52.7,-0.70,58,-4.600000000000001,-5.299999999999997,3,3,"POWERPRO_STALE_OR_ODD",POWERPRO_STALE_POSSIBLE
石川 昂弥,54.1,53.5,-0.60,41,13.100000000000001,12.5,2,2,"POWERPRO_STALE_OR_ODD",POWERPRO_STALE_SUPPORTED
古賀 悠斗,54.1,53.6,-0.50,47,7.100000000000001,6.600000000000001,3,3,"",NO_STALE_EVIDENCE
田宮 裕涼,66.8,66.3,-0.50,68,-1.2000000000000028,-1.7000000000000028,2,3,"",NO_STALE_EVIDENCE
栗原 陵矢,59.3,59.8,0.50,59,0.29999999999999716,0.7999999999999972,3,3,"",NO_STALE_EVIDENCE
中村 悠平,52.8,52.4,-0.40,56,-3.200000000000003,-3.6000000000000014,2,2,"POWERPRO_STALE_OR_ODD|CURRENT_EVIDENCE_WEAK",POWERPRO_STALE_POSSIBLE
紅林 弘太郎,54.9,54.5,-0.40,56,-1.1000000000000014,-1.5,3,3,"POWERPRO_STALE_OR_ODD",POWERPRO_STALE_POSSIBLE
梅野 隆太郎,54.2,54.5,0.30,57,-2.799999999999997,-2.5,2,2,"CURRENT_EVIDENCE_WEAK",NO_STALE_EVIDENCE
安田 尚憲,47.2,47.1,-0.10,46,1.2000000000000028,1.1000000000000014,3,3,"POWERPRO_STALE_OR_ODD",POWERPRO_STALE_POSSIBLE
ソト,42.7,42.7,0.00,40,2.700000000000003,2.700000000000003,3,3,"",NO_STALE_EVIDENCE
