player,player_id,team,sprint_kmh,final_rating,final_low,final_high,confidence,primary_evidence_class,secondary_evidence_class,anchor_status,sns_classification,video_classification,temporal_status,metric_conflict,decision_class,short_rationale,prior_provisional_baseline_rating,prior_provisional_rounded_rating,point_change_vs_prior_provisional,prior_comparison_status,rating_derivation
中川 圭太,51255138,オリックス・バファローズ,32.6,75,68,82,LOW_MEDIUM,CURRENT_NPB_PLUS_ORDINAL,NO_INDEPENDENT_SECONDARY_PHYSICAL_EVIDENCE,ANCHOR_RESOLVED_MODERATE,NOT_IN_SNS_TIEBREAK_SCOPE,NOT_IN_VIDEO_TIEBREAK_SCOPE,CURRENT_NPB_PLUS_2026_NO_DIRECT_CURRENT_MEASUREMENT,NONE,UNCHANGED_AFTER_FULL_REAPPRAISAL,2026 NPB+ 32.6km/hの同一100人内順位を現行中心として明示affirm。個人別の比較可能な現行加速計測が公開されないため、NPB+公開sample不明をレンジに反映。,74.502,75,0,UNCHANGED,AFFIRMATIVE_ROUNDED_BLIND_V3_SCALE_REFERENCE
太田 椋,91395138,オリックス・バファローズ,31.7,66,59,73,LOW_MEDIUM,CURRENT_NPB_PLUS_ORDINAL,NO_INDEPENDENT_SECONDARY_PHYSICAL_EVIDENCE,ANCHOR_RESOLVED_MODERATE,NOT_IN_SNS_TIEBREAK_SCOPE,NOT_IN_VIDEO_TIEBREAK_SCOPE,CURRENT_NPB_PLUS_2026_NO_DIRECT_CURRENT_MEASUREMENT,NONE,UNCHANGED_AFTER_FULL_REAPPRAISAL,2026 NPB+ 31.7km/hの同一100人内順位を現行中心として明示affirm。個人別の比較可能な現行加速計測が公開されないため、NPB+公開sample不明をレンジに反映。,66.424,66,0,UNCHANGED,AFFIRMATIVE_ROUNDED_BLIND_V3_SCALE_REFERENCE
宗 佑磨,11815130,オリックス・バファローズ,31.9,68,61,75,LOW_MEDIUM,CURRENT_NPB_PLUS_ORDINAL,NO_INDEPENDENT_SECONDARY_PHYSICAL_EVIDENCE,ANCHOR_RESOLVED_MODERATE,NOT_IN_SNS_TIEBREAK_SCOPE,NOT_IN_VIDEO_TIEBREAK_SCOPE,CURRENT_NPB_PLUS_2026_NO_DIRECT_CURRENT_MEASUREMENT,NONE,UNCHANGED_AFTER_FULL_REAPPRAISAL,2026 NPB+ 31.9km/hの同一100人内順位を現行中心として明示affirm。個人別の比較可能な現行加速計測が公開されないため、NPB+公開sample不明をレンジに反映。,68.219,68,0,UNCHANGED,AFFIRMATIVE_ROUNDED_BLIND_V3_SCALE_REFERENCE
来田 涼斗,51955153,オリックス・バファローズ,32.4,73,66,80,LOW_MEDIUM,CURRENT_NPB_PLUS_ORDINAL,HISTORICAL_PROFILE_CONTEXT_ONLY,ANCHOR_RESOLVED_MODERATE,NOT_IN_SNS_TIEBREAK_SCOPE,NOT_IN_VIDEO_TIEBREAK_SCOPE,CURRENT_NPB_PLUS_2026_NO_DIRECT_CURRENT_MEASUREMENT,NONE,UNCHANGED_AFTER_FULL_REAPPRAISAL,2026 NPB+ 32.4km/hの同一100人内順位を現行中心として明示affirm。個人別の比較可能な現行加速計測が公開されないため、NPB+公開sample不明をレンジに反映。,72.707,73,0,UNCHANGED,AFFIRMATIVE_ROUNDED_BLIND_V3_SCALE_REFERENCE
森 友哉,91495139,オリックス・バファローズ,31.2,62,55,69,LOW_MEDIUM,CURRENT_NPB_PLUS_ORDINAL,HISTORICAL_PROFILE_CONTEXT_ONLY,ANCHOR_RESOLVED_MODERATE,NOT_IN_SNS_TIEBREAK_SCOPE,NOT_IN_VIDEO_TIEBREAK_SCOPE,CURRENT_NPB_PLUS_2026_NO_DIRECT_CURRENT_MEASUREMENT,NONE,UNCHANGED_AFTER_FULL_REAPPRAISAL,2026 NPB+ 31.2km/hの同一100人内順位を現行中心として明示affirm。個人別の比較可能な現行加速計測が公開されないため、NPB+公開sample不明をレンジに反映。,61.937,62,0,UNCHANGED,AFFIRMATIVE_ROUNDED_BLIND_V3_SCALE_REFERENCE
紅林 弘太郎,91995151,オリックス・バファローズ,30.7,57,50,64,LOW_MEDIUM,CURRENT_NPB_PLUS_ORDINAL,NO_INDEPENDENT_SECONDARY_PHYSICAL_EVIDENCE,ANCHOR_RESOLVED_MODERATE,NOT_IN_SNS_TIEBREAK_SCOPE,NOT_IN_VIDEO_TIEBREAK_SCOPE,CURRENT_NPB_PLUS_2026_NO_DIRECT_CURRENT_MEASUREMENT,NONE,UNCHANGED_AFTER_FULL_REAPPRAISAL,2026 NPB+ 30.7km/hの同一100人内順位を現行中心として明示affirm。個人別の比較可能な現行加速計測が公開されないため、NPB+公開sample不明をレンジに反映。,57.449,57,0,UNCHANGED,AFFIRMATIVE_ROUNDED_BLIND_V3_SCALE_REFERENCE
若月 健矢,41645139,オリックス・バファローズ,30.7,57,50,64,LOW_MEDIUM,CURRENT_NPB_PLUS_ORDINAL,NO_INDEPENDENT_SECONDARY_PHYSICAL_EVIDENCE,ANCHOR_RESOLVED_MODERATE,NOT_IN_SNS_TIEBREAK_SCOPE,NOT_IN_VIDEO_TIEBREAK_SCOPE,CURRENT_NPB_PLUS_2026_NO_DIRECT_CURRENT_MEASUREMENT,NONE,UNCHANGED_AFTER_FULL_REAPPRAISAL,2026 NPB+ 30.7km/hの同一100人内順位を現行中心として明示affirm。個人別の比較可能な現行加速計測が公開されないため、NPB+公開sample不明をレンジに反映。,57.449,57,0,UNCHANGED,AFFIRMATIVE_ROUNDED_BLIND_V3_SCALE_REFERENCE
西川 龍馬,71475132,オリックス・バファローズ,31.1,61,54,68,LOW_MEDIUM,CURRENT_NPB_PLUS_ORDINAL,NO_INDEPENDENT_SECONDARY_PHYSICAL_EVIDENCE,ANCHOR_RESOLVED_MODERATE,NOT_IN_SNS_TIEBREAK_SCOPE,NOT_IN_VIDEO_TIEBREAK_SCOPE,CURRENT_NPB_PLUS_2026_NO_DIRECT_CURRENT_MEASUREMENT,NONE,UNCHANGED_AFTER_FULL_REAPPRAISAL,2026 NPB+ 31.1km/hの同一100人内順位を現行中心として明示affirm。個人別の比較可能な現行加速計測が公開されないため、NPB+公開sample不明をレンジに反映。,61.039,61,0,UNCHANGED,AFFIRMATIVE_ROUNDED_BLIND_V3_SCALE_REFERENCE
西野 真弘,91495130,オリックス・バファローズ,31.6,66,59,73,LOW_MEDIUM,CURRENT_NPB_PLUS_ORDINAL,NO_INDEPENDENT_SECONDARY_PHYSICAL_EVIDENCE,SNS_TIEBREAK,INSUFFICIENT_SNS_EVIDENCE,VIDEO_INCONCLUSIVE,CURRENT_NPB_PLUS_2026_NO_DIRECT_CURRENT_MEASUREMENT,NONE,AFFIRMED_CURRENT_ORDINAL_WITH_UNRESOLVED_TARGETED_GAP,2026 NPB+ 31.6km/hの同一100人内順位を現行中心として明示affirm。targeted physical / X / videoでは現行方向を追加解決できず、不確実性に反映。動画はusable current full-effort play=0で、数値入力にしていない。,65.527,66,0,UNCHANGED,AFFIRMATIVE_ROUNDED_BLIND_V3_SCALE_REFERENCE
カリステ,93795157,中日ドラゴンズ,31.3,63,56,70,LOW_MEDIUM,CURRENT_NPB_PLUS_ORDINAL,HISTORICAL_DIRECT_T90_CONTEXT_ONLY,SNS_TIEBREAK,INSUFFICIENT_SNS_EVIDENCE,VIDEO_INCONCLUSIVE,HISTORICAL_DIRECT_T90_2017_CONTEXT_ONLY,NONE,AFFIRMED_CURRENT_ORDINAL_WITH_HISTORICAL_DIRECT_CONTEXT,2026 NPB+ 31.3km/hの同一100人内順位を現行中心として明示affirm。公式直接T90（2017年）は歴史文脈のみで、現行点を自動補正しない。動画はusable current full-effort play=0で、数値入力にしていない。,62.834,63,0,UNCHANGED,AFFIRMATIVE_ROUNDED_BLIND_V3_SCALE_REFERENCE
土田 龍空,51455153,中日ドラゴンズ,31.2,62,52,72,LOW,CURRENT_NPB_PLUS_ORDINAL,NO_INDEPENDENT_SECONDARY_PHYSICAL_EVIDENCE,SNS_TIEBREAK,MIXED_CONSENSUS,VIDEO_INCONCLUSIVE,CURRENT_NPB_PLUS_2026_NO_DIRECT_CURRENT_MEASUREMENT,NONE,UNCHANGED_AFTER_FULL_REAPPRAISAL_MIXED_BAND_WIDENED,2026 NPB+ 31.2km/hの同一100人内順位を現行中心として明示affirm。異metricまたはSNS混在は点を平均せず、レンジ拡大で表現。targeted physical / X / videoでは現行方向を追加解決できず、不確実性に反映。動画はusable current full-effort play=0で、数値入力にしていない。,61.937,62,0,UNCHANGED,AFFIRMATIVE_ROUNDED_BLIND_V3_SCALE_REFERENCE
大島 洋平,01305131,中日ドラゴンズ,31.7,66,59,73,LOW_MEDIUM,CURRENT_NPB_PLUS_ORDINAL,NO_INDEPENDENT_SECONDARY_PHYSICAL_EVIDENCE,SNS_TIEBREAK,INSUFFICIENT_SNS_EVIDENCE,VIDEO_INCONCLUSIVE,CURRENT_NPB_PLUS_2026_NO_DIRECT_CURRENT_MEASUREMENT,NONE,AFFIRMED_CURRENT_ORDINAL_WITH_UNRESOLVED_TARGETED_GAP,2026 NPB+ 31.7km/hの同一100人内順位を現行中心として明示affirm。targeted physical / X / videoでは現行方向を追加解決できず、不確実性に反映。動画はusable current full-effort play=0で、数値入力にしていない。,66.424,66,0,UNCHANGED,AFFIRMATIVE_ROUNDED_BLIND_V3_SCALE_REFERENCE
岡林 勇希,81585151,中日ドラゴンズ,32.5,74,67,81,LOW_MEDIUM,CURRENT_NPB_PLUS_ORDINAL,HISTORICAL_PROFILE_CONTEXT_ONLY,ANCHOR_RESOLVED_MODERATE,NOT_IN_SNS_TIEBREAK_SCOPE,NOT_IN_VIDEO_TIEBREAK_SCOPE,CURRENT_NPB_PLUS_2026_NO_DIRECT_CURRENT_MEASUREMENT,NONE,UNCHANGED_AFTER_FULL_REAPPRAISAL,2026 NPB+ 32.5km/hの同一100人内順位を現行中心として明示affirm。個人別の比較可能な現行加速計測が公開されないため、NPB+公開sample不明をレンジに反映。,73.604,74,0,UNCHANGED,AFFIRMATIVE_ROUNDED_BLIND_V3_SCALE_REFERENCE
木下 拓哉,31735132,中日ドラゴンズ,29.4,46,41,51,MEDIUM,CURRENT_NPB_PLUS_ORDINAL,NO_INDEPENDENT_SECONDARY_PHYSICAL_EVIDENCE,SNS_TIEBREAK,SUPPORTS_CURRENT_ORDINAL,NOT_IN_VIDEO_TIEBREAK_SCOPE,CURRENT_NPB_PLUS_2026_NO_DIRECT_CURRENT_MEASUREMENT,NONE,AFFIRMED_CURRENT_ORDINAL_WITH_SNS_SUPPORT,2026 NPB+ 29.4km/hの同一100人内順位を現行中心として明示affirm。独立SNSは現行bandの支持にのみ用い、点数加算はしない。個人別の比較可能な現行加速計測が公開されないため、NPB+公開sample不明をレンジに反映。,45.781,46,0,UNCHANGED,AFFIRMATIVE_ROUNDED_BLIND_V3_SCALE_REFERENCE
村松 開人,03105157,中日ドラゴンズ,33.4,82,75,89,LOW_MEDIUM,CURRENT_NPB_PLUS_ORDINAL,NO_INDEPENDENT_SECONDARY_PHYSICAL_EVIDENCE,ANCHOR_RESOLVED_MODERATE,NOT_IN_SNS_TIEBREAK_SCOPE,NOT_IN_VIDEO_TIEBREAK_SCOPE,CURRENT_NPB_PLUS_2026_NO_DIRECT_CURRENT_MEASUREMENT,NONE,UNCHANGED_AFTER_FULL_REAPPRAISAL,2026 NPB+ 33.4km/hの同一100人内順位を現行中心として明示affirm。個人別の比較可能な現行加速計測が公開されないため、NPB+公開sample不明をレンジに反映。,81.682,82,0,UNCHANGED,AFFIRMATIVE_ROUNDED_BLIND_V3_SCALE_REFERENCE
板山 祐太郎,91395132,中日ドラゴンズ,32,69,62,76,LOW_MEDIUM,CURRENT_NPB_PLUS_ORDINAL,NO_INDEPENDENT_SECONDARY_PHYSICAL_EVIDENCE,ANCHOR_RESOLVED_MODERATE,NOT_IN_SNS_TIEBREAK_SCOPE,NOT_IN_VIDEO_TIEBREAK_SCOPE,CURRENT_NPB_PLUS_2026_NO_DIRECT_CURRENT_MEASUREMENT,NONE,UNCHANGED_AFTER_FULL_REAPPRAISAL,2026 NPB+ 32.0km/hの同一100人内順位を現行中心として明示affirm。個人別の比較可能な現行加速計測が公開されないため、NPB+公開sample不明をレンジに反映。,69.117,69,0,UNCHANGED,AFFIRMATIVE_ROUNDED_BLIND_V3_SCALE_REFERENCE
田中 幹也,21025157,中日ドラゴンズ,33.5,83,76,90,LOW_MEDIUM,CURRENT_NPB_PLUS_ORDINAL,HISTORICAL_PROFILE_CONTEXT_ONLY,ANCHOR_RESOLVED_MODERATE,NOT_IN_SNS_TIEBREAK_SCOPE,NOT_IN_VIDEO_TIEBREAK_SCOPE,CURRENT_NPB_PLUS_2026_NO_DIRECT_CURRENT_MEASUREMENT,NONE,UNCHANGED_AFTER_FULL_REAPPRAISAL,2026 NPB+ 33.5km/hの同一100人内順位を現行中心として明示affirm。個人別の比較可能な現行加速計測が公開されないため、NPB+公開sample不明をレンジに反映。,82.58,83,0,UNCHANGED,AFFIRMATIVE_ROUNDED_BLIND_V3_SCALE_REFERENCE
石川 昂弥,91195151,中日ドラゴンズ,30.6,57,50,64,LOW_MEDIUM,CURRENT_NPB_PLUS_ORDINAL,NO_INDEPENDENT_SECONDARY_PHYSICAL_EVIDENCE,ANCHOR_RESOLVED_MODERATE,NOT_IN_SNS_TIEBREAK_SCOPE,NOT_IN_VIDEO_TIEBREAK_SCOPE,CURRENT_NPB_PLUS_2026_NO_DIRECT_CURRENT_MEASUREMENT,NONE,UNCHANGED_AFTER_FULL_REAPPRAISAL,2026 NPB+ 30.6km/hの同一100人内順位を現行中心として明示affirm。個人別の比較可能な現行加速計測が公開されないため、NPB+公開sample不明をレンジに反映。,56.552,57,0,UNCHANGED,AFFIRMATIVE_ROUNDED_BLIND_V3_SCALE_REFERENCE
福永 裕基,81685157,中日ドラゴンズ,33,78,71,85,LOW_MEDIUM,CURRENT_NPB_PLUS_ORDINAL,NO_INDEPENDENT_SECONDARY_PHYSICAL_EVIDENCE,ANCHOR_RESOLVED_MODERATE,NOT_IN_SNS_TIEBREAK_SCOPE,NOT_IN_VIDEO_TIEBREAK_SCOPE,CURRENT_NPB_PLUS_2026_NO_DIRECT_CURRENT_MEASUREMENT,NONE,UNCHANGED_AFTER_FULL_REAPPRAISAL,2026 NPB+ 33.0km/hの同一100人内順位を現行中心として明示affirm。個人別の比較可能な現行加速計測が公開されないため、NPB+公開sample不明をレンジに反映。,78.092,78,0,UNCHANGED,AFFIRMATIVE_ROUNDED_BLIND_V3_SCALE_REFERENCE
細川 成也,31835134,中日ドラゴンズ,32.7,75,68,82,LOW_MEDIUM,CURRENT_NPB_PLUS_ORDINAL,HISTORICAL_PROFILE_CONTEXT_ONLY,ANCHOR_RESOLVED_MODERATE,NOT_IN_SNS_TIEBREAK_SCOPE,NOT_IN_VIDEO_TIEBREAK_SCOPE,CURRENT_NPB_PLUS_2026_NO_DIRECT_CURRENT_MEASUREMENT,NONE,UNCHANGED_AFTER_FULL_REAPPRAISAL,2026 NPB+ 32.7km/hの同一100人内順位を現行中心として明示affirm。個人別の比較可能な現行加速計測が公開されないため、NPB+公開sample不明をレンジに反映。,75.399,75,0,UNCHANGED,AFFIRMATIVE_ROUNDED_BLIND_V3_SCALE_REFERENCE
高橋 周平,91095135,中日ドラゴンズ,29.5,47,40,54,LOW_MEDIUM,CURRENT_NPB_PLUS_ORDINAL,NO_INDEPENDENT_SECONDARY_PHYSICAL_EVIDENCE,ANCHOR_RESOLVED_MODERATE,NOT_IN_SNS_TIEBREAK_SCOPE,NOT_IN_VIDEO_TIEBREAK_SCOPE,CURRENT_NPB_PLUS_2026_NO_DIRECT_CURRENT_MEASUREMENT,NONE,UNCHANGED_AFTER_FULL_REAPPRAISAL,2026 NPB+ 29.5km/hの同一100人内順位を現行中心として明示affirm。個人別の比較可能な現行加速計測が公開されないため、NPB+公開sample不明をレンジに反映。,46.679,47,0,UNCHANGED,AFFIRMATIVE_ROUNDED_BLIND_V3_SCALE_REFERENCE
奈良間 大己,31435157,北海道日本ハムファイターズ,31.7,66,59,73,LOW_MEDIUM,CURRENT_NPB_PLUS_ORDINAL,HISTORICAL_STANDARDIZED_SHORT_DISTANCE_CONTEXT_ONLY,ANCHOR_RESOLVED_MODERATE,NOT_IN_SNS_TIEBREAK_SCOPE,VIDEO_INCONCLUSIVE,CURRENT_NPB_PLUS_2026_NO_DIRECT_CURRENT_MEASUREMENT,NONE,AFFIRMED_CURRENT_ORDINAL_WITH_UNRESOLVED_TARGETED_GAP,2026 NPB+ 31.7km/hの同一100人内順位を現行中心として明示affirm。targeted physical / X / videoでは現行方向を追加解決できず、不確実性に反映。動画はusable current full-effort play=0で、数値入力にしていない。,66.424,66,0,UNCHANGED,AFFIRMATIVE_ROUNDED_BLIND_V3_SCALE_REFERENCE
水野 達稀,63165155,北海道日本ハムファイターズ,33.4,82,75,89,LOW_MEDIUM,CURRENT_NPB_PLUS_ORDINAL,NO_INDEPENDENT_SECONDARY_PHYSICAL_EVIDENCE,ANCHOR_RESOLVED_MODERATE,NOT_IN_SNS_TIEBREAK_SCOPE,NOT_IN_VIDEO_TIEBREAK_SCOPE,CURRENT_NPB_PLUS_2026_NO_DIRECT_CURRENT_MEASUREMENT,NONE,UNCHANGED_AFTER_FULL_REAPPRAISAL,2026 NPB+ 33.4km/hの同一100人内順位を現行中心として明示affirm。個人別の比較可能な現行加速計測が公開されないため、NPB+公開sample不明をレンジに反映。,81.682,82,0,UNCHANGED,AFFIRMATIVE_ROUNDED_BLIND_V3_SCALE_REFERENCE
清宮 幸太郎,41545136,北海道日本ハムファイターズ,31.7,66,59,73,LOW_MEDIUM,CURRENT_NPB_PLUS_ORDINAL,HISTORICAL_PROFILE_CONTEXT_ONLY,ANCHOR_RESOLVED_MODERATE,NOT_IN_SNS_TIEBREAK_SCOPE,NOT_IN_VIDEO_TIEBREAK_SCOPE,CURRENT_NPB_PLUS_2026_NO_DIRECT_CURRENT_MEASUREMENT,NONE,UNCHANGED_AFTER_FULL_REAPPRAISAL,2026 NPB+ 31.7km/hの同一100人内順位を現行中心として明示affirm。個人別の比較可能な現行加速計測が公開されないため、NPB+公開sample不明をレンジに反映。,66.424,66,0,UNCHANGED,AFFIRMATIVE_ROUNDED_BLIND_V3_SCALE_REFERENCE
田宮 裕涼,51055138,北海道日本ハムファイターズ,32.4,73,66,80,LOW_MEDIUM,CURRENT_NPB_PLUS_ORDINAL,HISTORICAL_PROFILE_CONTEXT_ONLY,ANCHOR_RESOLVED_MODERATE,NOT_IN_SNS_TIEBREAK_SCOPE,NOT_IN_VIDEO_TIEBREAK_SCOPE,CURRENT_NPB_PLUS_2026_NO_DIRECT_CURRENT_MEASUREMENT,NONE,UNCHANGED_AFTER_FULL_REAPPRAISAL,2026 NPB+ 32.4km/hの同一100人内順位を現行中心として明示affirm。個人別の比較可能な現行加速計測が公開されないため、NPB+公開sample不明をレンジに反映。,72.707,73,0,UNCHANGED,AFFIRMATIVE_ROUNDED_BLIND_V3_SCALE_REFERENCE
郡司 裕也,21925151,北海道日本ハムファイターズ,32.7,75,68,82,LOW_MEDIUM,CURRENT_NPB_PLUS_ORDINAL,NO_INDEPENDENT_SECONDARY_PHYSICAL_EVIDENCE,ANCHOR_RESOLVED_MODERATE,NOT_IN_SNS_TIEBREAK_SCOPE,NOT_IN_VIDEO_TIEBREAK_SCOPE,CURRENT_NPB_PLUS_2026_NO_DIRECT_CURRENT_MEASUREMENT,NONE,UNCHANGED_AFTER_FULL_REAPPRAISAL,2026 NPB+ 32.7km/hの同一100人内順位を現行中心として明示affirm。個人別の比較可能な現行加速計測が公開されないため、NPB+公開sample不明をレンジに反映。,75.399,75,0,UNCHANGED,AFFIRMATIVE_ROUNDED_BLIND_V3_SCALE_REFERENCE
野村 佑希,31435138,北海道日本ハムファイターズ,31.7,66,59,73,LOW_MEDIUM,CURRENT_NPB_PLUS_ORDINAL,NO_INDEPENDENT_SECONDARY_PHYSICAL_EVIDENCE,ANCHOR_RESOLVED_MODERATE,NOT_IN_SNS_TIEBREAK_SCOPE,NOT_IN_VIDEO_TIEBREAK_SCOPE,CURRENT_NPB_PLUS_2026_NO_DIRECT_CURRENT_MEASUREMENT,NONE,UNCHANGED_AFTER_FULL_REAPPRAISAL,2026 NPB+ 31.7km/hの同一100人内順位を現行中心として明示affirm。個人別の比較可能な現行加速計測が公開されないため、NPB+公開sample不明をレンジに反映。,66.424,66,0,UNCHANGED,AFFIRMATIVE_ROUNDED_BLIND_V3_SCALE_REFERENCE
ソト,03505133,千葉ロッテマリーンズ,30.1,52,45,59,LOW_MEDIUM,CURRENT_NPB_PLUS_ORDINAL,NO_INDEPENDENT_SECONDARY_PHYSICAL_EVIDENCE,ANCHOR_RESOLVED_MODERATE,NOT_IN_SNS_TIEBREAK_SCOPE,NOT_IN_VIDEO_TIEBREAK_SCOPE,CURRENT_NPB_PLUS_2026_NO_DIRECT_CURRENT_MEASUREMENT,NONE,UNCHANGED_AFTER_FULL_REAPPRAISAL,2026 NPB+ 30.1km/hの同一100人内順位を現行中心として明示affirm。個人別の比較可能な現行加速計測が公開されないため、NPB+公開sample不明をレンジに反映。,52.064,52,0,UNCHANGED,AFFIRMATIVE_ROUNDED_BLIND_V3_SCALE_REFERENCE
ポランコ,63065155,千葉ロッテマリーンズ,31.1,61,54,68,LOW_MEDIUM,CURRENT_NPB_PLUS_ORDINAL,HISTORICAL_DIRECT_T90_CONTEXT_ONLY,ANCHOR_RESOLVED_MODERATE,NOT_IN_SNS_TIEBREAK_SCOPE,VIDEO_INCONCLUSIVE,HISTORICAL_DIRECT_T90_2021_CONTEXT_ONLY,NONE,AFFIRMED_CURRENT_ORDINAL_WITH_HISTORICAL_DIRECT_CONTEXT,2026 NPB+ 31.1km/hの同一100人内順位を現行中心として明示affirm。公式直接T90（2021年）は歴史文脈のみで、現行点を自動補正しない。動画はusable current full-effort play=0で、数値入力にしていない。,61.039,61,0,UNCHANGED,AFFIRMATIVE_ROUNDED_BLIND_V3_SCALE_REFERENCE
佐藤 都志也,71075151,千葉ロッテマリーンズ,31.3,63,56,70,LOW_MEDIUM,CURRENT_NPB_PLUS_ORDINAL,HISTORICAL_PROFILE_CONTEXT_ONLY,ANCHOR_RESOLVED_MODERATE,NOT_IN_SNS_TIEBREAK_SCOPE,NOT_IN_VIDEO_TIEBREAK_SCOPE,CURRENT_NPB_PLUS_2026_NO_DIRECT_CURRENT_MEASUREMENT,NONE,UNCHANGED_AFTER_FULL_REAPPRAISAL,2026 NPB+ 31.3km/hの同一100人内順位を現行中心として明示affirm。個人別の比較可能な現行加速計測が公開されないため、NPB+公開sample不明をレンジに反映。,62.834,63,0,UNCHANGED,AFFIRMATIVE_ROUNDED_BLIND_V3_SCALE_REFERENCE
友杉 篤輝,71275157,千葉ロッテマリーンズ,32.7,75,65,85,LOW,CURRENT_NPB_PLUS_ORDINAL,HISTORICAL_STANDARDIZED_SHORT_DISTANCE_CONTEXT_ONLY,SNS_TIEBREAK,METRIC_CONSTRUCT_CONFLICT,VIDEO_INCONCLUSIVE,CURRENT_NPB_PLUS_2026_NO_DIRECT_CURRENT_MEASUREMENT,HISTORICAL_STANDARDIZED_50M_AND_CURRENT_NPB_PLUS_CONFLICT,UNCHANGED_AFTER_FULL_REAPPRAISAL_CONFLICT_BAND_WIDENED,2026 NPB+ 32.7km/hの同一100人内順位を現行中心として明示affirm。異metricまたはSNS混在は点を平均せず、レンジ拡大で表現。targeted physical / X / videoでは現行方向を追加解決できず、不確実性に反映。動画はusable current full-effort play=0で、数値入力にしていない。,75.399,75,0,UNCHANGED,AFFIRMATIVE_ROUNDED_BLIND_V3_SCALE_REFERENCE
安田 尚憲,81885136,千葉ロッテマリーンズ,29.6,48,41,55,LOW_MEDIUM,CURRENT_NPB_PLUS_ORDINAL,HISTORICAL_PROFILE_CONTEXT_ONLY,ANCHOR_RESOLVED_MODERATE,NOT_IN_SNS_TIEBREAK_SCOPE,NOT_IN_VIDEO_TIEBREAK_SCOPE,CURRENT_NPB_PLUS_2026_NO_DIRECT_CURRENT_MEASUREMENT,NONE,UNCHANGED_AFTER_FULL_REAPPRAISAL,2026 NPB+ 29.6km/hの同一100人内順位を現行中心として明示affirm。個人別の比較可能な現行加速計測が公開されないため、NPB+公開sample不明をレンジに反映。,47.576,48,0,UNCHANGED,AFFIRMATIVE_ROUNDED_BLIND_V3_SCALE_REFERENCE
小川 龍成,11715153,千葉ロッテマリーンズ,33.4,82,75,89,LOW_MEDIUM,CURRENT_NPB_PLUS_ORDINAL,NO_INDEPENDENT_SECONDARY_PHYSICAL_EVIDENCE,ANCHOR_RESOLVED_MODERATE,NOT_IN_SNS_TIEBREAK_SCOPE,NOT_IN_VIDEO_TIEBREAK_SCOPE,CURRENT_NPB_PLUS_2026_NO_DIRECT_CURRENT_MEASUREMENT,NONE,UNCHANGED_AFTER_FULL_REAPPRAISAL,2026 NPB+ 33.4km/hの同一100人内順位を現行中心として明示affirm。個人別の比較可能な現行加速計測が公開されないため、NPB+公開sample不明をレンジに反映。,81.682,82,0,UNCHANGED,AFFIRMATIVE_ROUNDED_BLIND_V3_SCALE_REFERENCE
山口 航輝,91895138,千葉ロッテマリーンズ,31.9,68,61,75,LOW_MEDIUM,CURRENT_NPB_PLUS_ORDINAL,HISTORICAL_PROFILE_CONTEXT_ONLY,ANCHOR_RESOLVED_MODERATE,NOT_IN_SNS_TIEBREAK_SCOPE,NOT_IN_VIDEO_TIEBREAK_SCOPE,CURRENT_NPB_PLUS_2026_NO_DIRECT_CURRENT_MEASUREMENT,NONE,UNCHANGED_AFTER_FULL_REAPPRAISAL,2026 NPB+ 31.9km/hの同一100人内順位を現行中心として明示affirm。個人別の比較可能な現行加速計測が公開されないため、NPB+公開sample不明をレンジに反映。,68.219,68,0,UNCHANGED,AFFIRMATIVE_ROUNDED_BLIND_V3_SCALE_REFERENCE
岡 大海,11515139,千葉ロッテマリーンズ,32.6,75,70,80,MEDIUM,CURRENT_NPB_PLUS_ORDINAL,HISTORICAL_PROFILE_CONTEXT_ONLY,SNS_TIEBREAK,SUPPORTS_CURRENT_ORDINAL,NOT_IN_VIDEO_TIEBREAK_SCOPE,CURRENT_NPB_PLUS_2026_NO_DIRECT_CURRENT_MEASUREMENT,NONE,AFFIRMED_CURRENT_ORDINAL_WITH_SNS_SUPPORT,2026 NPB+ 32.6km/hの同一100人内順位を現行中心として明示affirm。独立SNSは現行bandの支持にのみ用い、点数加算はしない。個人別の比較可能な現行加速計測が公開されないため、NPB+公開sample不明をレンジに反映。,74.502,75,0,UNCHANGED,AFFIRMATIVE_ROUNDED_BLIND_V3_SCALE_REFERENCE
藤原 恭大,31635138,千葉ロッテマリーンズ,33,78,71,85,LOW_MEDIUM,CURRENT_NPB_PLUS_ORDINAL,HISTORICAL_PROFILE_CONTEXT_ONLY,ANCHOR_RESOLVED_MODERATE,NOT_IN_SNS_TIEBREAK_SCOPE,NOT_IN_VIDEO_TIEBREAK_SCOPE,CURRENT_NPB_PLUS_2026_NO_DIRECT_CURRENT_MEASUREMENT,NONE,UNCHANGED_AFTER_FULL_REAPPRAISAL,2026 NPB+ 33.0km/hの同一100人内順位を現行中心として明示affirm。個人別の比較可能な現行加速計測が公開されないため、NPB+公開sample不明をレンジに反映。,78.092,78,0,UNCHANGED,AFFIRMATIVE_ROUNDED_BLIND_V3_SCALE_REFERENCE
藤岡 裕大,41645136,千葉ロッテマリーンズ,30.8,58,48,68,LOW,CURRENT_NPB_PLUS_ORDINAL,NO_INDEPENDENT_SECONDARY_PHYSICAL_EVIDENCE,SNS_TIEBREAK,TEMPORAL_CHANGE_SUPPORTED,NOT_IN_VIDEO_TIEBREAK_SCOPE,SNS_TEMPORAL_CHANGE_SUPPORTED_CONSTRAINT_ONLY,NONE,UNCHANGED_AFTER_FULL_REAPPRAISAL_TEMPORAL_CONSTRAINT,2026 NPB+ 30.8km/hの同一100人内順位を現行中心として明示affirm。SNSの時間変化は旧証拠のcarry-forwardを抑える制約としてのみ使用。個人別の比較可能な現行加速計測が公開されないため、NPB+公開sample不明をレンジに反映。,58.347,58,0,UNCHANGED,AFFIRMATIVE_ROUNDED_BLIND_V3_SCALE_REFERENCE
髙部 瑛斗,11215151,千葉ロッテマリーンズ,33.6,83,76,90,LOW_MEDIUM,CURRENT_NPB_PLUS_ORDINAL,HISTORICAL_PROFILE_CONTEXT_ONLY,ANCHOR_RESOLVED_MODERATE,NOT_IN_SNS_TIEBREAK_SCOPE,NOT_IN_VIDEO_TIEBREAK_SCOPE,CURRENT_NPB_PLUS_2026_NO_DIRECT_CURRENT_MEASUREMENT,NONE,UNCHANGED_AFTER_FULL_REAPPRAISAL,2026 NPB+ 33.6km/hの同一100人内順位を現行中心として明示affirm。個人別の比較可能な現行加速計測が公開されないため、NPB+公開sample不明をレンジに反映。,83.477,83,0,UNCHANGED,AFFIRMATIVE_ROUNDED_BLIND_V3_SCALE_REFERENCE
古賀 悠斗,81785155,埼玉西武ライオンズ,30.6,57,50,64,LOW_MEDIUM,CURRENT_NPB_PLUS_ORDINAL,NO_INDEPENDENT_SECONDARY_PHYSICAL_EVIDENCE,ANCHOR_RESOLVED_MODERATE,NOT_IN_SNS_TIEBREAK_SCOPE,NOT_IN_VIDEO_TIEBREAK_SCOPE,CURRENT_NPB_PLUS_2026_NO_DIRECT_CURRENT_MEASUREMENT,NONE,UNCHANGED_AFTER_FULL_REAPPRAISAL,2026 NPB+ 30.6km/hの同一100人内順位を現行中心として明示affirm。個人別の比較可能な現行加速計測が公開されないため、NPB+公開sample不明をレンジに反映。,56.552,57,0,UNCHANGED,AFFIRMATIVE_ROUNDED_BLIND_V3_SCALE_REFERENCE
外崎 修汰,41245130,埼玉西武ライオンズ,32.3,72,65,79,LOW_MEDIUM,CURRENT_NPB_PLUS_ORDINAL,NO_INDEPENDENT_SECONDARY_PHYSICAL_EVIDENCE,SNS_TIEBREAK,INSUFFICIENT_SNS_EVIDENCE,VIDEO_INCONCLUSIVE,CURRENT_NPB_PLUS_2026_NO_DIRECT_CURRENT_MEASUREMENT,NONE,AFFIRMED_CURRENT_ORDINAL_WITH_UNRESOLVED_TARGETED_GAP,2026 NPB+ 32.3km/hの同一100人内順位を現行中心として明示affirm。targeted physical / X / videoでは現行方向を追加解決できず、不確実性に反映。動画はusable current full-effort play=0で、数値入力にしていない。,71.809,72,0,UNCHANGED,AFFIRMATIVE_ROUNDED_BLIND_V3_SCALE_REFERENCE
源田 壮亮,71775134,埼玉西武ライオンズ,32.9,77,70,84,LOW_MEDIUM,CURRENT_NPB_PLUS_ORDINAL,NO_INDEPENDENT_SECONDARY_PHYSICAL_EVIDENCE,ANCHOR_RESOLVED_MODERATE,NOT_IN_SNS_TIEBREAK_SCOPE,NOT_IN_VIDEO_TIEBREAK_SCOPE,CURRENT_NPB_PLUS_2026_NO_DIRECT_CURRENT_MEASUREMENT,NONE,UNCHANGED_AFTER_FULL_REAPPRAISAL,2026 NPB+ 32.9km/hの同一100人内順位を現行中心として明示affirm。個人別の比較可能な現行加速計測が公開されないため、NPB+公開sample不明をレンジに反映。,77.195,77,0,UNCHANGED,AFFIRMATIVE_ROUNDED_BLIND_V3_SCALE_REFERENCE
滝澤 夏央,51255155,埼玉西武ライオンズ,33,78,71,85,LOW_MEDIUM,CURRENT_NPB_PLUS_ORDINAL,HISTORICAL_PROFILE_CONTEXT_ONLY,ANCHOR_RESOLVED_MODERATE,NOT_IN_SNS_TIEBREAK_SCOPE,NOT_IN_VIDEO_TIEBREAK_SCOPE,CURRENT_NPB_PLUS_2026_NO_DIRECT_CURRENT_MEASUREMENT,NONE,UNCHANGED_AFTER_FULL_REAPPRAISAL,2026 NPB+ 33.0km/hの同一100人内順位を現行中心として明示affirm。個人別の比較可能な現行加速計測が公開されないため、NPB+公開sample不明をレンジに反映。,78.092,78,0,UNCHANGED,AFFIRMATIVE_ROUNDED_BLIND_V3_SCALE_REFERENCE
石井 一成,21125134,埼玉西武ライオンズ,32.6,75,68,82,LOW_MEDIUM,CURRENT_NPB_PLUS_ORDINAL,NO_INDEPENDENT_SECONDARY_PHYSICAL_EVIDENCE,ANCHOR_RESOLVED_MODERATE,NOT_IN_SNS_TIEBREAK_SCOPE,NOT_IN_VIDEO_TIEBREAK_SCOPE,CURRENT_NPB_PLUS_2026_NO_DIRECT_CURRENT_MEASUREMENT,NONE,UNCHANGED_AFTER_FULL_REAPPRAISAL,2026 NPB+ 32.6km/hの同一100人内順位を現行中心として明示affirm。個人別の比較可能な現行加速計測が公開されないため、NPB+公開sample不明をレンジに反映。,74.502,75,0,UNCHANGED,AFFIRMATIVE_ROUNDED_BLIND_V3_SCALE_REFERENCE
ファビアン,43745150,広島東洋カープ,31.4,64,57,71,LOW_MEDIUM,CURRENT_NPB_PLUS_ORDINAL,NO_INDEPENDENT_SECONDARY_PHYSICAL_EVIDENCE,ANCHOR_RESOLVED_MODERATE,NOT_IN_SNS_TIEBREAK_SCOPE,NOT_IN_VIDEO_TIEBREAK_SCOPE,CURRENT_NPB_PLUS_2026_NO_DIRECT_CURRENT_MEASUREMENT,NONE,UNCHANGED_AFTER_FULL_REAPPRAISAL,2026 NPB+ 31.4km/hの同一100人内順位を現行中心として明示affirm。個人別の比較可能な現行加速計測が公開されないため、NPB+公開sample不明をレンジに反映。,63.732,64,0,UNCHANGED,AFFIRMATIVE_ROUNDED_BLIND_V3_SCALE_REFERENCE
モンテロ,53955150,広島東洋カープ,31.9,52,46,58,MEDIUM,RECENT_DIRECT_T90_2024,CURRENT_NPB_PLUS_ORDINAL_DIRECTION_ONLY,ANCHOR_CONTEXT_HIGH_EVIDENCE,NOT_IN_SNS_TIEBREAK_SCOPE,NOT_IN_VIDEO_TIEBREAK_SCOPE,RECENT_DIRECT_T90_2024_WITHIN_CURRENT_WINDOW,DIRECT_T90_AND_NPB_PLUS_NOT_CROSS_METRIC_AVERAGED,REANCHORED_TO_RECENT_DIRECT_T90,2024年の公式直接90ft計測を現行窓の最優先証拠として採用。2026 NPB+は同一100人内の方向情報に限定し、異指標を平均しない。,68.219,68,-16,CHANGED,RECENT_DIRECT_T90_SCALE
名原 典彦,,広島東洋カープ,33.7,84,74,94,LOW,CURRENT_NPB_PLUS_ORDINAL,HISTORICAL_PROFILE_CONTEXT_ONLY,ANCHOR_RESOLVED_MODERATE,NOT_IN_SNS_TIEBREAK_SCOPE,NOT_IN_VIDEO_TIEBREAK_SCOPE,CURRENT_NPB_PLUS_2026_NO_DIRECT_CURRENT_MEASUREMENT,NONE,SAME_SCALE_ORDINAL_FALLBACK_FOR_MISSING_BLIND_BASELINE,2026 NPB+ 33.7km/hの同一scale隣接値から点を補間。source player_idはnullのまま保持し、過去50mは現行へ自動転用しない。,,,,NO_PRIOR_BLIND_BASELINE_SOURCE_ROW,SAME_SCALE_CURRENT_ORDINAL_INTERPOLATION_NO_ID_INVENTED
坂倉 将吾,11915134,広島東洋カープ,30.6,57,50,64,LOW_MEDIUM,CURRENT_NPB_PLUS_ORDINAL,HISTORICAL_PROFILE_CONTEXT_ONLY,ANCHOR_RESOLVED_MODERATE,NOT_IN_SNS_TIEBREAK_SCOPE,NOT_IN_VIDEO_TIEBREAK_SCOPE,CURRENT_NPB_PLUS_2026_NO_DIRECT_CURRENT_MEASUREMENT,NONE,UNCHANGED_AFTER_FULL_REAPPRAISAL,2026 NPB+ 30.6km/hの同一100人内順位を現行中心として明示affirm。個人別の比較可能な現行加速計測が公開されないため、NPB+公開sample不明をレンジに反映。,56.552,57,0,UNCHANGED,AFFIRMATIVE_ROUNDED_BLIND_V3_SCALE_REFERENCE
小園 海斗,01705138,広島東洋カープ,31.5,65,58,72,LOW_MEDIUM,CURRENT_NPB_PLUS_ORDINAL,HISTORICAL_PROFILE_CONTEXT_ONLY,ANCHOR_RESOLVED_MODERATE,NOT_IN_SNS_TIEBREAK_SCOPE,NOT_IN_VIDEO_TIEBREAK_SCOPE,CURRENT_NPB_PLUS_2026_NO_DIRECT_CURRENT_MEASUREMENT,NONE,UNCHANGED_AFTER_FULL_REAPPRAISAL,2026 NPB+ 31.5km/hの同一100人内順位を現行中心として明示affirm。個人別の比較可能な現行加速計測が公開されないため、NPB+公開sample不明をレンジに反映。,64.629,65,0,UNCHANGED,AFFIRMATIVE_ROUNDED_BLIND_V3_SCALE_REFERENCE
矢野 雅哉,93395153,広島東洋カープ,30.7,57,50,64,LOW_MEDIUM,CURRENT_NPB_PLUS_ORDINAL,HISTORICAL_PROFILE_CONTEXT_ONLY,SNS_TIEBREAK,INSUFFICIENT_SNS_EVIDENCE,VIDEO_INCONCLUSIVE,CURRENT_NPB_PLUS_2026_NO_DIRECT_CURRENT_MEASUREMENT,NONE,AFFIRMED_CURRENT_ORDINAL_WITH_UNRESOLVED_TARGETED_GAP,2026 NPB+ 30.7km/hの同一100人内順位を現行中心として明示affirm。targeted physical / X / videoでは現行方向を追加解決できず、不確実性に反映。動画はusable current full-effort play=0で、数値入力にしていない。,57.449,57,0,UNCHANGED,AFFIRMATIVE_ROUNDED_BLIND_V3_SCALE_REFERENCE
秋山 翔吾,31135133,広島東洋カープ,31.6,66,59,73,LOW_MEDIUM,CURRENT_NPB_PLUS_ORDINAL,HISTORICAL_DIRECT_T90_CONTEXT_ONLY,ANCHOR_RESOLVED_MODERATE,NOT_IN_SNS_TIEBREAK_SCOPE,VIDEO_INCONCLUSIVE,HISTORICAL_DIRECT_T90_2021_CONTEXT_ONLY,NONE,AFFIRMED_CURRENT_ORDINAL_WITH_HISTORICAL_DIRECT_CONTEXT,2026 NPB+ 31.6km/hの同一100人内順位を現行中心として明示affirm。公式直接T90（2021年）は歴史文脈のみで、現行点を自動補正しない。動画はusable current full-effort play=0で、数値入力にしていない。,65.527,66,0,UNCHANGED,AFFIRMATIVE_ROUNDED_BLIND_V3_SCALE_REFERENCE
菊池 涼介,61565135,広島東洋カープ,31.8,67,60,74,LOW_MEDIUM,CURRENT_NPB_PLUS_ORDINAL,NO_INDEPENDENT_SECONDARY_PHYSICAL_EVIDENCE,ANCHOR_RESOLVED_MODERATE,NOT_IN_SNS_TIEBREAK_SCOPE,NOT_IN_VIDEO_TIEBREAK_SCOPE,CURRENT_NPB_PLUS_2026_NO_DIRECT_CURRENT_MEASUREMENT,NONE,UNCHANGED_AFTER_FULL_REAPPRAISAL,2026 NPB+ 31.8km/hの同一100人内順位を現行中心として明示affirm。個人別の比較可能な現行加速計測が公開されないため、NPB+公開sample不明をレンジに反映。,67.322,67,0,UNCHANGED,AFFIRMATIVE_ROUNDED_BLIND_V3_SCALE_REFERENCE
野間 峻祥,01405130,広島東洋カープ,31.7,66,59,73,LOW_MEDIUM,CURRENT_NPB_PLUS_ORDINAL,NO_INDEPENDENT_SECONDARY_PHYSICAL_EVIDENCE,SNS_TIEBREAK,INSUFFICIENT_SNS_EVIDENCE,VIDEO_INCONCLUSIVE,CURRENT_NPB_PLUS_2026_NO_DIRECT_CURRENT_MEASUREMENT,NONE,AFFIRMED_CURRENT_ORDINAL_WITH_UNRESOLVED_TARGETED_GAP,2026 NPB+ 31.7km/hの同一100人内順位を現行中心として明示affirm。targeted physical / X / videoでは現行方向を追加解決できず、不確実性に反映。動画はusable current full-effort play=0で、数値入力にしていない。,66.424,66,0,UNCHANGED,AFFIRMATIVE_ROUNDED_BLIND_V3_SCALE_REFERENCE
サンタナ,53755153,東京ヤクルトスワローズ,30.8,58,51,65,LOW_MEDIUM,CURRENT_NPB_PLUS_ORDINAL,HISTORICAL_DIRECT_T90_CONTEXT_ONLY,ANCHOR_RESOLVED_MODERATE,NOT_IN_SNS_TIEBREAK_SCOPE,VIDEO_INCONCLUSIVE,HISTORICAL_DIRECT_T90_2020_CONTEXT_ONLY,NONE,AFFIRMED_CURRENT_ORDINAL_WITH_HISTORICAL_DIRECT_CONTEXT,2026 NPB+ 30.8km/hの同一100人内順位を現行中心として明示affirm。公式直接T90（2020年）は歴史文脈のみで、現行点を自動補正しない。動画はusable current full-effort play=0で、数値入力にしていない。,58.347,58,0,UNCHANGED,AFFIRMATIVE_ROUNDED_BLIND_V3_SCALE_REFERENCE
並木 秀尊,91695153,東京ヤクルトスワローズ,33.8,85,80,90,MEDIUM,CURRENT_NPB_PLUS_ORDINAL,HISTORICAL_PROFILE_CONTEXT_ONLY,SNS_TIEBREAK,SUPPORTS_CURRENT_ORDINAL,NOT_IN_VIDEO_TIEBREAK_SCOPE,CURRENT_NPB_PLUS_2026_NO_DIRECT_CURRENT_MEASUREMENT,NONE,AFFIRMED_CURRENT_ORDINAL_WITH_SNS_SUPPORT,2026 NPB+ 33.8km/hの同一100人内順位を現行中心として明示affirm。独立SNSは現行bandの支持にのみ用い、点数加算はしない。個人別の比較可能な現行加速計測が公開されないため、NPB+公開sample不明をレンジに反映。,85.272,85,0,UNCHANGED,AFFIRMATIVE_ROUNDED_BLIND_V3_SCALE_REFERENCE
中村 悠平,51255118,東京ヤクルトスワローズ,30.4,55,48,62,LOW_MEDIUM,CURRENT_NPB_PLUS_ORDINAL,NO_INDEPENDENT_SECONDARY_PHYSICAL_EVIDENCE,SNS_TIEBREAK,INSUFFICIENT_SNS_EVIDENCE,VIDEO_INCONCLUSIVE,CURRENT_NPB_PLUS_2026_NO_DIRECT_CURRENT_MEASUREMENT,NONE,AFFIRMED_CURRENT_ORDINAL_WITH_UNRESOLVED_TARGETED_GAP,2026 NPB+ 30.4km/hの同一100人内順位を現行中心として明示affirm。targeted physical / X / videoでは現行方向を追加解決できず、不確実性に反映。動画はusable current full-effort play=0で、数値入力にしていない。,54.757,55,0,UNCHANGED,AFFIRMATIVE_ROUNDED_BLIND_V3_SCALE_REFERENCE
丸山 和郁,93195155,東京ヤクルトスワローズ,32.4,73,66,80,LOW_MEDIUM,CURRENT_NPB_PLUS_ORDINAL,HISTORICAL_PROFILE_CONTEXT_ONLY,ANCHOR_RESOLVED_MODERATE,NOT_IN_SNS_TIEBREAK_SCOPE,NOT_IN_VIDEO_TIEBREAK_SCOPE,CURRENT_NPB_PLUS_2026_NO_DIRECT_CURRENT_MEASUREMENT,NONE,UNCHANGED_AFTER_FULL_REAPPRAISAL,2026 NPB+ 32.4km/hの同一100人内順位を現行中心として明示affirm。個人別の比較可能な現行加速計測が公開されないため、NPB+公開sample不明をレンジに反映。,72.707,73,0,UNCHANGED,AFFIRMATIVE_ROUNDED_BLIND_V3_SCALE_REFERENCE
古賀 優大,01705134,東京ヤクルトスワローズ,32.1,70,63,77,LOW_MEDIUM,CURRENT_NPB_PLUS_ORDINAL,NO_INDEPENDENT_SECONDARY_PHYSICAL_EVIDENCE,ANCHOR_RESOLVED_MODERATE,NOT_IN_SNS_TIEBREAK_SCOPE,NOT_IN_VIDEO_TIEBREAK_SCOPE,CURRENT_NPB_PLUS_2026_NO_DIRECT_CURRENT_MEASUREMENT,NONE,UNCHANGED_AFTER_FULL_REAPPRAISAL,2026 NPB+ 32.1km/hの同一100人内順位を現行中心として明示affirm。個人別の比較可能な現行加速計測が公開されないため、NPB+公開sample不明をレンジに反映。,70.014,70,0,UNCHANGED,AFFIRMATIVE_ROUNDED_BLIND_V3_SCALE_REFERENCE
塩見 泰隆,71975136,東京ヤクルトスワローズ,32.3,72,67,77,MEDIUM,CURRENT_NPB_PLUS_ORDINAL,HISTORICAL_PROFILE_CONTEXT_ONLY,SNS_TIEBREAK,SUPPORTS_CURRENT_ORDINAL,NOT_IN_VIDEO_TIEBREAK_SCOPE,CURRENT_NPB_PLUS_2026_NO_DIRECT_CURRENT_MEASUREMENT,NONE,AFFIRMED_CURRENT_ORDINAL_WITH_SNS_SUPPORT,2026 NPB+ 32.3km/hの同一100人内順位を現行中心として明示affirm。独立SNSは現行bandの支持にのみ用い、点数加算はしない。個人別の比較可能な現行加速計測が公開されないため、NPB+公開sample不明をレンジに反映。,71.809,72,0,UNCHANGED,AFFIRMATIVE_ROUNDED_BLIND_V3_SCALE_REFERENCE
岩田 幸宏,51355155,東京ヤクルトスワローズ,33.6,83,76,90,LOW_MEDIUM,CURRENT_NPB_PLUS_ORDINAL,NO_INDEPENDENT_SECONDARY_PHYSICAL_EVIDENCE,ANCHOR_RESOLVED_MODERATE,NOT_IN_SNS_TIEBREAK_SCOPE,NOT_IN_VIDEO_TIEBREAK_SCOPE,CURRENT_NPB_PLUS_2026_NO_DIRECT_CURRENT_MEASUREMENT,NONE,UNCHANGED_AFTER_FULL_REAPPRAISAL,2026 NPB+ 33.6km/hの同一100人内順位を現行中心として明示affirm。個人別の比較可能な現行加速計測が公開されないため、NPB+公開sample不明をレンジに反映。,83.477,83,0,UNCHANGED,AFFIRMATIVE_ROUNDED_BLIND_V3_SCALE_REFERENCE
長岡 秀樹,51455151,東京ヤクルトスワローズ,31.6,66,59,73,LOW_MEDIUM,CURRENT_NPB_PLUS_ORDINAL,NO_INDEPENDENT_SECONDARY_PHYSICAL_EVIDENCE,ANCHOR_RESOLVED_MODERATE,NOT_IN_SNS_TIEBREAK_SCOPE,NOT_IN_VIDEO_TIEBREAK_SCOPE,CURRENT_NPB_PLUS_2026_NO_DIRECT_CURRENT_MEASUREMENT,NONE,UNCHANGED_AFTER_FULL_REAPPRAISAL,2026 NPB+ 31.6km/hの同一100人内順位を現行中心として明示affirm。個人別の比較可能な現行加速計測が公開されないため、NPB+公開sample不明をレンジに反映。,65.527,66,0,UNCHANGED,AFFIRMATIVE_ROUNDED_BLIND_V3_SCALE_REFERENCE
太田 光,71375138,東北楽天ゴールデンイーグルス,30.5,56,49,63,LOW_MEDIUM,CURRENT_NPB_PLUS_ORDINAL,NO_INDEPENDENT_SECONDARY_PHYSICAL_EVIDENCE,ANCHOR_RESOLVED_MODERATE,NOT_IN_SNS_TIEBREAK_SCOPE,NOT_IN_VIDEO_TIEBREAK_SCOPE,CURRENT_NPB_PLUS_2026_NO_DIRECT_CURRENT_MEASUREMENT,NONE,UNCHANGED_AFTER_FULL_REAPPRAISAL,2026 NPB+ 30.5km/hの同一100人内順位を現行中心として明示affirm。個人別の比較可能な現行加速計測が公開されないため、NPB+公開sample不明をレンジに反映。,55.654,56,0,UNCHANGED,AFFIRMATIVE_ROUNDED_BLIND_V3_SCALE_REFERENCE
村林 一輝,41845132,東北楽天ゴールデンイーグルス,34.5,92,85,99,LOW_MEDIUM,CURRENT_NPB_PLUS_ORDINAL,HISTORICAL_PROFILE_CONTEXT_ONLY,ANCHOR_RESOLVED_MODERATE,NOT_IN_SNS_TIEBREAK_SCOPE,NOT_IN_VIDEO_TIEBREAK_SCOPE,CURRENT_NPB_PLUS_2026_NO_DIRECT_CURRENT_MEASUREMENT,NONE,UNCHANGED_AFTER_FULL_REAPPRAISAL,2026 NPB+ 34.5km/hの同一100人内順位を現行中心として明示affirm。個人別の比較可能な現行加速計測が公開されないため、NPB+公開sample不明をレンジに反映。,91.555,92,0,UNCHANGED,AFFIRMATIVE_ROUNDED_BLIND_V3_SCALE_REFERENCE
浅村 栄斗,51155118,東北楽天ゴールデンイーグルス,30.5,56,49,63,LOW_MEDIUM,CURRENT_NPB_PLUS_ORDINAL,NO_INDEPENDENT_SECONDARY_PHYSICAL_EVIDENCE,ANCHOR_RESOLVED_MODERATE,NOT_IN_SNS_TIEBREAK_SCOPE,NOT_IN_VIDEO_TIEBREAK_SCOPE,CURRENT_NPB_PLUS_2026_NO_DIRECT_CURRENT_MEASUREMENT,NONE,UNCHANGED_AFTER_FULL_REAPPRAISAL,2026 NPB+ 30.5km/hの同一100人内順位を現行中心として明示affirm。個人別の比較可能な現行加速計測が公開されないため、NPB+公開sample不明をレンジに反映。,55.654,56,0,UNCHANGED,AFFIRMATIVE_ROUNDED_BLIND_V3_SCALE_REFERENCE
渡邊 佳明,73175138,東北楽天ゴールデンイーグルス,30.3,54,47,61,LOW_MEDIUM,CURRENT_NPB_PLUS_ORDINAL,NO_INDEPENDENT_SECONDARY_PHYSICAL_EVIDENCE,ANCHOR_RESOLVED_MODERATE,NOT_IN_SNS_TIEBREAK_SCOPE,NOT_IN_VIDEO_TIEBREAK_SCOPE,CURRENT_NPB_PLUS_2026_NO_DIRECT_CURRENT_MEASUREMENT,NONE,UNCHANGED_AFTER_FULL_REAPPRAISAL,2026 NPB+ 30.3km/hの同一100人内順位を現行中心として明示affirm。個人別の比較可能な現行加速計測が公開されないため、NPB+公開sample不明をレンジに反映。,53.859,54,0,UNCHANGED,AFFIRMATIVE_ROUNDED_BLIND_V3_SCALE_REFERENCE
鈴木 大地,81985135,東北楽天ゴールデンイーグルス,29,42,37,47,MEDIUM,CURRENT_NPB_PLUS_ORDINAL,NO_INDEPENDENT_SECONDARY_PHYSICAL_EVIDENCE,SNS_TIEBREAK,SUPPORTS_CURRENT_ORDINAL,NOT_IN_VIDEO_TIEBREAK_SCOPE,CURRENT_NPB_PLUS_2026_NO_DIRECT_CURRENT_MEASUREMENT,NONE,AFFIRMED_CURRENT_ORDINAL_WITH_SNS_SUPPORT,2026 NPB+ 29.0km/hの同一100人内順位を現行中心として明示affirm。独立SNSは現行bandの支持にのみ用い、点数加算はしない。個人別の比較可能な現行加速計測が公開されないため、NPB+公開sample不明をレンジに反映。,42.191,42,0,UNCHANGED,AFFIRMATIVE_ROUNDED_BLIND_V3_SCALE_REFERENCE
京田 陽太,81585134,横浜DeNAベイスターズ,31.1,61,54,68,LOW_MEDIUM,CURRENT_NPB_PLUS_ORDINAL,HISTORICAL_PROFILE_CONTEXT_ONLY,ANCHOR_RESOLVED_MODERATE,NOT_IN_SNS_TIEBREAK_SCOPE,NOT_IN_VIDEO_TIEBREAK_SCOPE,CURRENT_NPB_PLUS_2026_NO_DIRECT_CURRENT_MEASUREMENT,NONE,UNCHANGED_AFTER_FULL_REAPPRAISAL,2026 NPB+ 31.1km/hの同一100人内順位を現行中心として明示affirm。個人別の比較可能な現行加速計測が公開されないため、NPB+公開sample不明をレンジに反映。,61.039,61,0,UNCHANGED,AFFIRMATIVE_ROUNDED_BLIND_V3_SCALE_REFERENCE
佐野 恵太,91995134,横浜DeNAベイスターズ,30.6,57,50,64,LOW_MEDIUM,CURRENT_NPB_PLUS_ORDINAL,NO_INDEPENDENT_SECONDARY_PHYSICAL_EVIDENCE,ANCHOR_RESOLVED_MODERATE,NOT_IN_SNS_TIEBREAK_SCOPE,NOT_IN_VIDEO_TIEBREAK_SCOPE,CURRENT_NPB_PLUS_2026_NO_DIRECT_CURRENT_MEASUREMENT,NONE,UNCHANGED_AFTER_FULL_REAPPRAISAL,2026 NPB+ 30.6km/hの同一100人内順位を現行中心として明示affirm。個人別の比較可能な現行加速計測が公開されないため、NPB+公開sample不明をレンジに反映。,56.552,57,0,UNCHANGED,AFFIRMATIVE_ROUNDED_BLIND_V3_SCALE_REFERENCE
宮﨑 敏郎,51455137,横浜DeNAベイスターズ,30.3,54,47,61,LOW_MEDIUM,CURRENT_NPB_PLUS_ORDINAL,NO_INDEPENDENT_SECONDARY_PHYSICAL_EVIDENCE,ANCHOR_RESOLVED_MODERATE,NOT_IN_SNS_TIEBREAK_SCOPE,NOT_IN_VIDEO_TIEBREAK_SCOPE,CURRENT_NPB_PLUS_2026_NO_DIRECT_CURRENT_MEASUREMENT,NONE,UNCHANGED_AFTER_FULL_REAPPRAISAL,2026 NPB+ 30.3km/hの同一100人内順位を現行中心として明示affirm。個人別の比較可能な現行加速計測が公開されないため、NPB+公開sample不明をレンジに反映。,53.859,54,0,UNCHANGED,AFFIRMATIVE_ROUNDED_BLIND_V3_SCALE_REFERENCE
山本 祐大,23125136,横浜DeNAベイスターズ,31,60,53,67,LOW_MEDIUM,CURRENT_NPB_PLUS_ORDINAL,NO_INDEPENDENT_SECONDARY_PHYSICAL_EVIDENCE,ANCHOR_RESOLVED_MODERATE,NOT_IN_SNS_TIEBREAK_SCOPE,NOT_IN_VIDEO_TIEBREAK_SCOPE,CURRENT_NPB_PLUS_2026_NO_DIRECT_CURRENT_MEASUREMENT,NONE,UNCHANGED_AFTER_FULL_REAPPRAISAL,2026 NPB+ 31.0km/hの同一100人内順位を現行中心として明示affirm。個人別の比較可能な現行加速計測が公開されないため、NPB+公開sample不明をレンジに反映。,60.142,60,0,UNCHANGED,AFFIRMATIVE_ROUNDED_BLIND_V3_SCALE_REFERENCE
度会 隆輝,33535159,横浜DeNAベイスターズ,31.7,66,59,73,LOW_MEDIUM,CURRENT_NPB_PLUS_ORDINAL,NO_INDEPENDENT_SECONDARY_PHYSICAL_EVIDENCE,ANCHOR_RESOLVED_MODERATE,NOT_IN_SNS_TIEBREAK_SCOPE,NOT_IN_VIDEO_TIEBREAK_SCOPE,CURRENT_NPB_PLUS_2026_NO_DIRECT_CURRENT_MEASUREMENT,NONE,UNCHANGED_AFTER_FULL_REAPPRAISAL,2026 NPB+ 31.7km/hの同一100人内順位を現行中心として明示affirm。個人別の比較可能な現行加速計測が公開されないため、NPB+公開sample不明をレンジに反映。,66.424,66,0,UNCHANGED,AFFIRMATIVE_ROUNDED_BLIND_V3_SCALE_REFERENCE
林 琢真,91695157,横浜DeNAベイスターズ,32,69,59,79,LOW,CURRENT_NPB_PLUS_ORDINAL,HISTORICAL_STANDARDIZED_SHORT_DISTANCE_CONTEXT_ONLY,SNS_TIEBREAK,METRIC_CONSTRUCT_CONFLICT,VIDEO_INCONCLUSIVE,CURRENT_NPB_PLUS_2026_NO_DIRECT_CURRENT_MEASUREMENT,HISTORICAL_STANDARDIZED_50M_AND_CURRENT_NPB_PLUS_CONFLICT,UNCHANGED_AFTER_FULL_REAPPRAISAL_CONFLICT_BAND_WIDENED,2026 NPB+ 32.0km/hの同一100人内順位を現行中心として明示affirm。異metricまたはSNS混在は点を平均せず、レンジ拡大で表現。targeted physical / X / videoでは現行方向を追加解決できず、不確実性に反映。動画はusable current full-effort play=0で、数値入力にしていない。,69.117,69,0,UNCHANGED,AFFIRMATIVE_ROUNDED_BLIND_V3_SCALE_REFERENCE
梶原 昂希,51555155,横浜DeNAベイスターズ,33.4,82,75,89,LOW_MEDIUM,CURRENT_NPB_PLUS_ORDINAL,HISTORICAL_PROFILE_CONTEXT_ONLY,SNS_TIEBREAK,INSUFFICIENT_SNS_EVIDENCE,VIDEO_INCONCLUSIVE,CURRENT_NPB_PLUS_2026_NO_DIRECT_CURRENT_MEASUREMENT,NONE,AFFIRMED_CURRENT_ORDINAL_WITH_UNRESOLVED_TARGETED_GAP,2026 NPB+ 33.4km/hの同一100人内順位を現行中心として明示affirm。targeted physical / X / videoでは現行方向を追加解決できず、不確実性に反映。動画はusable current full-effort play=0で、数値入力にしていない。,81.682,82,0,UNCHANGED,AFFIRMATIVE_ROUNDED_BLIND_V3_SCALE_REFERENCE
牧 秀悟,13115153,横浜DeNAベイスターズ,31.6,66,59,73,LOW_MEDIUM,CURRENT_NPB_PLUS_ORDINAL,NO_INDEPENDENT_SECONDARY_PHYSICAL_EVIDENCE,ANCHOR_RESOLVED_MODERATE,NOT_IN_SNS_TIEBREAK_SCOPE,NOT_IN_VIDEO_TIEBREAK_SCOPE,CURRENT_NPB_PLUS_2026_NO_DIRECT_CURRENT_MEASUREMENT,NONE,UNCHANGED_AFTER_FULL_REAPPRAISAL,2026 NPB+ 31.6km/hの同一100人内順位を現行中心として明示affirm。個人別の比較可能な現行加速計測が公開されないため、NPB+公開sample不明をレンジに反映。,65.527,66,0,UNCHANGED,AFFIRMATIVE_ROUNDED_BLIND_V3_SCALE_REFERENCE
筒香 嘉智,41945131,横浜DeNAベイスターズ,30.2,53,45,61,LOW_MEDIUM,CURRENT_NPB_PLUS_ORDINAL,HISTORICAL_DIRECT_T90_CONTEXT_ONLY,ANCHOR_RESOLVED_MODERATE,NOT_IN_SNS_TIEBREAK_SCOPE,VIDEO_INCONCLUSIVE,HISTORICAL_DIRECT_T90_2022_PROVENANCE_CORRECTED_CONTEXT_ONLY,HISTORICAL_DIRECT_T90_AND_CURRENT_NPB_PLUS_NOT_CROSS_METRIC_AVERAGED,AFFIRMED_CURRENT_ORDINAL_WITH_HISTORICAL_DIRECT_CONTEXT,2026 NPB+ 30.2km/hの同一100人内順位を現行中心として明示affirm。2022年公式T90=4.20秒のprovenance訂正は歴史文脈として保持し、2026へ自動転用しない。動画はusable current full-effort play=0で、数値入力にしていない。,52.962,53,0,UNCHANGED,AFFIRMATIVE_ROUNDED_BLIND_V3_SCALE_REFERENCE
蝦名 達夫,51555151,横浜DeNAベイスターズ,31.4,64,57,71,LOW_MEDIUM,CURRENT_NPB_PLUS_ORDINAL,HISTORICAL_PROFILE_CONTEXT_ONLY,ANCHOR_RESOLVED_MODERATE,NOT_IN_SNS_TIEBREAK_SCOPE,NOT_IN_VIDEO_TIEBREAK_SCOPE,CURRENT_NPB_PLUS_2026_NO_DIRECT_CURRENT_MEASUREMENT,NONE,UNCHANGED_AFTER_FULL_REAPPRAISAL,2026 NPB+ 31.4km/hの同一100人内順位を現行中心として明示affirm。個人別の比較可能な現行加速計測が公開されないため、NPB+公開sample不明をレンジに反映。,63.732,64,0,UNCHANGED,AFFIRMATIVE_ROUNDED_BLIND_V3_SCALE_REFERENCE
今宮 健太,31335131,福岡ソフトバンクホークス,30.4,55,48,62,LOW_MEDIUM,CURRENT_NPB_PLUS_ORDINAL,NO_INDEPENDENT_SECONDARY_PHYSICAL_EVIDENCE,ANCHOR_RESOLVED_MODERATE,NOT_IN_SNS_TIEBREAK_SCOPE,NOT_IN_VIDEO_TIEBREAK_SCOPE,CURRENT_NPB_PLUS_2026_NO_DIRECT_CURRENT_MEASUREMENT,NONE,UNCHANGED_AFTER_FULL_REAPPRAISAL,2026 NPB+ 30.4km/hの同一100人内順位を現行中心として明示affirm。個人別の比較可能な現行加速計測が公開されないため、NPB+公開sample不明をレンジに反映。,54.757,55,0,UNCHANGED,AFFIRMATIVE_ROUNDED_BLIND_V3_SCALE_REFERENCE
周東 佑京,21925136,福岡ソフトバンクホークス,35,96,89,100,LOW_MEDIUM,CURRENT_NPB_PLUS_ORDINAL,HISTORICAL_PROFILE_CONTEXT_ONLY,ANCHOR_RESOLVED_MODERATE,NOT_IN_SNS_TIEBREAK_SCOPE,NOT_IN_VIDEO_TIEBREAK_SCOPE,CURRENT_NPB_PLUS_2026_NO_DIRECT_CURRENT_MEASUREMENT,NONE,UNCHANGED_AFTER_FULL_REAPPRAISAL,2026 NPB+ 35.0km/hの同一100人内順位を現行中心として明示affirm。個人別の比較可能な現行加速計測が公開されないため、NPB+公開sample不明をレンジに反映。,96.042,96,0,UNCHANGED,AFFIRMATIVE_ROUNDED_BLIND_V3_SCALE_REFERENCE
山川 穂高,21425139,福岡ソフトバンクホークス,29.4,46,39,53,LOW_MEDIUM,CURRENT_NPB_PLUS_ORDINAL,HISTORICAL_PROFILE_CONTEXT_ONLY,ANCHOR_RESOLVED_MODERATE,NOT_IN_SNS_TIEBREAK_SCOPE,NOT_IN_VIDEO_TIEBREAK_SCOPE,CURRENT_NPB_PLUS_2026_NO_DIRECT_CURRENT_MEASUREMENT,NONE,UNCHANGED_AFTER_FULL_REAPPRAISAL,2026 NPB+ 29.4km/hの同一100人内順位を現行中心として明示affirm。個人別の比較可能な現行加速計測が公開されないため、NPB+公開sample不明をレンジに反映。,45.781,46,0,UNCHANGED,AFFIRMATIVE_ROUNDED_BLIND_V3_SCALE_REFERENCE
柳田 悠岐,31835133,福岡ソフトバンクホークス,32.1,70,63,77,LOW_MEDIUM,CURRENT_NPB_PLUS_ORDINAL,HISTORICAL_PROFILE_CONTEXT_ONLY,ANCHOR_RESOLVED_MODERATE,NOT_IN_SNS_TIEBREAK_SCOPE,NOT_IN_VIDEO_TIEBREAK_SCOPE,CURRENT_NPB_PLUS_2026_NO_DIRECT_CURRENT_MEASUREMENT,NONE,UNCHANGED_AFTER_FULL_REAPPRAISAL,2026 NPB+ 32.1km/hの同一100人内順位を現行中心として明示affirm。個人別の比較可能な現行加速計測が公開されないため、NPB+公開sample不明をレンジに反映。,70.014,70,0,UNCHANGED,AFFIRMATIVE_ROUNDED_BLIND_V3_SCALE_REFERENCE
柳町 達,73175151,福岡ソフトバンクホークス,31.5,65,58,72,LOW_MEDIUM,CURRENT_NPB_PLUS_ORDINAL,HISTORICAL_PROFILE_CONTEXT_ONLY,ANCHOR_RESOLVED_MODERATE,NOT_IN_SNS_TIEBREAK_SCOPE,NOT_IN_VIDEO_TIEBREAK_SCOPE,CURRENT_NPB_PLUS_2026_NO_DIRECT_CURRENT_MEASUREMENT,NONE,UNCHANGED_AFTER_FULL_REAPPRAISAL,2026 NPB+ 31.5km/hの同一100人内順位を現行中心として明示affirm。個人別の比較可能な現行加速計測が公開されないため、NPB+公開sample不明をレンジに反映。,64.629,65,0,UNCHANGED,AFFIRMATIVE_ROUNDED_BLIND_V3_SCALE_REFERENCE
栗原 陵矢,01705130,福岡ソフトバンクホークス,31.3,63,56,70,LOW_MEDIUM,CURRENT_NPB_PLUS_ORDINAL,HISTORICAL_PROFILE_CONTEXT_ONLY,ANCHOR_RESOLVED_MODERATE,NOT_IN_SNS_TIEBREAK_SCOPE,NOT_IN_VIDEO_TIEBREAK_SCOPE,CURRENT_NPB_PLUS_2026_NO_DIRECT_CURRENT_MEASUREMENT,NONE,UNCHANGED_AFTER_FULL_REAPPRAISAL,2026 NPB+ 31.3km/hの同一100人内順位を現行中心として明示affirm。個人別の比較可能な現行加速計測が公開されないため、NPB+公開sample不明をレンジに反映。,62.834,63,0,UNCHANGED,AFFIRMATIVE_ROUNDED_BLIND_V3_SCALE_REFERENCE
正木 智也,81885155,福岡ソフトバンクホークス,31.1,61,54,68,LOW_MEDIUM,CURRENT_NPB_PLUS_ORDINAL,HISTORICAL_PROFILE_CONTEXT_ONLY,ANCHOR_RESOLVED_MODERATE,NOT_IN_SNS_TIEBREAK_SCOPE,NOT_IN_VIDEO_TIEBREAK_SCOPE,CURRENT_NPB_PLUS_2026_NO_DIRECT_CURRENT_MEASUREMENT,NONE,UNCHANGED_AFTER_FULL_REAPPRAISAL,2026 NPB+ 31.1km/hの同一100人内順位を現行中心として明示affirm。個人別の比較可能な現行加速計測が公開されないため、NPB+公開sample不明をレンジに反映。,61.039,61,0,UNCHANGED,AFFIRMATIVE_ROUNDED_BLIND_V3_SCALE_REFERENCE
海野 隆司,81385151,福岡ソフトバンクホークス,30.3,54,47,61,LOW_MEDIUM,CURRENT_NPB_PLUS_ORDINAL,NO_INDEPENDENT_SECONDARY_PHYSICAL_EVIDENCE,ANCHOR_RESOLVED_MODERATE,NOT_IN_SNS_TIEBREAK_SCOPE,NOT_IN_VIDEO_TIEBREAK_SCOPE,CURRENT_NPB_PLUS_2026_NO_DIRECT_CURRENT_MEASUREMENT,NONE,UNCHANGED_AFTER_FULL_REAPPRAISAL,2026 NPB+ 30.3km/hの同一100人内順位を現行中心として明示affirm。個人別の比較可能な現行加速計測が公開されないため、NPB+公開sample不明をレンジに反映。,53.859,54,0,UNCHANGED,AFFIRMATIVE_ROUNDED_BLIND_V3_SCALE_REFERENCE
牧原 大成,61465133,福岡ソフトバンクホークス,33.5,83,76,90,LOW_MEDIUM,CURRENT_NPB_PLUS_ORDINAL,HISTORICAL_PROFILE_CONTEXT_ONLY,ANCHOR_RESOLVED_MODERATE,NOT_IN_SNS_TIEBREAK_SCOPE,NOT_IN_VIDEO_TIEBREAK_SCOPE,CURRENT_NPB_PLUS_2026_NO_DIRECT_CURRENT_MEASUREMENT,NONE,UNCHANGED_AFTER_FULL_REAPPRAISAL,2026 NPB+ 33.5km/hの同一100人内順位を現行中心として明示affirm。個人別の比較可能な現行加速計測が公開されないため、NPB+公開sample不明をレンジに反映。,82.58,83,0,UNCHANGED,AFFIRMATIVE_ROUNDED_BLIND_V3_SCALE_REFERENCE
近藤 健介,41745135,福岡ソフトバンクホークス,31.2,62,55,69,LOW_MEDIUM,CURRENT_NPB_PLUS_ORDINAL,NO_INDEPENDENT_SECONDARY_PHYSICAL_EVIDENCE,ANCHOR_RESOLVED_MODERATE,NOT_IN_SNS_TIEBREAK_SCOPE,NOT_IN_VIDEO_TIEBREAK_SCOPE,CURRENT_NPB_PLUS_2026_NO_DIRECT_CURRENT_MEASUREMENT,NONE,UNCHANGED_AFTER_FULL_REAPPRAISAL,2026 NPB+ 31.2km/hの同一100人内順位を現行中心として明示affirm。個人別の比較可能な現行加速計測が公開されないため、NPB+公開sample不明をレンジに反映。,61.937,62,0,UNCHANGED,AFFIRMATIVE_ROUNDED_BLIND_V3_SCALE_REFERENCE
丸 佳浩,21425116,読売ジャイアンツ,31.4,64,54,74,LOW,CURRENT_NPB_PLUS_ORDINAL,NO_INDEPENDENT_SECONDARY_PHYSICAL_EVIDENCE,SNS_TIEBREAK,TEMPORAL_CHANGE_SUPPORTED,NOT_IN_VIDEO_TIEBREAK_SCOPE,SNS_TEMPORAL_CHANGE_SUPPORTED_CONSTRAINT_ONLY,NONE,UNCHANGED_AFTER_FULL_REAPPRAISAL_TEMPORAL_CONSTRAINT,2026 NPB+ 31.4km/hの同一100人内順位を現行中心として明示affirm。SNSの時間変化は旧証拠のcarry-forwardを抑える制約としてのみ使用。個人別の比較可能な現行加速計測が公開されないため、NPB+公開sample不明をレンジに反映。,63.732,64,0,UNCHANGED,AFFIRMATIVE_ROUNDED_BLIND_V3_SCALE_REFERENCE
佐々木 俊輔,51955159,読売ジャイアンツ,33,78,71,85,LOW_MEDIUM,CURRENT_NPB_PLUS_ORDINAL,NO_INDEPENDENT_SECONDARY_PHYSICAL_EVIDENCE,ANCHOR_RESOLVED_MODERATE,NOT_IN_SNS_TIEBREAK_SCOPE,NOT_IN_VIDEO_TIEBREAK_SCOPE,CURRENT_NPB_PLUS_2026_NO_DIRECT_CURRENT_MEASUREMENT,NONE,UNCHANGED_AFTER_FULL_REAPPRAISAL,2026 NPB+ 33.0km/hの同一100人内順位を現行中心として明示affirm。個人別の比較可能な現行加速計測が公開されないため、NPB+公開sample不明をレンジに反映。,78.092,78,0,UNCHANGED,AFFIRMATIVE_ROUNDED_BLIND_V3_SCALE_REFERENCE
吉川 尚輝,73375134,読売ジャイアンツ,32.5,74,67,81,LOW_MEDIUM,CURRENT_NPB_PLUS_ORDINAL,HISTORICAL_PROFILE_CONTEXT_ONLY,ANCHOR_RESOLVED_MODERATE,NOT_IN_SNS_TIEBREAK_SCOPE,NOT_IN_VIDEO_TIEBREAK_SCOPE,CURRENT_NPB_PLUS_2026_NO_DIRECT_CURRENT_MEASUREMENT,NONE,UNCHANGED_AFTER_FULL_REAPPRAISAL,2026 NPB+ 32.5km/hの同一100人内順位を現行中心として明示affirm。個人別の比較可能な現行加速計測が公開されないため、NPB+公開sample不明をレンジに反映。,73.604,74,0,UNCHANGED,AFFIRMATIVE_ROUNDED_BLIND_V3_SCALE_REFERENCE
大城 卓三,21325136,読売ジャイアンツ,29.2,44,37,51,LOW_MEDIUM,CURRENT_NPB_PLUS_ORDINAL,NO_INDEPENDENT_SECONDARY_PHYSICAL_EVIDENCE,ANCHOR_RESOLVED_MODERATE,NOT_IN_SNS_TIEBREAK_SCOPE,NOT_IN_VIDEO_TIEBREAK_SCOPE,CURRENT_NPB_PLUS_2026_NO_DIRECT_CURRENT_MEASUREMENT,NONE,UNCHANGED_AFTER_FULL_REAPPRAISAL,2026 NPB+ 29.2km/hの同一100人内順位を現行中心として明示affirm。個人別の比較可能な現行加速計測が公開されないため、NPB+公開sample不明をレンジに反映。,43.986,44,0,UNCHANGED,AFFIRMATIVE_ROUNDED_BLIND_V3_SCALE_REFERENCE
岸田 行倫,91595136,読売ジャイアンツ,29.4,46,39,53,LOW_MEDIUM,CURRENT_NPB_PLUS_ORDINAL,NO_INDEPENDENT_SECONDARY_PHYSICAL_EVIDENCE,ANCHOR_RESOLVED_MODERATE,NOT_IN_SNS_TIEBREAK_SCOPE,NOT_IN_VIDEO_TIEBREAK_SCOPE,CURRENT_NPB_PLUS_2026_NO_DIRECT_CURRENT_MEASUREMENT,NONE,UNCHANGED_AFTER_FULL_REAPPRAISAL,2026 NPB+ 29.4km/hの同一100人内順位を現行中心として明示affirm。個人別の比較可能な現行加速計測が公開されないため、NPB+公開sample不明をレンジに反映。,45.781,46,0,UNCHANGED,AFFIRMATIVE_ROUNDED_BLIND_V3_SCALE_REFERENCE
松本 剛,21625135,読売ジャイアンツ,31.4,64,57,71,LOW_MEDIUM,CURRENT_NPB_PLUS_ORDINAL,NO_INDEPENDENT_SECONDARY_PHYSICAL_EVIDENCE,ANCHOR_RESOLVED_MODERATE,NOT_IN_SNS_TIEBREAK_SCOPE,NOT_IN_VIDEO_TIEBREAK_SCOPE,CURRENT_NPB_PLUS_2026_NO_DIRECT_CURRENT_MEASUREMENT,NONE,UNCHANGED_AFTER_FULL_REAPPRAISAL,2026 NPB+ 31.4km/hの同一100人内順位を現行中心として明示affirm。個人別の比較可能な現行加速計測が公開されないため、NPB+公開sample不明をレンジに反映。,63.732,64,0,UNCHANGED,AFFIRMATIVE_ROUNDED_BLIND_V3_SCALE_REFERENCE
中野 拓夢,41445153,阪神タイガース,32.9,77,70,84,LOW_MEDIUM,CURRENT_NPB_PLUS_ORDINAL,NO_INDEPENDENT_SECONDARY_PHYSICAL_EVIDENCE,ANCHOR_RESOLVED_MODERATE,NOT_IN_SNS_TIEBREAK_SCOPE,NOT_IN_VIDEO_TIEBREAK_SCOPE,CURRENT_NPB_PLUS_2026_NO_DIRECT_CURRENT_MEASUREMENT,NONE,UNCHANGED_AFTER_FULL_REAPPRAISAL,2026 NPB+ 32.9km/hの同一100人内順位を現行中心として明示affirm。個人別の比較可能な現行加速計測が公開されないため、NPB+公開sample不明をレンジに反映。,77.195,77,0,UNCHANGED,AFFIRMATIVE_ROUNDED_BLIND_V3_SCALE_REFERENCE
伏見 寅威,61065137,阪神タイガース,29.1,43,36,50,LOW_MEDIUM,CURRENT_NPB_PLUS_ORDINAL,NO_INDEPENDENT_SECONDARY_PHYSICAL_EVIDENCE,ANCHOR_RESOLVED_MODERATE,NOT_IN_SNS_TIEBREAK_SCOPE,NOT_IN_VIDEO_TIEBREAK_SCOPE,CURRENT_NPB_PLUS_2026_NO_DIRECT_CURRENT_MEASUREMENT,NONE,UNCHANGED_AFTER_FULL_REAPPRAISAL,2026 NPB+ 29.1km/hの同一100人内順位を現行中心として明示affirm。個人別の比較可能な現行加速計測が公開されないため、NPB+公開sample不明をレンジに反映。,43.089,43,0,UNCHANGED,AFFIRMATIVE_ROUNDED_BLIND_V3_SCALE_REFERENCE
佐藤 輝明,41045153,阪神タイガース,32.1,70,63,77,LOW_MEDIUM,CURRENT_NPB_PLUS_ORDINAL,HISTORICAL_PROFILE_CONTEXT_ONLY,ANCHOR_RESOLVED_MODERATE,NOT_IN_SNS_TIEBREAK_SCOPE,NOT_IN_VIDEO_TIEBREAK_SCOPE,CURRENT_NPB_PLUS_2026_NO_DIRECT_CURRENT_MEASUREMENT,NONE,UNCHANGED_AFTER_FULL_REAPPRAISAL,2026 NPB+ 32.1km/hの同一100人内順位を現行中心として明示affirm。個人別の比較可能な現行加速計測が公開されないため、NPB+公開sample不明をレンジに反映。,70.014,70,0,UNCHANGED,AFFIRMATIVE_ROUNDED_BLIND_V3_SCALE_REFERENCE
坂本 誠志郎,11915132,阪神タイガース,30.2,53,46,60,LOW_MEDIUM,CURRENT_NPB_PLUS_ORDINAL,NO_INDEPENDENT_SECONDARY_PHYSICAL_EVIDENCE,ANCHOR_RESOLVED_MODERATE,NOT_IN_SNS_TIEBREAK_SCOPE,NOT_IN_VIDEO_TIEBREAK_SCOPE,CURRENT_NPB_PLUS_2026_NO_DIRECT_CURRENT_MEASUREMENT,NONE,UNCHANGED_AFTER_FULL_REAPPRAISAL,2026 NPB+ 30.2km/hの同一100人内順位を現行中心として明示affirm。個人別の比較可能な現行加速計測が公開されないため、NPB+公開sample不明をレンジに反映。,52.962,53,0,UNCHANGED,AFFIRMATIVE_ROUNDED_BLIND_V3_SCALE_REFERENCE
大山 悠輔,21325134,阪神タイガース,30.5,56,49,63,LOW_MEDIUM,CURRENT_NPB_PLUS_ORDINAL,NO_INDEPENDENT_SECONDARY_PHYSICAL_EVIDENCE,ANCHOR_RESOLVED_MODERATE,NOT_IN_SNS_TIEBREAK_SCOPE,NOT_IN_VIDEO_TIEBREAK_SCOPE,CURRENT_NPB_PLUS_2026_NO_DIRECT_CURRENT_MEASUREMENT,NONE,UNCHANGED_AFTER_FULL_REAPPRAISAL,2026 NPB+ 30.5km/hの同一100人内順位を現行中心として明示affirm。個人別の比較可能な現行加速計測が公開されないため、NPB+公開sample不明をレンジに反映。,55.654,56,0,UNCHANGED,AFFIRMATIVE_ROUNDED_BLIND_V3_SCALE_REFERENCE
小幡 竜平,31535138,阪神タイガース,32.8,76,69,83,LOW_MEDIUM,CURRENT_NPB_PLUS_ORDINAL,HISTORICAL_PROFILE_CONTEXT_ONLY,ANCHOR_RESOLVED_MODERATE,NOT_IN_SNS_TIEBREAK_SCOPE,NOT_IN_VIDEO_TIEBREAK_SCOPE,CURRENT_NPB_PLUS_2026_NO_DIRECT_CURRENT_MEASUREMENT,NONE,UNCHANGED_AFTER_FULL_REAPPRAISAL,2026 NPB+ 32.8km/hの同一100人内順位を現行中心として明示affirm。個人別の比較可能な現行加速計測が公開されないため、NPB+公開sample不明をレンジに反映。,76.297,76,0,UNCHANGED,AFFIRMATIVE_ROUNDED_BLIND_V3_SCALE_REFERENCE
木浪 聖也,31735138,阪神タイガース,30,51,44,58,LOW_MEDIUM,CURRENT_NPB_PLUS_ORDINAL,NO_INDEPENDENT_SECONDARY_PHYSICAL_EVIDENCE,ANCHOR_RESOLVED_MODERATE,NOT_IN_SNS_TIEBREAK_SCOPE,NOT_IN_VIDEO_TIEBREAK_SCOPE,CURRENT_NPB_PLUS_2026_NO_DIRECT_CURRENT_MEASUREMENT,NONE,UNCHANGED_AFTER_FULL_REAPPRAISAL,2026 NPB+ 30.0km/hの同一100人内順位を現行中心として明示affirm。個人別の比較可能な現行加速計測が公開されないため、NPB+公開sample不明をレンジに反映。,51.166,51,0,UNCHANGED,AFFIRMATIVE_ROUNDED_BLIND_V3_SCALE_REFERENCE
梅野 隆太郎,21325139,阪神タイガース,30.6,57,47,67,LOW,CURRENT_NPB_PLUS_ORDINAL,NO_INDEPENDENT_SECONDARY_PHYSICAL_EVIDENCE,SNS_TIEBREAK,MIXED_CONSENSUS,VIDEO_INCONCLUSIVE,CURRENT_NPB_PLUS_2026_NO_DIRECT_CURRENT_MEASUREMENT,NONE,UNCHANGED_AFTER_FULL_REAPPRAISAL_MIXED_BAND_WIDENED,2026 NPB+ 30.6km/hの同一100人内順位を現行中心として明示affirm。異metricまたはSNS混在は点を平均せず、レンジ拡大で表現。targeted physical / X / videoでは現行方向を追加解決できず、不確実性に反映。動画はusable current full-effort play=0で、数値入力にしていない。,56.552,57,0,UNCHANGED,AFFIRMATIVE_ROUNDED_BLIND_V3_SCALE_REFERENCE
森下 翔太,43145157,阪神タイガース,30.5,56,49,63,LOW_MEDIUM,CURRENT_NPB_PLUS_ORDINAL,NO_INDEPENDENT_SECONDARY_PHYSICAL_EVIDENCE,ANCHOR_RESOLVED_MODERATE,NOT_IN_SNS_TIEBREAK_SCOPE,NOT_IN_VIDEO_TIEBREAK_SCOPE,CURRENT_NPB_PLUS_2026_NO_DIRECT_CURRENT_MEASUREMENT,NONE,UNCHANGED_AFTER_FULL_REAPPRAISAL,2026 NPB+ 30.5km/hの同一100人内順位を現行中心として明示affirm。個人別の比較可能な現行加速計測が公開されないため、NPB+公開sample不明をレンジに反映。,55.654,56,0,UNCHANGED,AFFIRMATIVE_ROUNDED_BLIND_V3_SCALE_REFERENCE
