player_id,player,player_canonical,team,team_canonical,stage1_profile_status,stage1_profile_present,npb_plus_sprint_speed_kmh,blind_v3_match_status,blind_v3_baseline_raw,blind_v3_baseline_rounded,final_freeze_rating,final_freeze_decision_class,powerpro_match_status,powerpro_match_method,powerpro_candidate_count,powerpro_2026_roster_display_name,powerpro_2026_roster_normalized_name,powerpro_2026_speed,residual_a,residual_b,position_source,position_match_status,position_raw_jp,position,position_group,current_usage_plate_appearances,current_usage_games,current_usage_pos_breakdown,age,age_status,acceleration_class,exposure_pa,exposure_games
51255138,中川 圭太,中川圭太,オリックス・バファローズ,オリックス・バファローズ,STAGE_1_BLIND_PHYSICAL_CONSTRUCT_V2,true,32.6,EXACT_PLAYER_ID_OR_TEAM_NAME_MATCH,74.502,75,75,CURRENT_SPRINT_CONFIRMED,EXACT_CANONICAL_TEAM_MATCH,SAME_TEAM_UNIQUE_CANONICAL_ROSTER_LABEL_RESOLUTION,1,中川圭,中川圭,74,1,1,data/pennant.db::npb_usage_2026.primary_pos,EXACT_NORMALIZED_NAME_UNIQUE_CURRENT_USAGE,中,CF,MIDDLE_PREMIUM,315,77,"{""中"":4998,""一"":77,""左"":2267,""右"":4326}",,MISSING_NO_FROZEN_AGE_FIELD,INSUFFICIENT_SHORT_DISTANCE_EVIDENCE,366,93
91395138,太田 椋,太田椋,オリックス・バファローズ,オリックス・バファローズ,STAGE_1_BLIND_PHYSICAL_CONSTRUCT_V2,true,31.7,EXACT_PLAYER_ID_OR_TEAM_NAME_MATCH,66.424,66,66,CURRENT_SPRINT_CONFIRMED,EXACT_CANONICAL_TEAM_MATCH,SAME_TEAM_UNIQUE_CANONICAL_ROSTER_LABEL_RESOLUTION,1,太　田,太田,64,2,2,data/pennant.db::npb_usage_2026.primary_pos,EXACT_NORMALIZED_NAME_UNIQUE_CURRENT_USAGE,二,2B,MIDDLE_NEUTRAL,298,72,"{""一"":3940,""二"":7793}",,MISSING_NO_FROZEN_AGE_FIELD,INSUFFICIENT_SHORT_DISTANCE_EVIDENCE,347,85
11815130,宗 佑磨,宗佑磨,オリックス・バファローズ,オリックス・バファローズ,STAGE_1_BLIND_PHYSICAL_CONSTRUCT_V2,true,31.9,EXACT_PLAYER_ID_OR_TEAM_NAME_MATCH,68.219,68,68,CURRENT_SPRINT_LIMITED_SUPPORT,EXACT_CANONICAL_TEAM_MATCH,SAME_TEAM_UNIQUE_CANONICAL_ROSTER_LABEL_RESOLUTION,1,宗,宗,76,-8,-8,data/pennant.db::npb_usage_2026.primary_pos,EXACT_NORMALIZED_NAME_UNIQUE_CURRENT_USAGE,三,3B,CORNER_CATCHER,323,78,"{""三"":12063}",,MISSING_NO_FROZEN_AGE_FIELD,INSUFFICIENT_SHORT_DISTANCE_EVIDENCE,388,96
51955153,来田 涼斗,来田涼斗,オリックス・バファローズ,オリックス・バファローズ,STAGE_1_BLIND_PHYSICAL_CONSTRUCT_V2,true,32.4,EXACT_PLAYER_ID_OR_TEAM_NAME_MATCH,72.707,73,73,CURRENT_SPRINT_WITH_DIRECTIONAL_HISTORY,EXACT_CANONICAL_TEAM_MATCH,SAME_TEAM_UNIQUE_CANONICAL_ROSTER_LABEL_RESOLUTION,1,来　田,来田,85,-12,-12,data/pennant.db::npb_usage_2026.primary_pos,EXACT_NORMALIZED_NAME_UNIQUE_CURRENT_USAGE,右,RF,MIDDLE_PREMIUM,135,42,"{""右"":4984,""左"":574}",,MISSING_NO_FROZEN_AGE_FIELD,INSUFFICIENT_SHORT_DISTANCE_EVIDENCE,183,62
91495139,森 友哉,森友哉,オリックス・バファローズ,オリックス・バファローズ,STAGE_1_BLIND_PHYSICAL_CONSTRUCT_V2,true,31.2,EXACT_PLAYER_ID_OR_TEAM_NAME_MATCH,61.937,62,62,CURRENT_SPRINT_WITH_DIRECTIONAL_HISTORY,EXACT_CANONICAL_TEAM_MATCH,SAME_TEAM_UNIQUE_CANONICAL_ROSTER_LABEL_RESOLUTION,1,森　友,森友,65,-3,-3,data/pennant.db::npb_usage_2026.primary_pos,EXACT_NORMALIZED_NAME_UNIQUE_CURRENT_USAGE,捕,C,CORNER_CATCHER,213,54,"{""捕"":3794}",,MISSING_NO_FROZEN_AGE_FIELD,INSUFFICIENT_SHORT_DISTANCE_EVIDENCE,250,65
91995151,紅林 弘太郎,紅林弘太郎,オリックス・バファローズ,オリックス・バファローズ,STAGE_1_BLIND_PHYSICAL_CONSTRUCT_V2,true,30.7,EXACT_PLAYER_ID_OR_TEAM_NAME_MATCH,57.449,57,57,CURRENT_SPRINT_CONFIRMED,EXACT_CANONICAL_TEAM_MATCH,SAME_TEAM_UNIQUE_CANONICAL_ROSTER_LABEL_RESOLUTION,1,紅　林,紅林,56,1,1,data/pennant.db::npb_usage_2026.primary_pos,EXACT_NORMALIZED_NAME_UNIQUE_CURRENT_USAGE,遊,SS,MIDDLE_PREMIUM,304,78,"{""遊"":12268}",,MISSING_NO_FROZEN_AGE_FIELD,INSUFFICIENT_SHORT_DISTANCE_EVIDENCE,365,95
41645139,若月 健矢,若月健矢,オリックス・バファローズ,オリックス・バファローズ,STAGE_1_BLIND_PHYSICAL_CONSTRUCT_V2,true,30.7,EXACT_PLAYER_ID_OR_TEAM_NAME_MATCH,57.449,57,57,CURRENT_SPRINT_CONFIRMED,EXACT_CANONICAL_TEAM_MATCH,SAME_TEAM_UNIQUE_CANONICAL_ROSTER_LABEL_RESOLUTION,1,若　月,若月,48,9,9,data/pennant.db::npb_usage_2026.primary_pos,EXACT_NORMALIZED_NAME_UNIQUE_CURRENT_USAGE,捕,C,CORNER_CATCHER,220,65,"{""捕"":9053}",,MISSING_NO_FROZEN_AGE_FIELD,INSUFFICIENT_SHORT_DISTANCE_EVIDENCE,244,80
71475132,西川 龍馬,西川龍馬,オリックス・バファローズ,オリックス・バファローズ,STAGE_1_BLIND_PHYSICAL_CONSTRUCT_V2,true,31.1,EXACT_PLAYER_ID_OR_TEAM_NAME_MATCH,61.039,61,61,CURRENT_SPRINT_CONFIRMED,EXACT_CANONICAL_TEAM_MATCH,SAME_TEAM_UNIQUE_CANONICAL_ROSTER_LABEL_RESOLUTION,1,西　川,西川,72,-11,-11,data/pennant.db::npb_usage_2026.primary_pos,EXACT_NORMALIZED_NAME_UNIQUE_CURRENT_USAGE,左,LF,CORNER_CATCHER,369,86,"{""左"":9819}",,MISSING_NO_FROZEN_AGE_FIELD,INSUFFICIENT_SHORT_DISTANCE_EVIDENCE,436,102
91495130,西野 真弘,西野真弘,オリックス・バファローズ,オリックス・バファローズ,STAGE_1_BLIND_PHYSICAL_CONSTRUCT_V2,true,31.6,EXACT_PLAYER_ID_OR_TEAM_NAME_MATCH,65.527,66,66,CURRENT_SPRINT_LIMITED_SUPPORT,EXACT_CANONICAL_TEAM_MATCH,SAME_TEAM_UNIQUE_CANONICAL_ROSTER_LABEL_RESOLUTION,1,西　野,西野,76,-10,-10,data/pennant.db::npb_usage_2026.primary_pos,EXACT_NORMALIZED_NAME_UNIQUE_CURRENT_USAGE,二,2B,MIDDLE_NEUTRAL,85,29,"{""三"":883,""二"":1348}",,MISSING_NO_FROZEN_AGE_FIELD,INSUFFICIENT_SHORT_DISTANCE_EVIDENCE,85,29
93795157,カリステ,カリステ,中日ドラゴンズ,中日ドラゴンズ,STAGE_1_BLIND_PHYSICAL_CONSTRUCT_V2,true,31.3,EXACT_PLAYER_ID_OR_TEAM_NAME_MATCH,62.834,63,64,OLD_DIRECT_T90_DIRECTIONAL,EXACT_CANONICAL_TEAM_MATCH,SAME_TEAM_UNIQUE_CANONICAL_ROSTER_LABEL_RESOLUTION,1,カリステ,カリステ,82,-19,-18,data/pennant.db::npb_usage_2026.primary_pos,EXACT_NORMALIZED_NAME_UNIQUE_CURRENT_USAGE,右,RF,MIDDLE_PREMIUM,62,25,"{""一"":254,""左"":156,""右"":2139,""三"":116}",,MISSING_NO_FROZEN_AGE_FIELD,TEMPORAL_CONSTRUCT_CONFLICT,67,26
51455153,土田 龍空,土田龍空,中日ドラゴンズ,中日ドラゴンズ,STAGE_1_BLIND_PHYSICAL_CONSTRUCT_V2,true,31.2,EXACT_PLAYER_ID_OR_TEAM_NAME_MATCH,61.937,62,62,CURRENT_SPRINT_LIMITED_SUPPORT,EXACT_CANONICAL_TEAM_MATCH,SAME_TEAM_UNIQUE_CANONICAL_ROSTER_LABEL_RESOLUTION,1,土　田,土田,66,-4,-4,data/pennant.db::npb_usage_2026.primary_pos,EXACT_NORMALIZED_NAME_UNIQUE_CURRENT_USAGE,中,CF,MIDDLE_PREMIUM,34,15,"{""二"":506,""中"":778,""左"":82,""右"":12,""遊"":58}",,MISSING_NO_FROZEN_AGE_FIELD,INSUFFICIENT_SHORT_DISTANCE_EVIDENCE,43,38
01305131,大島 洋平,大島洋平,中日ドラゴンズ,中日ドラゴンズ,STAGE_1_BLIND_PHYSICAL_CONSTRUCT_V2,true,31.7,EXACT_PLAYER_ID_OR_TEAM_NAME_MATCH,66.424,66,66,CURRENT_SPRINT_LIMITED_SUPPORT,EXACT_CANONICAL_TEAM_MATCH,SAME_TEAM_UNIQUE_CANONICAL_ROSTER_LABEL_RESOLUTION,1,大　島,大島,74,-8,-8,data/pennant.db::npb_usage_2026.primary_pos,EXACT_NORMALIZED_NAME_UNIQUE_CURRENT_USAGE,中,CF,MIDDLE_PREMIUM,66,21,"{""中"":2083}",,MISSING_NO_FROZEN_AGE_FIELD,INSUFFICIENT_SHORT_DISTANCE_EVIDENCE,66,21
81585151,岡林 勇希,岡林勇希,中日ドラゴンズ,中日ドラゴンズ,STAGE_1_BLIND_PHYSICAL_CONSTRUCT_V2,true,32.5,EXACT_PLAYER_ID_OR_TEAM_NAME_MATCH,73.604,74,74,CURRENT_SPRINT_WITH_DIRECTIONAL_HISTORY,EXACT_CANONICAL_TEAM_MATCH,SAME_TEAM_UNIQUE_CANONICAL_ROSTER_LABEL_RESOLUTION,1,岡　林,岡林,81,-7,-7,data/pennant.db::npb_usage_2026.primary_pos,EXACT_NORMALIZED_NAME_UNIQUE_CURRENT_USAGE,中,CF,MIDDLE_PREMIUM,171,39,"{""中"":6864}",,MISSING_NO_FROZEN_AGE_FIELD,INSUFFICIENT_SHORT_DISTANCE_EVIDENCE,235,54
31735132,木下 拓哉,木下拓哉,中日ドラゴンズ,中日ドラゴンズ,STAGE_1_BLIND_PHYSICAL_CONSTRUCT_V2,true,29.4,EXACT_PLAYER_ID_OR_TEAM_NAME_MATCH,45.781,46,46,CURRENT_SPRINT_LIMITED_SUPPORT,EXACT_CANONICAL_TEAM_MATCH,SAME_TEAM_UNIQUE_CANONICAL_ROSTER_LABEL_RESOLUTION,1,木下拓,木下拓,39,7,7,data/pennant.db::npb_usage_2026.primary_pos,EXACT_NORMALIZED_NAME_UNIQUE_CURRENT_USAGE,捕,C,CORNER_CATCHER,53,17,"{""捕"":2808}",,MISSING_NO_FROZEN_AGE_FIELD,INSUFFICIENT_SHORT_DISTANCE_EVIDENCE,63,21
03105157,村松 開人,村松開人,中日ドラゴンズ,中日ドラゴンズ,STAGE_1_BLIND_PHYSICAL_CONSTRUCT_V2,true,33.4,EXACT_PLAYER_ID_OR_TEAM_NAME_MATCH,81.682,82,82,CURRENT_SPRINT_CONFIRMED,EXACT_CANONICAL_TEAM_MATCH,SAME_TEAM_UNIQUE_CANONICAL_ROSTER_LABEL_RESOLUTION,1,村　松,村松,80,2,2,data/pennant.db::npb_usage_2026.primary_pos,EXACT_NORMALIZED_NAME_UNIQUE_CURRENT_USAGE,遊,SS,MIDDLE_PREMIUM,348,84,"{""遊"":13164}",,MISSING_NO_FROZEN_AGE_FIELD,INSUFFICIENT_SHORT_DISTANCE_EVIDENCE,413,99
91395132,板山 祐太郎,板山祐太郎,中日ドラゴンズ,中日ドラゴンズ,STAGE_1_BLIND_PHYSICAL_CONSTRUCT_V2,true,32,EXACT_PLAYER_ID_OR_TEAM_NAME_MATCH,69.117,69,69,CURRENT_SPRINT_CONFIRMED,EXACT_CANONICAL_TEAM_MATCH,SAME_TEAM_UNIQUE_CANONICAL_ROSTER_LABEL_RESOLUTION,1,板　山,板山,72,-3,-3,data/pennant.db::npb_usage_2026.primary_pos,EXACT_NORMALIZED_NAME_UNIQUE_CURRENT_USAGE,右,RF,MIDDLE_PREMIUM,144,51,"{""右"":2698,""一"":487,""三"":105,""二"":824,""左"":243,""中"":514}",,MISSING_NO_FROZEN_AGE_FIELD,INSUFFICIENT_SHORT_DISTANCE_EVIDENCE,182,67
21025157,田中 幹也,田中幹也,中日ドラゴンズ,中日ドラゴンズ,STAGE_1_BLIND_PHYSICAL_CONSTRUCT_V2,true,33.5,EXACT_PLAYER_ID_OR_TEAM_NAME_MATCH,82.58,83,83,CURRENT_SPRINT_WITH_DIRECTIONAL_HISTORY,EXACT_CANONICAL_TEAM_MATCH,SAME_TEAM_UNIQUE_CANONICAL_ROSTER_LABEL_RESOLUTION,1,田　中,田中,83,0,0,data/pennant.db::npb_usage_2026.primary_pos,EXACT_NORMALIZED_NAME_UNIQUE_CURRENT_USAGE,二,2B,MIDDLE_NEUTRAL,241,66,"{""二"":10161}",,MISSING_NO_FROZEN_AGE_FIELD,INSUFFICIENT_SHORT_DISTANCE_EVIDENCE,247,73
91195151,石川 昂弥,石川昂弥,中日ドラゴンズ,中日ドラゴンズ,STAGE_1_BLIND_PHYSICAL_CONSTRUCT_V2,true,30.6,EXACT_PLAYER_ID_OR_TEAM_NAME_MATCH,56.552,57,57,CURRENT_SPRINT_CONFIRMED,EXACT_CANONICAL_TEAM_MATCH,SAME_TEAM_UNIQUE_CANONICAL_ROSTER_LABEL_RESOLUTION,1,石川昂,石川昂,41,16,16,data/pennant.db::npb_usage_2026.primary_pos,EXACT_NORMALIZED_NAME_UNIQUE_CURRENT_USAGE,三,3B,CORNER_CATCHER,170,48,"{""一"":1416,""三"":5889}",,MISSING_NO_FROZEN_AGE_FIELD,INSUFFICIENT_SHORT_DISTANCE_EVIDENCE,236,64
81685157,福永 裕基,福永裕基,中日ドラゴンズ,中日ドラゴンズ,STAGE_1_BLIND_PHYSICAL_CONSTRUCT_V2,true,33,EXACT_PLAYER_ID_OR_TEAM_NAME_MATCH,78.092,78,78,CURRENT_SPRINT_CONFIRMED,EXACT_CANONICAL_TEAM_MATCH,SAME_TEAM_UNIQUE_CANONICAL_ROSTER_LABEL_RESOLUTION,1,福　永,福永,64,14,14,data/pennant.db::npb_usage_2026.primary_pos,EXACT_NORMALIZED_NAME_UNIQUE_CURRENT_USAGE,三,3B,CORNER_CATCHER,194,57,"{""二"":737,""三"":6082,""一"":298}",,MISSING_NO_FROZEN_AGE_FIELD,INSUFFICIENT_SHORT_DISTANCE_EVIDENCE,256,73
31835134,細川 成也,細川成也,中日ドラゴンズ,中日ドラゴンズ,STAGE_1_BLIND_PHYSICAL_CONSTRUCT_V2,true,32.7,EXACT_PLAYER_ID_OR_TEAM_NAME_MATCH,75.399,75,75,CURRENT_SPRINT_WITH_DIRECTIONAL_HISTORY,EXACT_CANONICAL_TEAM_MATCH,SAME_TEAM_UNIQUE_CANONICAL_ROSTER_LABEL_RESOLUTION,1,細　川,細川,60,15,15,data/pennant.db::npb_usage_2026.primary_pos,EXACT_NORMALIZED_NAME_UNIQUE_CURRENT_USAGE,左,LF,CORNER_CATCHER,360,86,"{""左"":13116}",,MISSING_NO_FROZEN_AGE_FIELD,INSUFFICIENT_SHORT_DISTANCE_EVIDENCE,429,102
91095135,高橋 周平,高橋周平,中日ドラゴンズ,中日ドラゴンズ,STAGE_1_BLIND_PHYSICAL_CONSTRUCT_V2,true,29.5,EXACT_PLAYER_ID_OR_TEAM_NAME_MATCH,46.679,47,47,CURRENT_SPRINT_CONFIRMED,EXACT_CANONICAL_TEAM_MATCH,SAME_TEAM_UNIQUE_CANONICAL_ROSTER_LABEL_RESOLUTION,1,高橋周,高橋周,46,1,1,data/pennant.db::npb_usage_2026.primary_pos,EXACT_NORMALIZED_NAME_UNIQUE_CURRENT_USAGE,三,3B,CORNER_CATCHER,92,39,"{""一"":674,""三"":1696}",,MISSING_NO_FROZEN_AGE_FIELD,INSUFFICIENT_SHORT_DISTANCE_EVIDENCE,102,48
31435157,奈良間 大己,奈良間大己,北海道日本ハムファイターズ,北海道日本ハムファイターズ,STAGE_1_BLIND_PHYSICAL_CONSTRUCT_V2,true,31.7,EXACT_PLAYER_ID_OR_TEAM_NAME_MATCH,66.424,66,67,STANDARDIZED_AND_CURRENT_AGREE,EXACT_CANONICAL_TEAM_MATCH,SAME_TEAM_UNIQUE_CANONICAL_ROSTER_LABEL_RESOLUTION,1,奈良間,奈良間,64,2,3,data/pennant.db::npb_usage_2026.primary_pos,EXACT_NORMALIZED_NAME_UNIQUE_CURRENT_USAGE,二,2B,MIDDLE_NEUTRAL,171,54,"{""遊"":530,""三"":1125,""二"":5869}",,MISSING_NO_FROZEN_AGE_FIELD,TEMPORAL_CONSTRUCT_CONFLICT,192,84
63165155,水野 達稀,水野達稀,北海道日本ハムファイターズ,北海道日本ハムファイターズ,STAGE_1_BLIND_PHYSICAL_CONSTRUCT_V2,true,33.4,EXACT_PLAYER_ID_OR_TEAM_NAME_MATCH,81.682,82,82,CURRENT_SPRINT_LIMITED_SUPPORT,EXACT_CANONICAL_TEAM_MATCH,SAME_TEAM_UNIQUE_CANONICAL_ROSTER_LABEL_RESOLUTION,1,水　野,水野,71,11,11,data/pennant.db::npb_usage_2026.primary_pos,EXACT_NORMALIZED_NAME_UNIQUE_CURRENT_USAGE,遊,SS,MIDDLE_PREMIUM,350,84,"{""遊"":11756,""二"":832}",,MISSING_NO_FROZEN_AGE_FIELD,INSUFFICIENT_SHORT_DISTANCE_EVIDENCE,409,98
41545136,清宮 幸太郎,清宮幸太郎,北海道日本ハムファイターズ,北海道日本ハムファイターズ,STAGE_1_BLIND_PHYSICAL_CONSTRUCT_V2,true,31.7,EXACT_PLAYER_ID_OR_TEAM_NAME_MATCH,66.424,66,66,CURRENT_SPRINT_WITH_DIRECTIONAL_HISTORY,EXACT_CANONICAL_TEAM_MATCH,SAME_TEAM_UNIQUE_CANONICAL_ROSTER_LABEL_RESOLUTION,1,清　宮,清宮,56,10,10,data/pennant.db::npb_usage_2026.primary_pos,EXACT_NORMALIZED_NAME_UNIQUE_CURRENT_USAGE,一,1B,CORNER_CATCHER,323,83,"{""一"":9877,""左"":292,""三"":422}",,MISSING_NO_FROZEN_AGE_FIELD,INSUFFICIENT_SHORT_DISTANCE_EVIDENCE,363,97
51055138,田宮 裕涼,田宮裕涼,北海道日本ハムファイターズ,北海道日本ハムファイターズ,STAGE_1_BLIND_PHYSICAL_CONSTRUCT_V2,true,32.4,EXACT_PLAYER_ID_OR_TEAM_NAME_MATCH,72.707,73,73,CURRENT_SPRINT_WITH_DIRECTIONAL_HISTORY,EXACT_CANONICAL_TEAM_MATCH,SAME_TEAM_UNIQUE_CANONICAL_ROSTER_LABEL_RESOLUTION,1,田　宮,田宮,68,5,5,data/pennant.db::npb_usage_2026.primary_pos,EXACT_NORMALIZED_NAME_UNIQUE_CURRENT_USAGE,捕,C,CORNER_CATCHER,217,65,"{""捕"":9144}",,MISSING_NO_FROZEN_AGE_FIELD,INSUFFICIENT_SHORT_DISTANCE_EVIDENCE,236,74
21925151,郡司 裕也,郡司裕也,北海道日本ハムファイターズ,北海道日本ハムファイターズ,STAGE_1_BLIND_PHYSICAL_CONSTRUCT_V2,true,32.7,EXACT_PLAYER_ID_OR_TEAM_NAME_MATCH,75.399,75,75,CURRENT_SPRINT_CONFIRMED,EXACT_CANONICAL_TEAM_MATCH,SAME_TEAM_UNIQUE_CANONICAL_ROSTER_LABEL_RESOLUTION,1,郡　司,郡司,61,14,14,data/pennant.db::npb_usage_2026.primary_pos,EXACT_NORMALIZED_NAME_UNIQUE_CURRENT_USAGE,三,3B,CORNER_CATCHER,249,67,"{""三"":8359,""一"":363,""左"":346}",,MISSING_NO_FROZEN_AGE_FIELD,INSUFFICIENT_SHORT_DISTANCE_EVIDENCE,284,79
31435138,野村 佑希,野村佑希,北海道日本ハムファイターズ,北海道日本ハムファイターズ,STAGE_1_BLIND_PHYSICAL_CONSTRUCT_V2,true,31.7,EXACT_PLAYER_ID_OR_TEAM_NAME_MATCH,66.424,66,66,CURRENT_SPRINT_CONFIRMED,EXACT_CANONICAL_TEAM_MATCH,SAME_TEAM_UNIQUE_CANONICAL_ROSTER_LABEL_RESOLUTION,1,野　村,野村,52,14,14,data/pennant.db::npb_usage_2026.primary_pos,EXACT_NORMALIZED_NAME_UNIQUE_CURRENT_USAGE,左,LF,CORNER_CATCHER,257,73,"{""二"":1086,""三"":2015,""右"":496,""左"":3793,""一"":1525,""中"":49}",,MISSING_NO_FROZEN_AGE_FIELD,INSUFFICIENT_SHORT_DISTANCE_EVIDENCE,302,84
03505133,ソト,ソト,千葉ロッテマリーンズ,千葉ロッテマリーンズ,STAGE_1_BLIND_PHYSICAL_CONSTRUCT_V2,true,30.1,EXACT_PLAYER_ID_OR_TEAM_NAME_MATCH,52.064,52,52,CURRENT_SPRINT_LIMITED_SUPPORT,EXACT_CANONICAL_TEAM_MATCH,SAME_TEAM_UNIQUE_CANONICAL_ROSTER_LABEL_RESOLUTION,1,ソ　ト,ソト,40,12,12,data/pennant.db::npb_usage_2026.primary_pos,EXACT_NORMALIZED_NAME_UNIQUE_CURRENT_USAGE,一,1B,CORNER_CATCHER,249,75,"{""一"":6630}",,MISSING_NO_FROZEN_AGE_FIELD,INSUFFICIENT_SHORT_DISTANCE_EVIDENCE,302,88
63065155,ポランコ,ポランコ,千葉ロッテマリーンズ,千葉ロッテマリーンズ,STAGE_1_BLIND_PHYSICAL_CONSTRUCT_V2,true,31.1,EXACT_PLAYER_ID_OR_TEAM_NAME_MATCH,61.039,61,63,OLD_DIRECT_T90_DIRECTIONAL,EXACT_CANONICAL_TEAM_MATCH,SAME_TEAM_UNIQUE_CANONICAL_ROSTER_LABEL_RESOLUTION,1,ポランコ,ポランコ,63,-2,0,data/pennant.db::npb_usage_2026.primary_pos,EXACT_NORMALIZED_NAME_UNIQUE_CURRENT_USAGE,左,LF,CORNER_CATCHER,149,52,"{""左"":270}",,MISSING_NO_FROZEN_AGE_FIELD,TEMPORAL_CONSTRUCT_CONFLICT,149,52
71075151,佐藤 都志也,佐藤都志也,千葉ロッテマリーンズ,千葉ロッテマリーンズ,STAGE_1_BLIND_PHYSICAL_CONSTRUCT_V2,true,31.3,EXACT_PLAYER_ID_OR_TEAM_NAME_MATCH,62.834,63,63,CURRENT_SPRINT_WITH_DIRECTIONAL_HISTORY,EXACT_CANONICAL_TEAM_MATCH,SAME_TEAM_UNIQUE_CANONICAL_ROSTER_LABEL_RESOLUTION,1,佐　藤,佐藤,71,-8,-8,data/pennant.db::npb_usage_2026.primary_pos,EXACT_NORMALIZED_NAME_UNIQUE_CURRENT_USAGE,捕,C,CORNER_CATCHER,261,74,"{""捕"":10247}",,MISSING_NO_FROZEN_AGE_FIELD,INSUFFICIENT_SHORT_DISTANCE_EVIDENCE,301,88
71275157,友杉 篤輝,友杉篤輝,千葉ロッテマリーンズ,千葉ロッテマリーンズ,STAGE_1_BLIND_PHYSICAL_CONSTRUCT_V2,true,32.7,EXACT_PLAYER_ID_OR_TEAM_NAME_MATCH,75.399,75,75,P0_STANDARDIZED_VS_CURRENT_ADJUDICATION,EXACT_CANONICAL_TEAM_MATCH,SAME_TEAM_UNIQUE_CANONICAL_ROSTER_LABEL_RESOLUTION,1,友　杉,友杉,87,-12,-12,data/pennant.db::npb_usage_2026.primary_pos,EXACT_NORMALIZED_NAME_UNIQUE_CURRENT_USAGE,遊,SS,MIDDLE_PREMIUM,262,76,"{""遊"":11307,""二"":40}",,MISSING_NO_FROZEN_AGE_FIELD,TEMPORAL_CONSTRUCT_CONFLICT,270,83
81885136,安田 尚憲,安田尚憲,千葉ロッテマリーンズ,千葉ロッテマリーンズ,STAGE_1_BLIND_PHYSICAL_CONSTRUCT_V2,true,29.6,EXACT_PLAYER_ID_OR_TEAM_NAME_MATCH,47.576,48,48,CURRENT_SPRINT_WITH_DIRECTIONAL_HISTORY,EXACT_CANONICAL_TEAM_MATCH,SAME_TEAM_UNIQUE_CANONICAL_ROSTER_LABEL_RESOLUTION,1,安　田,安田,46,2,2,data/pennant.db::npb_usage_2026.primary_pos,EXACT_NORMALIZED_NAME_UNIQUE_CURRENT_USAGE,三,3B,CORNER_CATCHER,82,29,"{""一"":1270,""三"":1546}",,MISSING_NO_FROZEN_AGE_FIELD,INSUFFICIENT_SHORT_DISTANCE_EVIDENCE,129,42
11715153,小川 龍成,小川龍成,千葉ロッテマリーンズ,千葉ロッテマリーンズ,STAGE_1_BLIND_PHYSICAL_CONSTRUCT_V2,true,33.4,EXACT_PLAYER_ID_OR_TEAM_NAME_MATCH,81.682,82,82,CURRENT_SPRINT_CONFIRMED,EXACT_CANONICAL_TEAM_MATCH,SAME_TEAM_UNIQUE_CANONICAL_ROSTER_LABEL_RESOLUTION,1,小　川,小川,86,-4,-4,data/pennant.db::npb_usage_2026.primary_pos,EXACT_NORMALIZED_NAME_UNIQUE_CURRENT_USAGE,二,2B,MIDDLE_NEUTRAL,296,79,"{""二"":10481,""左"":41,""遊"":1759}",,MISSING_NO_FROZEN_AGE_FIELD,INSUFFICIENT_SHORT_DISTANCE_EVIDENCE,346,96
91895138,山口 航輝,山口航輝,千葉ロッテマリーンズ,千葉ロッテマリーンズ,STAGE_1_BLIND_PHYSICAL_CONSTRUCT_V2,true,31.9,EXACT_PLAYER_ID_OR_TEAM_NAME_MATCH,68.219,68,68,CURRENT_SPRINT_WITH_DIRECTIONAL_HISTORY,EXACT_CANONICAL_TEAM_MATCH,SAME_TEAM_UNIQUE_CANONICAL_ROSTER_LABEL_RESOLUTION,1,山　口,山口,52,16,16,data/pennant.db::npb_usage_2026.primary_pos,EXACT_NORMALIZED_NAME_UNIQUE_CURRENT_USAGE,左,LF,CORNER_CATCHER,188,53,"{""一"":1092,""左"":4208}",,MISSING_NO_FROZEN_AGE_FIELD,INSUFFICIENT_SHORT_DISTANCE_EVIDENCE,243,67
11515139,岡 大海,岡大海,千葉ロッテマリーンズ,千葉ロッテマリーンズ,STAGE_1_BLIND_PHYSICAL_CONSTRUCT_V2,true,32.6,EXACT_PLAYER_ID_OR_TEAM_NAME_MATCH,74.502,75,75,CURRENT_SPRINT_WITH_DIRECTIONAL_HISTORY,EXACT_CANONICAL_TEAM_MATCH,SAME_TEAM_UNIQUE_CANONICAL_ROSTER_LABEL_RESOLUTION,1,岡,岡,82,-7,-7,data/pennant.db::npb_usage_2026.primary_pos,EXACT_NORMALIZED_NAME_UNIQUE_CURRENT_USAGE,一,1B,CORNER_CATCHER,50,24,"{""一"":799,""左"":569,""右"":229,""中"":774}",,MISSING_NO_FROZEN_AGE_FIELD,INSUFFICIENT_SHORT_DISTANCE_EVIDENCE,50,26
31635138,藤原 恭大,藤原恭大,千葉ロッテマリーンズ,千葉ロッテマリーンズ,STAGE_1_BLIND_PHYSICAL_CONSTRUCT_V2,true,33,EXACT_PLAYER_ID_OR_TEAM_NAME_MATCH,78.092,78,78,CURRENT_SPRINT_WITH_DIRECTIONAL_HISTORY,EXACT_CANONICAL_TEAM_MATCH,SAME_TEAM_UNIQUE_CANONICAL_ROSTER_LABEL_RESOLUTION,1,藤　原,藤原,85,-7,-7,data/pennant.db::npb_usage_2026.primary_pos,EXACT_NORMALIZED_NAME_UNIQUE_CURRENT_USAGE,右,RF,MIDDLE_PREMIUM,221,50,"{""右"":6326,""中"":2390}",,MISSING_NO_FROZEN_AGE_FIELD,INSUFFICIENT_SHORT_DISTANCE_EVIDENCE,278,63
41645136,藤岡 裕大,藤岡裕大,千葉ロッテマリーンズ,千葉ロッテマリーンズ,STAGE_1_BLIND_PHYSICAL_CONSTRUCT_V2,true,30.8,EXACT_PLAYER_ID_OR_TEAM_NAME_MATCH,58.347,58,58,CURRENT_SPRINT_LIMITED_SUPPORT,EXACT_CANONICAL_TEAM_MATCH,SAME_TEAM_UNIQUE_CANONICAL_ROSTER_LABEL_RESOLUTION,1,藤　岡,藤岡,65,-7,-7,data/pennant.db::npb_usage_2026.primary_pos,EXACT_NORMALIZED_NAME_UNIQUE_CURRENT_USAGE,二,2B,MIDDLE_NEUTRAL,26,8,"{""遊"":362,""二"":758,""三"":13}",,MISSING_NO_FROZEN_AGE_FIELD,INSUFFICIENT_SHORT_DISTANCE_EVIDENCE,26,9
11215151,髙部 瑛斗,高部瑛斗,千葉ロッテマリーンズ,千葉ロッテマリーンズ,STAGE_1_BLIND_PHYSICAL_CONSTRUCT_V2,true,33.6,EXACT_PLAYER_ID_OR_TEAM_NAME_MATCH,83.477,83,83,CURRENT_SPRINT_WITH_DIRECTIONAL_HISTORY,EXACT_CANONICAL_TEAM_MATCH,SAME_TEAM_UNIQUE_CANONICAL_ROSTER_LABEL_RESOLUTION,1,髙　部,髙部,90,-7,-7,data/pennant.db::npb_usage_2026.primary_pos,EXACT_NORMALIZED_NAME_UNIQUE_CURRENT_USAGE,中,CF,MIDDLE_PREMIUM,130,42,"{""中"":6756}",,MISSING_NO_FROZEN_AGE_FIELD,INSUFFICIENT_SHORT_DISTANCE_EVIDENCE,130,44
81785155,古賀 悠斗,古賀悠斗,埼玉西武ライオンズ,埼玉西武ライオンズ,STAGE_1_BLIND_PHYSICAL_CONSTRUCT_V2,true,30.6,EXACT_PLAYER_ID_OR_TEAM_NAME_MATCH,56.552,57,57,CURRENT_SPRINT_CONFIRMED,EXACT_CANONICAL_TEAM_MATCH,SAME_TEAM_UNIQUE_CANONICAL_ROSTER_LABEL_RESOLUTION,1,古賀悠,古賀悠,47,10,10,data/pennant.db::npb_usage_2026.primary_pos,EXACT_NORMALIZED_NAME_UNIQUE_CURRENT_USAGE,捕,C,CORNER_CATCHER,174,56,"{""捕"":6965}",,MISSING_NO_FROZEN_AGE_FIELD,INSUFFICIENT_SHORT_DISTANCE_EVIDENCE,193,76
41245130,外崎 修汰,外崎修汰,埼玉西武ライオンズ,埼玉西武ライオンズ,STAGE_1_BLIND_PHYSICAL_CONSTRUCT_V2,true,32.3,EXACT_PLAYER_ID_OR_TEAM_NAME_MATCH,71.809,72,72,CURRENT_SPRINT_LIMITED_SUPPORT,EXACT_CANONICAL_TEAM_MATCH,SAME_TEAM_UNIQUE_CANONICAL_ROSTER_LABEL_RESOLUTION,1,外　崎,外崎,68,4,4,data/pennant.db::npb_usage_2026.primary_pos,EXACT_NORMALIZED_NAME_UNIQUE_CURRENT_USAGE,二,2B,MIDDLE_NEUTRAL,52,16,"{""二"":1510,""一"":863}",,MISSING_NO_FROZEN_AGE_FIELD,INSUFFICIENT_SHORT_DISTANCE_EVIDENCE,69,23
71775134,源田 壮亮,源田壮亮,埼玉西武ライオンズ,埼玉西武ライオンズ,STAGE_1_BLIND_PHYSICAL_CONSTRUCT_V2,true,32.9,EXACT_PLAYER_ID_OR_TEAM_NAME_MATCH,77.195,77,77,CURRENT_SPRINT_CONFIRMED,EXACT_CANONICAL_TEAM_MATCH,SAME_TEAM_UNIQUE_CANONICAL_ROSTER_LABEL_RESOLUTION,1,源　田,源田,80,-3,-3,data/pennant.db::npb_usage_2026.primary_pos,EXACT_NORMALIZED_NAME_UNIQUE_CURRENT_USAGE,遊,SS,MIDDLE_PREMIUM,188,55,"{""遊"":7719}",,MISSING_NO_FROZEN_AGE_FIELD,INSUFFICIENT_SHORT_DISTANCE_EVIDENCE,209,81
51255155,滝澤 夏央,滝澤夏央,埼玉西武ライオンズ,埼玉西武ライオンズ,STAGE_1_BLIND_PHYSICAL_CONSTRUCT_V2,true,33,EXACT_PLAYER_ID_OR_TEAM_NAME_MATCH,78.092,78,78,CURRENT_SPRINT_WITH_DIRECTIONAL_HISTORY,EXACT_CANONICAL_TEAM_MATCH,SAME_TEAM_UNIQUE_CANONICAL_ROSTER_LABEL_RESOLUTION,1,滝　澤,滝澤,85,-7,-7,data/pennant.db::npb_usage_2026.primary_pos,EXACT_NORMALIZED_NAME_UNIQUE_CURRENT_USAGE,遊,SS,MIDDLE_PREMIUM,315,78,"{""遊"":6815,""二"":5162,""三"":486}",,MISSING_NO_FROZEN_AGE_FIELD,INSUFFICIENT_SHORT_DISTANCE_EVIDENCE,363,93
21125134,石井 一成,石井一成,埼玉西武ライオンズ,埼玉西武ライオンズ,STAGE_1_BLIND_PHYSICAL_CONSTRUCT_V2,true,32.6,EXACT_PLAYER_ID_OR_TEAM_NAME_MATCH,74.502,75,75,CURRENT_SPRINT_CONFIRMED,EXACT_CANONICAL_TEAM_MATCH,SAME_TEAM_UNIQUE_CANONICAL_ROSTER_LABEL_RESOLUTION,1,石　井,石井,79,-4,-4,data/pennant.db::npb_usage_2026.primary_pos,EXACT_NORMALIZED_NAME_UNIQUE_CURRENT_USAGE,二,2B,MIDDLE_NEUTRAL,176,50,"{""二"":7067,""一"":45}",,MISSING_NO_FROZEN_AGE_FIELD,INSUFFICIENT_SHORT_DISTANCE_EVIDENCE,216,62
43745150,ファビアン,ファビアン,広島東洋カープ,広島東洋カープ,STAGE_1_BLIND_PHYSICAL_CONSTRUCT_V2,true,31.4,EXACT_PLAYER_ID_OR_TEAM_NAME_MATCH,63.732,64,64,CURRENT_SPRINT_CONFIRMED,EXACT_CANONICAL_TEAM_MATCH,SAME_TEAM_UNIQUE_CANONICAL_ROSTER_LABEL_RESOLUTION,1,ファビアン,ファビアン,61,3,3,data/pennant.db::npb_usage_2026.primary_pos,EXACT_NORMALIZED_NAME_UNIQUE_CURRENT_USAGE,左,LF,CORNER_CATCHER,188,50,"{""左"":7192}",,MISSING_NO_FROZEN_AGE_FIELD,INSUFFICIENT_SHORT_DISTANCE_EVIDENCE,255,65
53955150,モンテロ,モンテロ,広島東洋カープ,広島東洋カープ,STAGE_1_BLIND_PHYSICAL_CONSTRUCT_V2,true,31.9,EXACT_PLAYER_ID_OR_TEAM_NAME_MATCH,68.219,68,52,RECENT_DIRECT_T90_PRIORITY,EXACT_CANONICAL_TEAM_MATCH,SAME_TEAM_UNIQUE_CANONICAL_ROSTER_LABEL_RESOLUTION,1,モンテロ,モンテロ,49,19,3,data/pennant.db::npb_usage_2026.primary_pos,EXACT_NORMALIZED_NAME_UNIQUE_CURRENT_USAGE,一,1B,CORNER_CATCHER,204,72,"{""一"":6312}",,MISSING_NO_FROZEN_AGE_FIELD,TEMPORAL_CONSTRUCT_CONFLICT,251,86
null,名原 典彦,名原典彦,広島東洋カープ,広島東洋カープ,STAGE_1_BLIND_PHYSICAL_CONSTRUCT_V2,true,33.7,MISSING_FROM_BLIND_V3_INPUT,,,84,SOURCE_ID_MISSING_BUT_CURRENT_SIGNAL_SUPPORTED,UNMATCHED_NO_UNIQUE_CANONICAL_ROSTER_LABEL,,0,,,,,,data/pennant.db::npb_usage_2026.primary_pos,EXACT_NORMALIZED_NAME_UNIQUE_CURRENT_USAGE,右,RF,MIDDLE_PREMIUM,187,41,"{""右"":4484,""中"":1028,""左"":532}",,MISSING_NO_FROZEN_AGE_FIELD,INSUFFICIENT_SHORT_DISTANCE_EVIDENCE,222,53
11915134,坂倉 将吾,坂倉将吾,広島東洋カープ,広島東洋カープ,STAGE_1_BLIND_PHYSICAL_CONSTRUCT_V2,true,30.6,EXACT_PLAYER_ID_OR_TEAM_NAME_MATCH,56.552,57,57,CURRENT_SPRINT_WITH_DIRECTIONAL_HISTORY,EXACT_CANONICAL_TEAM_MATCH,SAME_TEAM_UNIQUE_CANONICAL_ROSTER_LABEL_RESOLUTION,1,坂　倉,坂倉,68,-11,-11,data/pennant.db::npb_usage_2026.primary_pos,EXACT_NORMALIZED_NAME_UNIQUE_CURRENT_USAGE,一,1B,CORNER_CATCHER,320,79,"{""一"":5171,""捕"":3396,""三"":4066}",,MISSING_NO_FROZEN_AGE_FIELD,INSUFFICIENT_SHORT_DISTANCE_EVIDENCE,383,94
01705138,小園 海斗,小園海斗,広島東洋カープ,広島東洋カープ,STAGE_1_BLIND_PHYSICAL_CONSTRUCT_V2,true,31.5,EXACT_PLAYER_ID_OR_TEAM_NAME_MATCH,64.629,65,65,CURRENT_SPRINT_WITH_DIRECTIONAL_HISTORY,EXACT_CANONICAL_TEAM_MATCH,SAME_TEAM_UNIQUE_CANONICAL_ROSTER_LABEL_RESOLUTION,1,小　園,小園,79,-14,-14,data/pennant.db::npb_usage_2026.primary_pos,EXACT_NORMALIZED_NAME_UNIQUE_CURRENT_USAGE,遊,SS,MIDDLE_PREMIUM,319,81,"{""三"":4071,""遊"":7142}",,MISSING_NO_FROZEN_AGE_FIELD,INSUFFICIENT_SHORT_DISTANCE_EVIDENCE,382,96
93395153,矢野 雅哉,矢野雅哉,広島東洋カープ,広島東洋カープ,STAGE_1_BLIND_PHYSICAL_CONSTRUCT_V2,true,30.7,EXACT_PLAYER_ID_OR_TEAM_NAME_MATCH,57.449,57,57,CURRENT_SPRINT_WITH_DIRECTIONAL_HISTORY,EXACT_CANONICAL_TEAM_MATCH,SAME_TEAM_UNIQUE_CANONICAL_ROSTER_LABEL_RESOLUTION,1,矢　野,矢野,78,-21,-21,data/pennant.db::npb_usage_2026.primary_pos,EXACT_NORMALIZED_NAME_UNIQUE_CURRENT_USAGE,遊,SS,MIDDLE_PREMIUM,60,26,"{""遊"":2790}",,MISSING_NO_FROZEN_AGE_FIELD,INSUFFICIENT_SHORT_DISTANCE_EVIDENCE,58,44
31135133,秋山 翔吾,秋山翔吾,広島東洋カープ,広島東洋カープ,STAGE_1_BLIND_PHYSICAL_CONSTRUCT_V2,true,31.6,EXACT_PLAYER_ID_OR_TEAM_NAME_MATCH,65.527,66,67,OLD_DIRECT_T90_DIRECTIONAL,EXACT_CANONICAL_TEAM_MATCH,SAME_TEAM_UNIQUE_CANONICAL_ROSTER_LABEL_RESOLUTION,1,秋　山,秋山,77,-11,-10,data/pennant.db::npb_usage_2026.primary_pos,EXACT_NORMALIZED_NAME_UNIQUE_CURRENT_USAGE,左,LF,CORNER_CATCHER,84,34,"{""左"":2317,""中"":280,""右"":108}",,MISSING_NO_FROZEN_AGE_FIELD,TEMPORAL_CONSTRUCT_CONFLICT,134,49
61565135,菊池 涼介,菊池涼介,広島東洋カープ,広島東洋カープ,STAGE_1_BLIND_PHYSICAL_CONSTRUCT_V2,true,31.8,EXACT_PLAYER_ID_OR_TEAM_NAME_MATCH,67.322,67,67,CURRENT_SPRINT_CONFIRMED,EXACT_CANONICAL_TEAM_MATCH,SAME_TEAM_UNIQUE_CANONICAL_ROSTER_LABEL_RESOLUTION,1,菊　池,菊池,72,-5,-5,data/pennant.db::npb_usage_2026.primary_pos,EXACT_NORMALIZED_NAME_UNIQUE_CURRENT_USAGE,二,2B,MIDDLE_NEUTRAL,299,73,"{""二"":10890}",,MISSING_NO_FROZEN_AGE_FIELD,INSUFFICIENT_SHORT_DISTANCE_EVIDENCE,353,88
01405130,野間 峻祥,野間峻祥,広島東洋カープ,広島東洋カープ,STAGE_1_BLIND_PHYSICAL_CONSTRUCT_V2,true,31.7,EXACT_PLAYER_ID_OR_TEAM_NAME_MATCH,66.424,66,66,CURRENT_SPRINT_LIMITED_SUPPORT,EXACT_CANONICAL_TEAM_MATCH,SAME_TEAM_UNIQUE_CANONICAL_ROSTER_LABEL_RESOLUTION,1,野　間,野間,88,-22,-22,data/pennant.db::npb_usage_2026.primary_pos,EXACT_NORMALIZED_NAME_UNIQUE_CURRENT_USAGE,右,RF,MIDDLE_PREMIUM,85,33,"{""右"":2286,""左"":255}",,MISSING_NO_FROZEN_AGE_FIELD,INSUFFICIENT_SHORT_DISTANCE_EVIDENCE,86,35
53755153,サンタナ,サンタナ,東京ヤクルトスワローズ,東京ヤクルトスワローズ,STAGE_1_BLIND_PHYSICAL_CONSTRUCT_V2,true,30.8,EXACT_PLAYER_ID_OR_TEAM_NAME_MATCH,58.347,58,58,OLD_DIRECT_T90_CURRENT_CONCORDANT,EXACT_CANONICAL_TEAM_MATCH,SAME_TEAM_UNIQUE_CANONICAL_ROSTER_LABEL_RESOLUTION,1,サンタナ,サンタナ,47,11,11,data/pennant.db::npb_usage_2026.primary_pos,EXACT_NORMALIZED_NAME_UNIQUE_CURRENT_USAGE,左,LF,CORNER_CATCHER,306,82,"{""左"":8983}",,MISSING_NO_FROZEN_AGE_FIELD,TEMPORAL_CONSTRUCT_CONFLICT,357,96
91695153,並木 秀尊,並木秀尊,東京ヤクルトスワローズ,東京ヤクルトスワローズ,STAGE_1_BLIND_PHYSICAL_CONSTRUCT_V2,true,33.8,EXACT_PLAYER_ID_OR_TEAM_NAME_MATCH,85.272,85,85,CURRENT_SPRINT_WITH_DIRECTIONAL_HISTORY,EXACT_CANONICAL_TEAM_MATCH,SAME_TEAM_UNIQUE_CANONICAL_ROSTER_LABEL_RESOLUTION,1,並　木,並木,97,-12,-12,data/pennant.db::npb_usage_2026.primary_pos,EXACT_NORMALIZED_NAME_UNIQUE_CURRENT_USAGE,中,CF,MIDDLE_PREMIUM,45,14,"{""中"":868,""左"":490,""右"":206}",,MISSING_NO_FROZEN_AGE_FIELD,INSUFFICIENT_SHORT_DISTANCE_EVIDENCE,45,18
51255118,中村 悠平,中村悠平,東京ヤクルトスワローズ,東京ヤクルトスワローズ,STAGE_1_BLIND_PHYSICAL_CONSTRUCT_V2,true,30.4,EXACT_PLAYER_ID_OR_TEAM_NAME_MATCH,54.757,55,55,CURRENT_SPRINT_LIMITED_SUPPORT,EXACT_CANONICAL_TEAM_MATCH,SAME_TEAM_UNIQUE_CANONICAL_ROSTER_LABEL_RESOLUTION,1,中村悠,中村悠,56,-1,-1,data/pennant.db::npb_usage_2026.primary_pos,EXACT_NORMALIZED_NAME_UNIQUE_CURRENT_USAGE,捕,C,CORNER_CATCHER,63,28,"{""捕"":2133}",,MISSING_NO_FROZEN_AGE_FIELD,INSUFFICIENT_SHORT_DISTANCE_EVIDENCE,65,32
93195155,丸山 和郁,丸山和郁,東京ヤクルトスワローズ,東京ヤクルトスワローズ,STAGE_1_BLIND_PHYSICAL_CONSTRUCT_V2,true,32.4,EXACT_PLAYER_ID_OR_TEAM_NAME_MATCH,72.707,73,73,CURRENT_SPRINT_WITH_DIRECTIONAL_HISTORY,EXACT_CANONICAL_TEAM_MATCH,SAME_TEAM_UNIQUE_CANONICAL_ROSTER_LABEL_RESOLUTION,1,丸山和,丸山和,86,-13,-13,data/pennant.db::npb_usage_2026.primary_pos,EXACT_NORMALIZED_NAME_UNIQUE_CURRENT_USAGE,右,RF,MIDDLE_PREMIUM,87,27,"{""右"":3369,""左"":157,""中"":895}",,MISSING_NO_FROZEN_AGE_FIELD,INSUFFICIENT_SHORT_DISTANCE_EVIDENCE,112,39
01705134,古賀 優大,古賀優大,東京ヤクルトスワローズ,東京ヤクルトスワローズ,STAGE_1_BLIND_PHYSICAL_CONSTRUCT_V2,true,32.1,EXACT_PLAYER_ID_OR_TEAM_NAME_MATCH,70.014,70,70,CURRENT_SPRINT_CONFIRMED,EXACT_CANONICAL_TEAM_MATCH,SAME_TEAM_UNIQUE_CANONICAL_ROSTER_LABEL_RESOLUTION,1,古　賀,古賀,46,24,24,data/pennant.db::npb_usage_2026.primary_pos,EXACT_NORMALIZED_NAME_UNIQUE_CURRENT_USAGE,捕,C,CORNER_CATCHER,206,55,"{""捕"":8334}",,MISSING_NO_FROZEN_AGE_FIELD,INSUFFICIENT_SHORT_DISTANCE_EVIDENCE,252,69
71975136,塩見 泰隆,塩見泰隆,東京ヤクルトスワローズ,東京ヤクルトスワローズ,STAGE_1_BLIND_PHYSICAL_CONSTRUCT_V2,true,32.3,EXACT_PLAYER_ID_OR_TEAM_NAME_MATCH,71.809,72,72,CURRENT_SPRINT_WITH_DIRECTIONAL_HISTORY,EXACT_CANONICAL_TEAM_MATCH,SAME_TEAM_UNIQUE_CANONICAL_ROSTER_LABEL_RESOLUTION,1,塩　見,塩見,83,-11,-11,data/pennant.db::npb_usage_2026.primary_pos,EXACT_NORMALIZED_NAME_UNIQUE_CURRENT_USAGE,右,RF,MIDDLE_PREMIUM,62,28,"{""右"":1443}",,MISSING_NO_FROZEN_AGE_FIELD,INSUFFICIENT_SHORT_DISTANCE_EVIDENCE,83,37
51355155,岩田 幸宏,岩田幸宏,東京ヤクルトスワローズ,東京ヤクルトスワローズ,STAGE_1_BLIND_PHYSICAL_CONSTRUCT_V2,true,33.6,EXACT_PLAYER_ID_OR_TEAM_NAME_MATCH,83.477,83,83,CURRENT_SPRINT_CONFIRMED,EXACT_CANONICAL_TEAM_MATCH,SAME_TEAM_UNIQUE_CANONICAL_ROSTER_LABEL_RESOLUTION,1,岩　田,岩田,96,-13,-13,data/pennant.db::npb_usage_2026.primary_pos,EXACT_NORMALIZED_NAME_UNIQUE_CURRENT_USAGE,中,CF,MIDDLE_PREMIUM,290,75,"{""中"":11379,""左"":607,""右"":181}",,MISSING_NO_FROZEN_AGE_FIELD,INSUFFICIENT_SHORT_DISTANCE_EVIDENCE,330,91
51455151,長岡 秀樹,長岡秀樹,東京ヤクルトスワローズ,東京ヤクルトスワローズ,STAGE_1_BLIND_PHYSICAL_CONSTRUCT_V2,true,31.6,EXACT_PLAYER_ID_OR_TEAM_NAME_MATCH,65.527,66,66,CURRENT_SPRINT_CONFIRMED,EXACT_CANONICAL_TEAM_MATCH,SAME_TEAM_UNIQUE_CANONICAL_ROSTER_LABEL_RESOLUTION,1,長　岡,長岡,58,8,8,data/pennant.db::npb_usage_2026.primary_pos,EXACT_NORMALIZED_NAME_UNIQUE_CURRENT_USAGE,遊,SS,MIDDLE_PREMIUM,287,70,"{""遊"":10470,""二"":227}",,MISSING_NO_FROZEN_AGE_FIELD,INSUFFICIENT_SHORT_DISTANCE_EVIDENCE,355,85
71375138,太田 光,太田光,東北楽天ゴールデンイーグルス,東北楽天ゴールデンイーグルス,STAGE_1_BLIND_PHYSICAL_CONSTRUCT_V2,true,30.5,EXACT_PLAYER_ID_OR_TEAM_NAME_MATCH,55.654,56,56,CURRENT_SPRINT_CONFIRMED,EXACT_CANONICAL_TEAM_MATCH,SAME_TEAM_UNIQUE_CANONICAL_ROSTER_LABEL_RESOLUTION,1,太　田,太田,44,12,12,data/pennant.db::npb_usage_2026.primary_pos,EXACT_NORMALIZED_NAME_UNIQUE_CURRENT_USAGE,捕,C,CORNER_CATCHER,180,59,"{""捕"":8682}",,MISSING_NO_FROZEN_AGE_FIELD,INSUFFICIENT_SHORT_DISTANCE_EVIDENCE,204,72
41845132,村林 一輝,村林一輝,東北楽天ゴールデンイーグルス,東北楽天ゴールデンイーグルス,STAGE_1_BLIND_PHYSICAL_CONSTRUCT_V2,true,34.5,EXACT_PLAYER_ID_OR_TEAM_NAME_MATCH,91.555,92,92,CURRENT_SPRINT_WITH_DIRECTIONAL_HISTORY,EXACT_CANONICAL_TEAM_MATCH,SAME_TEAM_UNIQUE_CANONICAL_ROSTER_LABEL_RESOLUTION,1,村　林,村林,69,23,23,data/pennant.db::npb_usage_2026.primary_pos,EXACT_NORMALIZED_NAME_UNIQUE_CURRENT_USAGE,遊,SS,MIDDLE_PREMIUM,336,84,"{""三"":979,""遊"":10890,""二"":1973}",,MISSING_NO_FROZEN_AGE_FIELD,INSUFFICIENT_SHORT_DISTANCE_EVIDENCE,386,96
51155118,浅村 栄斗,浅村栄斗,東北楽天ゴールデンイーグルス,東北楽天ゴールデンイーグルス,STAGE_1_BLIND_PHYSICAL_CONSTRUCT_V2,true,30.5,EXACT_PLAYER_ID_OR_TEAM_NAME_MATCH,55.654,56,56,CURRENT_SPRINT_CONFIRMED,EXACT_CANONICAL_TEAM_MATCH,SAME_TEAM_UNIQUE_CANONICAL_ROSTER_LABEL_RESOLUTION,1,浅　村,浅村,35,21,21,data/pennant.db::npb_usage_2026.primary_pos,EXACT_NORMALIZED_NAME_UNIQUE_CURRENT_USAGE,一,1B,CORNER_CATCHER,299,78,"{""一"":6714}",,MISSING_NO_FROZEN_AGE_FIELD,INSUFFICIENT_SHORT_DISTANCE_EVIDENCE,333,87
73175138,渡邊 佳明,渡辺佳明,東北楽天ゴールデンイーグルス,東北楽天ゴールデンイーグルス,STAGE_1_BLIND_PHYSICAL_CONSTRUCT_V2,true,30.3,EXACT_PLAYER_ID_OR_TEAM_NAME_MATCH,53.859,54,54,CURRENT_SPRINT_CONFIRMED,EXACT_CANONICAL_TEAM_MATCH,SAME_TEAM_UNIQUE_CANONICAL_ROSTER_LABEL_RESOLUTION,1,渡邊佳明,渡邊佳明,50,4,4,data/pennant.db::npb_usage_2026.primary_pos,EXACT_NORMALIZED_NAME_UNIQUE_CURRENT_USAGE,一,1B,CORNER_CATCHER,136,49,"{""一"":2098,""左"":1287,""三"":619,""右"":336,""二"":23}",,MISSING_NO_FROZEN_AGE_FIELD,INSUFFICIENT_SHORT_DISTANCE_EVIDENCE,140,54
81985135,鈴木 大地,鈴木大地,東北楽天ゴールデンイーグルス,東北楽天ゴールデンイーグルス,STAGE_1_BLIND_PHYSICAL_CONSTRUCT_V2,true,29,EXACT_PLAYER_ID_OR_TEAM_NAME_MATCH,42.191,42,42,CURRENT_SPRINT_LIMITED_SUPPORT,EXACT_CANONICAL_TEAM_MATCH,SAME_TEAM_UNIQUE_CANONICAL_ROSTER_LABEL_RESOLUTION,1,鈴　木,鈴木,49,-7,-7,data/pennant.db::npb_usage_2026.primary_pos,EXACT_NORMALIZED_NAME_UNIQUE_CURRENT_USAGE,一,1B,CORNER_CATCHER,54,30,"{""一"":1189,""三"":729,""左"":21}",,MISSING_NO_FROZEN_AGE_FIELD,INSUFFICIENT_SHORT_DISTANCE_EVIDENCE,55,34
81585134,京田 陽太,京田陽太,横浜DeNAベイスターズ,横浜DeNAベイスターズ,STAGE_1_BLIND_PHYSICAL_CONSTRUCT_V2,true,31.1,EXACT_PLAYER_ID_OR_TEAM_NAME_MATCH,61.039,61,61,CURRENT_SPRINT_WITH_DIRECTIONAL_HISTORY,EXACT_CANONICAL_TEAM_MATCH,SAME_TEAM_UNIQUE_CANONICAL_ROSTER_LABEL_RESOLUTION,1,京　田,京田,78,-17,-17,data/pennant.db::npb_usage_2026.primary_pos,EXACT_NORMALIZED_NAME_UNIQUE_CURRENT_USAGE,遊,SS,MIDDLE_PREMIUM,106,39,"{""一"":310,""二"":743,""遊"":3352,""三"":359}",,MISSING_NO_FROZEN_AGE_FIELD,INSUFFICIENT_SHORT_DISTANCE_EVIDENCE,119,45
91995134,佐野 恵太,佐野恵太,横浜DeNAベイスターズ,横浜DeNAベイスターズ,STAGE_1_BLIND_PHYSICAL_CONSTRUCT_V2,true,30.6,EXACT_PLAYER_ID_OR_TEAM_NAME_MATCH,56.552,57,57,CURRENT_SPRINT_CONFIRMED,EXACT_CANONICAL_TEAM_MATCH,SAME_TEAM_UNIQUE_CANONICAL_ROSTER_LABEL_RESOLUTION,1,佐　野,佐野,48,9,9,data/pennant.db::npb_usage_2026.primary_pos,EXACT_NORMALIZED_NAME_UNIQUE_CURRENT_USAGE,一,1B,CORNER_CATCHER,338,81,"{""一"":9473,""左"":2484}",,MISSING_NO_FROZEN_AGE_FIELD,INSUFFICIENT_SHORT_DISTANCE_EVIDENCE,396,95
51455137,宮﨑 敏郎,宮崎敏郎,横浜DeNAベイスターズ,横浜DeNAベイスターズ,STAGE_1_BLIND_PHYSICAL_CONSTRUCT_V2,true,30.3,EXACT_PLAYER_ID_OR_TEAM_NAME_MATCH,53.859,54,54,CURRENT_SPRINT_CONFIRMED,EXACT_CANONICAL_TEAM_MATCH,SAME_TEAM_UNIQUE_CANONICAL_ROSTER_LABEL_RESOLUTION,1,宮　﨑,宮﨑,33,21,21,data/pennant.db::npb_usage_2026.primary_pos,EXACT_NORMALIZED_NAME_UNIQUE_CURRENT_USAGE,三,3B,CORNER_CATCHER,227,61,"{""三"":7125}",,MISSING_NO_FROZEN_AGE_FIELD,INSUFFICIENT_SHORT_DISTANCE_EVIDENCE,267,75
23125136,山本 祐大,山本祐大,横浜DeNAベイスターズ,横浜DeNAベイスターズ,STAGE_1_BLIND_PHYSICAL_CONSTRUCT_V2,true,31,EXACT_PLAYER_ID_OR_TEAM_NAME_MATCH,60.142,60,60,CURRENT_SPRINT_CONFIRMED,EXACT_CANONICAL_TEAM_MATCH,SAME_TEAM_UNIQUE_CANONICAL_ROSTER_LABEL_RESOLUTION,1,山　本,山本,61,-1,-1,data/pennant.db::npb_usage_2026.primary_pos,EXACT_NORMALIZED_NAME_UNIQUE_CURRENT_USAGE,捕,C,CORNER_CATCHER,153,41,"{""捕"":6403}",,MISSING_NO_FROZEN_AGE_FIELD,INSUFFICIENT_SHORT_DISTANCE_EVIDENCE,184,50
33535159,度会 隆輝,度会隆輝,横浜DeNAベイスターズ,横浜DeNAベイスターズ,STAGE_1_BLIND_PHYSICAL_CONSTRUCT_V2,true,31.7,EXACT_PLAYER_ID_OR_TEAM_NAME_MATCH,66.424,66,66,CURRENT_SPRINT_CONFIRMED,EXACT_CANONICAL_TEAM_MATCH,SAME_TEAM_UNIQUE_CANONICAL_ROSTER_LABEL_RESOLUTION,1,度　会,度会,65,1,1,data/pennant.db::npb_usage_2026.primary_pos,EXACT_NORMALIZED_NAME_UNIQUE_CURRENT_USAGE,右,RF,MIDDLE_PREMIUM,274,78,"{""左"":3309,""右"":4994,""三"":1078}",,MISSING_NO_FROZEN_AGE_FIELD,INSUFFICIENT_SHORT_DISTANCE_EVIDENCE,317,91
91695157,林 琢真,林琢真,横浜DeNAベイスターズ,横浜DeNAベイスターズ,STAGE_1_BLIND_PHYSICAL_CONSTRUCT_V2,true,32,EXACT_PLAYER_ID_OR_TEAM_NAME_MATCH,69.117,69,74,P0_STANDARDIZED_VS_CURRENT_ADJUDICATION,EXACT_CANONICAL_TEAM_MATCH,SAME_TEAM_UNIQUE_CANONICAL_ROSTER_LABEL_RESOLUTION,1,林,林,82,-13,-8,data/pennant.db::npb_usage_2026.primary_pos,EXACT_NORMALIZED_NAME_UNIQUE_CURRENT_USAGE,二,2B,MIDDLE_NEUTRAL,88,23,"{""二"":1983,""遊"":1824,""三"":391}",,MISSING_NO_FROZEN_AGE_FIELD,TEMPORAL_CONSTRUCT_CONFLICT,104,42
51555155,梶原 昂希,梶原昂希,横浜DeNAベイスターズ,横浜DeNAベイスターズ,STAGE_1_BLIND_PHYSICAL_CONSTRUCT_V2,true,33.4,EXACT_PLAYER_ID_OR_TEAM_NAME_MATCH,81.682,82,82,CURRENT_SPRINT_WITH_DIRECTIONAL_HISTORY,EXACT_CANONICAL_TEAM_MATCH,SAME_TEAM_UNIQUE_CANONICAL_ROSTER_LABEL_RESOLUTION,1,梶　原,梶原,90,-8,-8,data/pennant.db::npb_usage_2026.primary_pos,EXACT_NORMALIZED_NAME_UNIQUE_CURRENT_USAGE,中,CF,MIDDLE_PREMIUM,70,21,"{""中"":3424,""右"":180}",,MISSING_NO_FROZEN_AGE_FIELD,INSUFFICIENT_SHORT_DISTANCE_EVIDENCE,73,28
13115153,牧 秀悟,牧秀悟,横浜DeNAベイスターズ,横浜DeNAベイスターズ,STAGE_1_BLIND_PHYSICAL_CONSTRUCT_V2,true,31.6,EXACT_PLAYER_ID_OR_TEAM_NAME_MATCH,65.527,66,66,CURRENT_SPRINT_LIMITED_SUPPORT,EXACT_CANONICAL_TEAM_MATCH,SAME_TEAM_UNIQUE_CANONICAL_ROSTER_LABEL_RESOLUTION,1,牧,牧,67,-1,-1,data/pennant.db::npb_usage_2026.primary_pos,EXACT_NORMALIZED_NAME_UNIQUE_CURRENT_USAGE,二,2B,MIDDLE_NEUTRAL,226,51,"{""二"":7138}",,MISSING_NO_FROZEN_AGE_FIELD,INSUFFICIENT_SHORT_DISTANCE_EVIDENCE,288,65
41945131,筒香 嘉智,筒香嘉智,横浜DeNAベイスターズ,横浜DeNAベイスターズ,STAGE_1_BLIND_PHYSICAL_CONSTRUCT_V2,true,30.2,EXACT_PLAYER_ID_OR_TEAM_NAME_MATCH,52.962,53,53,DIRECT_T90_AND_CURRENT_AGREE,EXACT_CANONICAL_TEAM_MATCH,SAME_TEAM_UNIQUE_CANONICAL_ROSTER_LABEL_RESOLUTION,1,筒　香,筒香,45,8,8,data/pennant.db::npb_usage_2026.primary_pos,EXACT_NORMALIZED_NAME_UNIQUE_CURRENT_USAGE,三,3B,CORNER_CATCHER,198,51,"{""三"":3663,""一"":2764}",,MISSING_NO_FROZEN_AGE_FIELD,TEMPORAL_CONSTRUCT_CONFLICT,240,61
51555151,蝦名 達夫,蝦名達夫,横浜DeNAベイスターズ,横浜DeNAベイスターズ,STAGE_1_BLIND_PHYSICAL_CONSTRUCT_V2,true,31.4,EXACT_PLAYER_ID_OR_TEAM_NAME_MATCH,63.732,64,64,CURRENT_SPRINT_WITH_DIRECTIONAL_HISTORY,EXACT_CANONICAL_TEAM_MATCH,SAME_TEAM_UNIQUE_CANONICAL_ROSTER_LABEL_RESOLUTION,1,蝦　名,蝦名,75,-11,-11,data/pennant.db::npb_usage_2026.primary_pos,EXACT_NORMALIZED_NAME_UNIQUE_CURRENT_USAGE,中,CF,MIDDLE_PREMIUM,250,67,"{""右"":2063,""中"":7677}",,MISSING_NO_FROZEN_AGE_FIELD,INSUFFICIENT_SHORT_DISTANCE_EVIDENCE,283,77
31335131,今宮 健太,今宮健太,福岡ソフトバンクホークス,福岡ソフトバンクホークス,STAGE_1_BLIND_PHYSICAL_CONSTRUCT_V2,true,30.4,EXACT_PLAYER_ID_OR_TEAM_NAME_MATCH,54.757,55,55,CURRENT_SPRINT_CONFIRMED,EXACT_CANONICAL_TEAM_MATCH,SAME_TEAM_UNIQUE_CANONICAL_ROSTER_LABEL_RESOLUTION,1,今　宮,今宮,66,-11,-11,data/pennant.db::npb_usage_2026.primary_pos,EXACT_NORMALIZED_NAME_UNIQUE_CURRENT_USAGE,遊,SS,MIDDLE_PREMIUM,126,42,"{""遊"":3582,""二"":1636,""三"":110}",,MISSING_NO_FROZEN_AGE_FIELD,INSUFFICIENT_SHORT_DISTANCE_EVIDENCE,138,47
21925136,周東 佑京,周東佑京,福岡ソフトバンクホークス,福岡ソフトバンクホークス,STAGE_1_BLIND_PHYSICAL_CONSTRUCT_V2,true,35,EXACT_PLAYER_ID_OR_TEAM_NAME_MATCH,96.042,96,96,CURRENT_SPRINT_WITH_DIRECTIONAL_HISTORY,EXACT_CANONICAL_TEAM_MATCH,SAME_TEAM_UNIQUE_CANONICAL_ROSTER_LABEL_RESOLUTION,1,周　東,周東,96,0,0,data/pennant.db::npb_usage_2026.primary_pos,EXACT_NORMALIZED_NAME_UNIQUE_CURRENT_USAGE,中,CF,MIDDLE_PREMIUM,337,79,"{""中"":11269}",,MISSING_NO_FROZEN_AGE_FIELD,INSUFFICIENT_SHORT_DISTANCE_EVIDENCE,404,95
21425139,山川 穂高,山川穂高,福岡ソフトバンクホークス,福岡ソフトバンクホークス,STAGE_1_BLIND_PHYSICAL_CONSTRUCT_V2,true,29.4,EXACT_PLAYER_ID_OR_TEAM_NAME_MATCH,45.781,46,46,CURRENT_SPRINT_WITH_DIRECTIONAL_HISTORY,EXACT_CANONICAL_TEAM_MATCH,SAME_TEAM_UNIQUE_CANONICAL_ROSTER_LABEL_RESOLUTION,1,山　川,山川,47,-1,-1,data/pennant.db::npb_usage_2026.primary_pos,EXACT_NORMALIZED_NAME_UNIQUE_CURRENT_USAGE,一,1B,CORNER_CATCHER,168,46,"{""一"":5781}",,MISSING_NO_FROZEN_AGE_FIELD,INSUFFICIENT_SHORT_DISTANCE_EVIDENCE,168,46
31835133,柳田 悠岐,柳田悠岐,福岡ソフトバンクホークス,福岡ソフトバンクホークス,STAGE_1_BLIND_PHYSICAL_CONSTRUCT_V2,true,32.1,EXACT_PLAYER_ID_OR_TEAM_NAME_MATCH,70.014,70,70,CURRENT_SPRINT_WITH_DIRECTIONAL_HISTORY,EXACT_CANONICAL_TEAM_MATCH,SAME_TEAM_UNIQUE_CANONICAL_ROSTER_LABEL_RESOLUTION,1,柳　田,柳田,67,3,3,data/pennant.db::npb_usage_2026.primary_pos,EXACT_NORMALIZED_NAME_UNIQUE_CURRENT_USAGE,左,LF,CORNER_CATCHER,288,76,"{""左"":1286}",,MISSING_NO_FROZEN_AGE_FIELD,INSUFFICIENT_SHORT_DISTANCE_EVIDENCE,333,89
73175151,柳町 達,柳町達,福岡ソフトバンクホークス,福岡ソフトバンクホークス,STAGE_1_BLIND_PHYSICAL_CONSTRUCT_V2,true,31.5,EXACT_PLAYER_ID_OR_TEAM_NAME_MATCH,64.629,65,65,CURRENT_SPRINT_WITH_DIRECTIONAL_HISTORY,EXACT_CANONICAL_TEAM_MATCH,SAME_TEAM_UNIQUE_CANONICAL_ROSTER_LABEL_RESOLUTION,1,柳　町,柳町,67,-2,-2,data/pennant.db::npb_usage_2026.primary_pos,EXACT_NORMALIZED_NAME_UNIQUE_CURRENT_USAGE,右,RF,MIDDLE_PREMIUM,196,52,"{""右"":6088,""左"":1505,""中"":75}",,MISSING_NO_FROZEN_AGE_FIELD,INSUFFICIENT_SHORT_DISTANCE_EVIDENCE,214,60
01705130,栗原 陵矢,栗原陵矢,福岡ソフトバンクホークス,福岡ソフトバンクホークス,STAGE_1_BLIND_PHYSICAL_CONSTRUCT_V2,true,31.3,EXACT_PLAYER_ID_OR_TEAM_NAME_MATCH,62.834,63,63,CURRENT_SPRINT_WITH_DIRECTIONAL_HISTORY,EXACT_CANONICAL_TEAM_MATCH,SAME_TEAM_UNIQUE_CANONICAL_ROSTER_LABEL_RESOLUTION,1,栗　原,栗原,59,4,4,data/pennant.db::npb_usage_2026.primary_pos,EXACT_NORMALIZED_NAME_UNIQUE_CURRENT_USAGE,三,3B,CORNER_CATCHER,374,86,"{""三"":12287,""捕"":96,""一"":1446}",,MISSING_NO_FROZEN_AGE_FIELD,INSUFFICIENT_SHORT_DISTANCE_EVIDENCE,439,100
81885155,正木 智也,正木智也,福岡ソフトバンクホークス,福岡ソフトバンクホークス,STAGE_1_BLIND_PHYSICAL_CONSTRUCT_V2,true,31.1,EXACT_PLAYER_ID_OR_TEAM_NAME_MATCH,61.039,61,61,CURRENT_SPRINT_WITH_DIRECTIONAL_HISTORY,EXACT_CANONICAL_TEAM_MATCH,SAME_TEAM_UNIQUE_CANONICAL_ROSTER_LABEL_RESOLUTION,1,正　木,正木,48,13,13,data/pennant.db::npb_usage_2026.primary_pos,EXACT_NORMALIZED_NAME_UNIQUE_CURRENT_USAGE,一,1B,CORNER_CATCHER,222,47,"{""一"":3337,""中"":278,""右"":2550,""左"":1136}",,MISSING_NO_FROZEN_AGE_FIELD,INSUFFICIENT_SHORT_DISTANCE_EVIDENCE,292,62
81385151,海野 隆司,海野隆司,福岡ソフトバンクホークス,福岡ソフトバンクホークス,STAGE_1_BLIND_PHYSICAL_CONSTRUCT_V2,true,30.3,EXACT_PLAYER_ID_OR_TEAM_NAME_MATCH,53.859,54,54,CURRENT_SPRINT_CONFIRMED,EXACT_CANONICAL_TEAM_MATCH,SAME_TEAM_UNIQUE_CANONICAL_ROSTER_LABEL_RESOLUTION,1,海　野,海野,52,2,2,data/pennant.db::npb_usage_2026.primary_pos,EXACT_NORMALIZED_NAME_UNIQUE_CURRENT_USAGE,捕,C,CORNER_CATCHER,210,62,"{""捕"":9454}",,MISSING_NO_FROZEN_AGE_FIELD,INSUFFICIENT_SHORT_DISTANCE_EVIDENCE,228,75
61465133,牧原 大成,牧原大成,福岡ソフトバンクホークス,福岡ソフトバンクホークス,STAGE_1_BLIND_PHYSICAL_CONSTRUCT_V2,true,33.5,EXACT_PLAYER_ID_OR_TEAM_NAME_MATCH,82.58,83,83,CURRENT_SPRINT_WITH_DIRECTIONAL_HISTORY,EXACT_CANONICAL_TEAM_MATCH,SAME_TEAM_UNIQUE_CANONICAL_ROSTER_LABEL_RESOLUTION,1,牧原大,牧原大,82,1,1,data/pennant.db::npb_usage_2026.primary_pos,EXACT_NORMALIZED_NAME_UNIQUE_CURRENT_USAGE,二,2B,MIDDLE_NEUTRAL,309,82,"{""二"":9185,""右"":1010,""中"":1086}",,MISSING_NO_FROZEN_AGE_FIELD,INSUFFICIENT_SHORT_DISTANCE_EVIDENCE,368,97
41745135,近藤 健介,近藤健介,福岡ソフトバンクホークス,福岡ソフトバンクホークス,STAGE_1_BLIND_PHYSICAL_CONSTRUCT_V2,true,31.2,EXACT_PLAYER_ID_OR_TEAM_NAME_MATCH,61.937,62,62,CURRENT_SPRINT_CONFIRMED,EXACT_CANONICAL_TEAM_MATCH,SAME_TEAM_UNIQUE_CANONICAL_ROSTER_LABEL_RESOLUTION,1,近　藤,近藤,64,-2,-2,data/pennant.db::npb_usage_2026.primary_pos,EXACT_NORMALIZED_NAME_UNIQUE_CURRENT_USAGE,左,LF,CORNER_CATCHER,353,82,"{""右"":636,""左"":8725}",,MISSING_NO_FROZEN_AGE_FIELD,INSUFFICIENT_SHORT_DISTANCE_EVIDENCE,417,97
21425116,丸 佳浩,丸佳浩,読売ジャイアンツ,読売ジャイアンツ,STAGE_1_BLIND_PHYSICAL_CONSTRUCT_V2,true,31.4,EXACT_PLAYER_ID_OR_TEAM_NAME_MATCH,63.732,64,64,CURRENT_SPRINT_LIMITED_SUPPORT,EXACT_CANONICAL_TEAM_MATCH,SAME_TEAM_UNIQUE_CANONICAL_ROSTER_LABEL_RESOLUTION,1,丸,丸,65,-1,-1,data/pennant.db::npb_usage_2026.primary_pos,EXACT_NORMALIZED_NAME_UNIQUE_CURRENT_USAGE,右,RF,MIDDLE_PREMIUM,68,36,"{""右"":1499,""左"":64}",,MISSING_NO_FROZEN_AGE_FIELD,INSUFFICIENT_SHORT_DISTANCE_EVIDENCE,82,46
51955159,佐々木 俊輔,佐々木俊輔,読売ジャイアンツ,読売ジャイアンツ,STAGE_1_BLIND_PHYSICAL_CONSTRUCT_V2,true,33,EXACT_PLAYER_ID_OR_TEAM_NAME_MATCH,78.092,78,78,CURRENT_SPRINT_CONFIRMED,EXACT_CANONICAL_TEAM_MATCH,SAME_TEAM_UNIQUE_CANONICAL_ROSTER_LABEL_RESOLUTION,1,佐々木,佐々木,76,2,2,data/pennant.db::npb_usage_2026.primary_pos,EXACT_NORMALIZED_NAME_UNIQUE_CURRENT_USAGE,中,CF,MIDDLE_PREMIUM,193,60,"{""左"":1769,""右"":2662,""中"":3372}",,MISSING_NO_FROZEN_AGE_FIELD,INSUFFICIENT_SHORT_DISTANCE_EVIDENCE,249,81
73375134,吉川 尚輝,吉川尚輝,読売ジャイアンツ,読売ジャイアンツ,STAGE_1_BLIND_PHYSICAL_CONSTRUCT_V2,true,32.5,EXACT_PLAYER_ID_OR_TEAM_NAME_MATCH,73.604,74,74,CURRENT_SPRINT_WITH_DIRECTIONAL_HISTORY,EXACT_CANONICAL_TEAM_MATCH,SAME_TEAM_UNIQUE_CANONICAL_ROSTER_LABEL_RESOLUTION,1,吉川尚,吉川尚,80,-6,-6,data/pennant.db::npb_usage_2026.primary_pos,EXACT_NORMALIZED_NAME_UNIQUE_CURRENT_USAGE,二,2B,MIDDLE_NEUTRAL,134,36,"{""二"":4538,""三"":75}",,MISSING_NO_FROZEN_AGE_FIELD,INSUFFICIENT_SHORT_DISTANCE_EVIDENCE,144,40
21325136,大城 卓三,大城卓三,読売ジャイアンツ,読売ジャイアンツ,STAGE_1_BLIND_PHYSICAL_CONSTRUCT_V2,true,29.2,EXACT_PLAYER_ID_OR_TEAM_NAME_MATCH,43.986,44,44,CURRENT_SPRINT_CONFIRMED,EXACT_CANONICAL_TEAM_MATCH,SAME_TEAM_UNIQUE_CANONICAL_ROSTER_LABEL_RESOLUTION,1,大　城,大城,24,20,20,data/pennant.db::npb_usage_2026.primary_pos,EXACT_NORMALIZED_NAME_UNIQUE_CURRENT_USAGE,捕,C,CORNER_CATCHER,191,59,"{""捕"":5705,""一"":333}",,MISSING_NO_FROZEN_AGE_FIELD,INSUFFICIENT_SHORT_DISTANCE_EVIDENCE,227,70
91595136,岸田 行倫,岸田行倫,読売ジャイアンツ,読売ジャイアンツ,STAGE_1_BLIND_PHYSICAL_CONSTRUCT_V2,true,29.4,EXACT_PLAYER_ID_OR_TEAM_NAME_MATCH,45.781,46,46,CURRENT_SPRINT_CONFIRMED,EXACT_CANONICAL_TEAM_MATCH,SAME_TEAM_UNIQUE_CANONICAL_ROSTER_LABEL_RESOLUTION,1,岸　田,岸田,55,-9,-9,data/pennant.db::npb_usage_2026.primary_pos,EXACT_NORMALIZED_NAME_UNIQUE_CURRENT_USAGE,捕,C,CORNER_CATCHER,178,50,"{""捕"":6138,""一"":134}",,MISSING_NO_FROZEN_AGE_FIELD,INSUFFICIENT_SHORT_DISTANCE_EVIDENCE,196,56
21625135,松本 剛,松本剛,読売ジャイアンツ,読売ジャイアンツ,STAGE_1_BLIND_PHYSICAL_CONSTRUCT_V2,true,31.4,EXACT_PLAYER_ID_OR_TEAM_NAME_MATCH,63.732,64,64,CURRENT_SPRINT_CONFIRMED,EXACT_CANONICAL_TEAM_MATCH,SAME_TEAM_UNIQUE_CANONICAL_ROSTER_LABEL_RESOLUTION,1,松本剛,松本剛,69,-5,-5,data/pennant.db::npb_usage_2026.primary_pos,EXACT_NORMALIZED_NAME_UNIQUE_CURRENT_USAGE,中,CF,MIDDLE_PREMIUM,240,67,"{""中"":4616,""左"":3681,""右"":520}",,MISSING_NO_FROZEN_AGE_FIELD,INSUFFICIENT_SHORT_DISTANCE_EVIDENCE,290,88
41445153,中野 拓夢,中野拓夢,阪神タイガース,阪神タイガース,STAGE_1_BLIND_PHYSICAL_CONSTRUCT_V2,true,32.9,EXACT_PLAYER_ID_OR_TEAM_NAME_MATCH,77.195,77,77,CURRENT_SPRINT_CONFIRMED,EXACT_CANONICAL_TEAM_MATCH,SAME_TEAM_UNIQUE_CANONICAL_ROSTER_LABEL_RESOLUTION,1,中　野,中野,75,2,2,data/pennant.db::npb_usage_2026.primary_pos,EXACT_NORMALIZED_NAME_UNIQUE_CURRENT_USAGE,二,2B,MIDDLE_NEUTRAL,350,84,"{""二"":12216}",,MISSING_NO_FROZEN_AGE_FIELD,INSUFFICIENT_SHORT_DISTANCE_EVIDENCE,407,99
61065137,伏見 寅威,伏見寅威,阪神タイガース,阪神タイガース,STAGE_1_BLIND_PHYSICAL_CONSTRUCT_V2,true,29.1,EXACT_PLAYER_ID_OR_TEAM_NAME_MATCH,43.089,43,43,CURRENT_SPRINT_CONFIRMED,EXACT_CANONICAL_TEAM_MATCH,SAME_TEAM_UNIQUE_CANONICAL_ROSTER_LABEL_RESOLUTION,1,伏　見,伏見,40,3,3,data/pennant.db::npb_usage_2026.primary_pos,EXACT_NORMALIZED_NAME_UNIQUE_CURRENT_USAGE,捕,C,CORNER_CATCHER,96,32,"{""捕"":4112}",,MISSING_NO_FROZEN_AGE_FIELD,INSUFFICIENT_SHORT_DISTANCE_EVIDENCE,105,35
41045153,佐藤 輝明,佐藤輝明,阪神タイガース,阪神タイガース,STAGE_1_BLIND_PHYSICAL_CONSTRUCT_V2,true,32.1,EXACT_PLAYER_ID_OR_TEAM_NAME_MATCH,70.014,70,70,CURRENT_SPRINT_WITH_DIRECTIONAL_HISTORY,EXACT_CANONICAL_TEAM_MATCH,SAME_TEAM_UNIQUE_CANONICAL_ROSTER_LABEL_RESOLUTION,1,佐藤輝,佐藤輝,68,2,2,data/pennant.db::npb_usage_2026.primary_pos,EXACT_NORMALIZED_NAME_UNIQUE_CURRENT_USAGE,三,3B,CORNER_CATCHER,356,84,"{""三"":9707,""右"":2524}",,MISSING_NO_FROZEN_AGE_FIELD,INSUFFICIENT_SHORT_DISTANCE_EVIDENCE,420,99
11915132,坂本 誠志郎,坂本誠志郎,阪神タイガース,阪神タイガース,STAGE_1_BLIND_PHYSICAL_CONSTRUCT_V2,true,30.2,EXACT_PLAYER_ID_OR_TEAM_NAME_MATCH,52.962,53,53,CURRENT_SPRINT_CONFIRMED,EXACT_CANONICAL_TEAM_MATCH,SAME_TEAM_UNIQUE_CANONICAL_ROSTER_LABEL_RESOLUTION,1,坂　本,坂本,56,-3,-3,data/pennant.db::npb_usage_2026.primary_pos,EXACT_NORMALIZED_NAME_UNIQUE_CURRENT_USAGE,捕,C,CORNER_CATCHER,156,48,"{""捕"":6248}",,MISSING_NO_FROZEN_AGE_FIELD,INSUFFICIENT_SHORT_DISTANCE_EVIDENCE,194,63
21325134,大山 悠輔,大山悠輔,阪神タイガース,阪神タイガース,STAGE_1_BLIND_PHYSICAL_CONSTRUCT_V2,true,30.5,EXACT_PLAYER_ID_OR_TEAM_NAME_MATCH,55.654,56,56,CURRENT_SPRINT_CONFIRMED,EXACT_CANONICAL_TEAM_MATCH,SAME_TEAM_UNIQUE_CANONICAL_ROSTER_LABEL_RESOLUTION,1,大　山,大山,58,-2,-2,data/pennant.db::npb_usage_2026.primary_pos,EXACT_NORMALIZED_NAME_UNIQUE_CURRENT_USAGE,一,1B,CORNER_CATCHER,339,82,"{""一"":12529}",,MISSING_NO_FROZEN_AGE_FIELD,INSUFFICIENT_SHORT_DISTANCE_EVIDENCE,402,97
31535138,小幡 竜平,小幡竜平,阪神タイガース,阪神タイガース,STAGE_1_BLIND_PHYSICAL_CONSTRUCT_V2,true,32.8,EXACT_PLAYER_ID_OR_TEAM_NAME_MATCH,76.297,76,76,CURRENT_SPRINT_WITH_DIRECTIONAL_HISTORY,EXACT_CANONICAL_TEAM_MATCH,SAME_TEAM_UNIQUE_CANONICAL_ROSTER_LABEL_RESOLUTION,1,小　幡,小幡,77,-1,-1,data/pennant.db::npb_usage_2026.primary_pos,EXACT_NORMALIZED_NAME_UNIQUE_CURRENT_USAGE,遊,SS,MIDDLE_PREMIUM,100,31,"{""遊"":4927}",,MISSING_NO_FROZEN_AGE_FIELD,INSUFFICIENT_SHORT_DISTANCE_EVIDENCE,104,36
31735138,木浪 聖也,木浪聖也,阪神タイガース,阪神タイガース,STAGE_1_BLIND_PHYSICAL_CONSTRUCT_V2,true,30,EXACT_PLAYER_ID_OR_TEAM_NAME_MATCH,51.166,51,51,CURRENT_SPRINT_CONFIRMED,EXACT_CANONICAL_TEAM_MATCH,SAME_TEAM_UNIQUE_CANONICAL_ROSTER_LABEL_RESOLUTION,1,木　浪,木浪,59,-8,-8,data/pennant.db::npb_usage_2026.primary_pos,EXACT_NORMALIZED_NAME_UNIQUE_CURRENT_USAGE,遊,SS,MIDDLE_PREMIUM,134,45,"{""三"":749,""遊"":3959,""一"":237}",,MISSING_NO_FROZEN_AGE_FIELD,INSUFFICIENT_SHORT_DISTANCE_EVIDENCE,134,46
21325139,梅野 隆太郎,梅野隆太郎,阪神タイガース,阪神タイガース,STAGE_1_BLIND_PHYSICAL_CONSTRUCT_V2,true,30.6,EXACT_PLAYER_ID_OR_TEAM_NAME_MATCH,56.552,57,57,CURRENT_SPRINT_LIMITED_SUPPORT,EXACT_CANONICAL_TEAM_MATCH,SAME_TEAM_UNIQUE_CANONICAL_ROSTER_LABEL_RESOLUTION,1,梅　野,梅野,57,0,0,data/pennant.db::npb_usage_2026.primary_pos,EXACT_NORMALIZED_NAME_UNIQUE_CURRENT_USAGE,捕,C,CORNER_CATCHER,63,18,"{""捕"":2482}",,MISSING_NO_FROZEN_AGE_FIELD,INSUFFICIENT_SHORT_DISTANCE_EVIDENCE,71,23
43145157,森下 翔太,森下翔太,阪神タイガース,阪神タイガース,STAGE_1_BLIND_PHYSICAL_CONSTRUCT_V2,true,30.5,EXACT_PLAYER_ID_OR_TEAM_NAME_MATCH,55.654,56,56,CURRENT_SPRINT_CONFIRMED,EXACT_CANONICAL_TEAM_MATCH,SAME_TEAM_UNIQUE_CANONICAL_ROSTER_LABEL_RESOLUTION,1,森　下,森下,60,-4,-4,data/pennant.db::npb_usage_2026.primary_pos,EXACT_NORMALIZED_NAME_UNIQUE_CURRENT_USAGE,右,RF,MIDDLE_PREMIUM,366,84,"{""右"":9563,""左"":2397}",,MISSING_NO_FROZEN_AGE_FIELD,INSUFFICIENT_SHORT_DISTANCE_EVIDENCE,432,99
