game,video_id,title,description_short,published_at,source_url,official_channel_id,official_channel_name,discovery_method,matched_terms,relevant_reason,target_players_from_title_if_any,comments_available,comments_retrieved,comment_total_reported,retrieval_method,retrieval_bound_or_missingness,already_in_old_inventory,metadata_status,collection_attempted_at
PowerPro,Ms1zfS7gSmo,【ロマン開花學園解説】ロマン全開！才能開花！【パワプロアプリ】,新シナリオ #ロマン開花學園 編 7/30～配信開始！ 配信開始に伴い、#解説 動画を公開！ 【「ロマン開花學園」ストーリー概要】 100年以上の歴史を誇る伝統校、ロマン開花學園。 その野球部も、かつて何度も甲子園に行った古豪だが、近年の成績はイマイチだ。 学校は伝統を重んじる校風だけど、このままの体制でいいのだろうか・・・？ そう考えていたところに、刃（やいば）と名乗る新任の監督が現れる。 今、変革を予感させる新風が、吹き始めようとしていた・・・ 詳細はアプリ内お知らせにてご確認ください。 #パワプロアプリ 公式X：https://x.com/pawa_app573 #パワプロアプリ 公式サイト：https://www.konami.com/pawa/app/,2026-07-30,https://www.youtube.com/watch?v=Ms1zfS7gSmo,UCWzEh28vj3mQKpe0fzVTOUw,パワプロ・プロスピ公式チャンネル,official_channel_side_scan_then_bounded_context_recovery,,,,True,8,8,yt-dlp --get-comments,YTDLP_ALL_REQUESTED; completeness not independently verified; platform/client pagination may remain,,OK,2026-08-14T16:58:43Z
PowerPro,lXJEdQqrU7E,なにわ男子 藤原丈一郎さん・アンタッチャブル 山崎さん柴田さんが登場！パワプロ2026発売記念イベントダイジェスト 【パワフルプロ野球2026-2027】,"▼パワプロ・プロスピ公式Xはこちら https://x.com/pawapuro_pro “歴史（サクセス）は、受け継がれる。” 「パワフルプロ野球2026-2027」（Nintendo Switch™・PlayStation®4）6月11日発売！ 公式サイト： https://www.konami.com/pawa/2026-2027/ 一般社団法人日本野球機構承認 ©2026 SAMURAI JAPAN Trademarks, copyrights, names, images and other proprietary materials are used with permission of World Baseball Classic, Inc. 日本プロ野球名球会公認 日本プロ野球OBクラブ公認 日本プロ野球外国人OB選手会公認 プロ野球フランチャイズ球場公認 ゲーム内に再現された球場内看板は、原則として2025年度プロ野球公式戦のデータを基に制作しています。 All other copyrights or trademarks are the property of their respective owners and are used under license. データは、(株)共同通信デジタル/Japan Baseball Data (株)が独自に収集したもの",2026-07-01,https://www.youtube.com/watch?v=lXJEdQqrU7E,UCWzEh28vj3mQKpe0fzVTOUw,パワプロ・プロスピ公式チャンネル,official_channel_side_scan_then_bounded_context_recovery,,,,True,10,10,yt-dlp --get-comments,YTDLP_ALL_REQUESTED; completeness not independently verified; platform/client pagination may remain,,OK,2026-08-14T16:58:43Z
PowerPro,Pm_Pyg54JV0,『パワプロアドベンチャーズ』3rdシナリオ カジナイトアカデミー紹介,3rdサクセスシナリオ カジナイトアカデミーの紹介です。 『鋼の如き心であれ』 主人公たちに足りないものは何なのか—― 答えを求めて、ハンマーを手にする🔨 打てよ黒鉄！叩いて鍛えて、強き心を手に入れろ！ #パワプロアドベンチャーズ #パワアド ダウンロードはこちら：https://konami-app.go.link/bQ12m 公式サイト：https://www.konami.com/pawa/adventures/ 公式X：https://x.com/pawa_adventures,2026-06-03,https://www.youtube.com/watch?v=Pm_Pyg54JV0,UCWzEh28vj3mQKpe0fzVTOUw,パワプロ・プロスピ公式チャンネル,official_channel_side_scan_then_bounded_context_recovery,,,,True,29,29,yt-dlp --get-comments,YTDLP_ALL_REQUESTED; completeness not independently verified; platform/client pagination may remain,,OK,2026-08-14T16:58:43Z
PowerPro,1lkcAGahFZ8,『パワプロアドベンチャーズ』2ndシナリオ タテレスキュアアカデミー紹介,2ndサクセスシナリオ タテレスキュアアカデミーの紹介です。 オレもみんなを守れる冒険者になる！ 更なる災厄が迫るとき、主人公は守りたい人を守ることができるのか━━🛡️ #パワプロアドベンチャーズ #パワアド ダウンロードはこちら：https://konami-app.go.link/bQ12m 公式サイト：https://www.konami.com/pawa/adventures/ 公式X：https://x.com/pawa_adventures,2026-04-03,https://www.youtube.com/watch?v=1lkcAGahFZ8,UCWzEh28vj3mQKpe0fzVTOUw,パワプロ・プロスピ公式チャンネル,official_channel_side_scan_then_bounded_context_recovery,,,,True,32,32,yt-dlp --get-comments,YTDLP_ALL_REQUESTED; completeness not independently verified; platform/client pagination may remain,,OK,2026-08-14T16:58:43Z
PowerPro,PMkxCzAo16A,『パワプロアドベンチャーズ』CM【驚き編】,野球ゲームでお馴染みのパワプロシリーズからまさかのファンタジー！？ ♪「今度のパワプロはファンタジーでございます。 乗り遅れにご注意ください～🚃」 ダウンロードはこちら：https://konami-app.go.link/bQ12m 【『パワプロアドベンチャーズ』とは 】 剣と魔法のファンタジー世界で、冒険者を育成！ 「サクセス」で個性豊かな仲間たちと切磋琢磨して成長し、強敵との「バトル」に挑もう！ 公式サイト：https://www.konami.com/pawa/adventures/ 公式X：https://x.com/pawa_adventures #パワプロアドベンチャーズ #パワアド,2026-03-26,https://www.youtube.com/watch?v=PMkxCzAo16A,UCWzEh28vj3mQKpe0fzVTOUw,パワプロ・プロスピ公式チャンネル,official_channel_side_scan_then_bounded_context_recovery,,,,True,3,3,yt-dlp --get-comments,YTDLP_ALL_REQUESTED; completeness not independently verified; platform/client pagination may remain,,OK,2026-08-14T16:58:43Z
PowerPro,5nxW28yS5kQ,『パワプロアドベンチャーズ』ローンチトレーラー,今度のパワプロはファンタジー！？ 新作スマホアプリ『パワプロアドベンチャーズ』がいよいよサービス開始 最強の冒険者を目指そう ━━⚔️ ダウンロードはこちら：https://konami-app.go.link/bQ12m 【『パワプロアドベンチャーズ』とは 】 剣と魔法のファンタジー世界で、冒険者を育成！ 「サクセス」で個性豊かな仲間たちと切磋琢磨して成長し、強敵との「バトル」に挑もう！ 公式サイト：https://www.konami.com/pawa/adventures/ 公式X：https://x.com/pawa_adventures #パワプロアドベンチャーズ #パワアド,2026-03-26,https://www.youtube.com/watch?v=5nxW28yS5kQ,UCWzEh28vj3mQKpe0fzVTOUw,パワプロ・プロスピ公式チャンネル,official_channel_side_scan_then_bounded_context_recovery,,,,True,15,15,yt-dlp --get-comments,YTDLP_ALL_REQUESTED; completeness not independently verified; platform/client pagination may remain,,OK,2026-08-14T16:58:43Z
PowerPro,wOjrANePk1c,『パワフルプロ野球2026-2027』オープニングムービー,"“歴史（サクセス）は、受け継がれる。” 「パワフルプロ野球2026-2027」（Nintendo Switch™・PlayStation®4）6月11日発売！ 公式サイト：https://www.konami.com/pawa/2026-2027/ 『Highlight』 Stand up now, we’re ready now Go! Stand up now, we’re ready now All set! 歓声が空揺らす Stand up now, we’re ready now Go! Stand up now, we’re ready now All set! その背に未来を 高鳴る鼓動を信じて 重なる熱量が 期待感と展開の煌めき 覚悟を決めてけ 何度も見失って 息飲むストーリー 奇跡的な証明に変わるさ 大丈夫信じて （ほら） 誰にも見せず （ずっと） 積み上げていた 負けないように向き合うように 静かな夜を越えてきた （ほら）気づけばそばに （いま）同じ痛みを 背負いながら駆け出す君 準備はもう出来たよね （胸を張って） はじめよう いま世界を駆けていけ 照らす 光の先 風に乗る夢 ひとりじゃない いま未来を駆けていこう 照らせ 光のように 掴み取ろう さあこの手で Stand up now, we’re ready now Go! Stand up now, we",2026-03-12,https://www.youtube.com/watch?v=wOjrANePk1c,UCWzEh28vj3mQKpe0fzVTOUw,パワプロ・プロスピ公式チャンネル,official_channel_side_scan_then_bounded_context_recovery,,,,True,1981,1981,yt-dlp --get-comments,YTDLP_ALL_REQUESTED; completeness not independently verified; platform/client pagination may remain,,OK,2026-08-14T16:58:50Z
PowerPro,WMCRj4Snias,『パワプロアドベンチャーズ』オープニングムービー,『パワプロアドベンチャーズ』のオープニングムービーです。 世界樹の恵みによって栄えた平和な世界に 突如として邪悪なる魔王が現れた――⚔️ #パワプロアドベンチャーズ #パワアド ダウンロードはこちら：https://konami-app.go.link/bQ12m 公式サイト：https://www.konami.com/pawa/adventures/ 公式X：https://x.com/pawa_adventures,2026-03-06,https://www.youtube.com/watch?v=WMCRj4Snias,UCWzEh28vj3mQKpe0fzVTOUw,パワプロ・プロスピ公式チャンネル,official_channel_side_scan_then_bounded_context_recovery,,,,True,23,23,yt-dlp --get-comments,YTDLP_ALL_REQUESTED; completeness not independently verified; platform/client pagination may remain,,OK,2026-08-14T16:58:50Z
PowerPro,ZzSgcUeTLHw,『パワプロアドベンチャーズ』プロモーションムービー,今度のパワプロはファンタジー！？ 新作スマホアプリ『パワプロアドベンチャーズ』が登場！ 【『パワプロアドベンチャーズ』とは 】 剣と魔法のファンタジー世界で、冒険者を育成！ 「サクセス」で個性豊かな仲間たちと切磋琢磨して成長し、強敵との「バトル」に挑もう！ #パワプロアドベンチャーズ #パワアド ダウンロードはこちら：https://konami-app.go.link/bQ12m 公式サイト：https://www.konami.com/pawa/adventures/ 公式X：https://x.com/pawa_adventures,2026-02-12,https://www.youtube.com/watch?v=ZzSgcUeTLHw,UCWzEh28vj3mQKpe0fzVTOUw,パワプロ・プロスピ公式チャンネル,official_channel_side_scan_then_bounded_context_recovery,,,,True,127,127,yt-dlp --get-comments,YTDLP_ALL_REQUESTED; completeness not independently verified; platform/client pagination may remain,,OK,2026-08-14T16:58:52Z
PowerPro,T9yXBWsT7bU,『パワプロアドベンチャーズ』1stシナリオ パワフルアカデミー紹介,1stサクセスシナリオ パワフルアカデミーの紹介です。 いつか世界一の冒険者になる！ 幼馴染と昔誓った約束を主人公は果たせるか━━⚔️ #パワプロアドベンチャーズ #パワアド ダウンロードはこちら：https://konami-app.go.link/bQ12m 公式サイト：https://www.konami.com/pawa/adventures/ 公式X：https://x.com/pawa_adventures,2026-02-06,https://www.youtube.com/watch?v=T9yXBWsT7bU,UCWzEh28vj3mQKpe0fzVTOUw,パワプロ・プロスピ公式チャンネル,official_channel_side_scan_then_bounded_context_recovery,,,,True,28,28,yt-dlp --get-comments,YTDLP_ALL_REQUESTED; completeness not independently verified; platform/client pagination may remain,,OK,2026-08-14T16:58:53Z
PowerPro,AuXLDp8HBOY,『パワプロアドベンチャーズ』 CM【今度のパワプロはファンタジー！？編】,あなただけの理想の冒険者を育成して世界を救う冒険に出よう！ 新作スマホアプリ『パワプロアドベンチャーズ』2026年春リリース予定！事前登録受付中！ #パワプロアドベンチャーズ #パワアド ダウンロードはこちら：https://konami-app.go.link/bQ12m 公式サイト：https://www.konami.com/pawa/adventures/ 公式X：https://x.com/pawa_adventures,2026-01-18,https://www.youtube.com/watch?v=AuXLDp8HBOY,UCWzEh28vj3mQKpe0fzVTOUw,パワプロ・プロスピ公式チャンネル,official_channel_side_scan_then_bounded_context_recovery,,,,True,4,4,yt-dlp --get-comments,YTDLP_ALL_REQUESTED; completeness not independently verified; platform/client pagination may remain,,OK,2026-08-14T16:58:54Z
PowerPro,zEUKZtZmHZY,『パワプロアドベンチャーズ』 CM【キャラクター編】,個性豊かなキャラクター達が主人公の成長のカギに！仲間と共に理想の冒険者を目指そう！ 新作スマホアプリ『パワプロアドベンチャーズ』2026年春リリース予定！事前登録受付中！ #パワプロアドベンチャーズ #パワアド ダウンロードはこちら：https://konami-app.go.link/bQ12m 公式サイト：https://www.konami.com/pawa/adventures/ 公式X：https://x.com/pawa_adventures,2026-01-17,https://www.youtube.com/watch?v=zEUKZtZmHZY,UCWzEh28vj3mQKpe0fzVTOUw,パワプロ・プロスピ公式チャンネル,official_channel_side_scan_then_bounded_context_recovery,,,,True,8,8,yt-dlp --get-comments,YTDLP_ALL_REQUESTED; completeness not independently verified; platform/client pagination may remain,,OK,2026-08-14T16:58:55Z
PowerPro,ZK-anNJ8CHk,『パワプロアドベンチャーズ』 CM【バトル編】,襲い掛かる強力なボス。攻略に適したジョブ育成やパーティ編成が勝敗を左右する！ 新作スマホアプリ『パワプロアドベンチャーズ』2026年春リリース予定！事前登録受付中！ #パワプロアドベンチャーズ #パワアド ダウンロードはこちら：https://konami-app.go.link/bQ12m 公式サイト：https://www.konami.com/pawa/adventures/ 公式X：https://x.com/pawa_adventures,2026-01-16,https://www.youtube.com/watch?v=ZK-anNJ8CHk,UCWzEh28vj3mQKpe0fzVTOUw,パワプロ・プロスピ公式チャンネル,official_channel_side_scan_then_bounded_context_recovery,,,,True,7,7,yt-dlp --get-comments,YTDLP_ALL_REQUESTED; completeness not independently verified; platform/client pagination may remain,,OK,2026-08-14T16:58:59Z
PowerPro,MLVN7I8iJ7c,『パワプロアドベンチャーズ』 CM【便利機能編】,おなじみのサクセスがもっと手軽に！何度も挑戦して理想の冒険者を産みだせ！ 新作スマホアプリ『パワプロアドベンチャーズ』2026年春リリース予定！事前登録受付中！ #パワプロアドベンチャーズ #パワアド ダウンロードはこちら：https://konami-app.go.link/bQ12m 公式サイト：https://www.konami.com/pawa/adventures/ 公式X：https://x.com/pawa_adventures,2026-01-15,https://www.youtube.com/watch?v=MLVN7I8iJ7c,UCWzEh28vj3mQKpe0fzVTOUw,パワプロ・プロスピ公式チャンネル,official_channel_side_scan_then_bounded_context_recovery,,,,True,10,10,yt-dlp --get-comments,YTDLP_ALL_REQUESTED; completeness not independently verified; platform/client pagination may remain,,OK,2026-08-14T16:59:02Z
PowerPro,-kb9eFlpGZI,『パワプロアドベンチャーズ』ティザームービー,今度のパワプロはファンタジー！？ 新作スマホアプリ『パワプロアドベンチャーズ』が登場！ 2026年春リリース予定！事前登録受付中！ #パワプロアドベンチャーズ #パワアド 公式サイト：https://www.konami.com/pawa/adventures/ 公式X：https://x.com/pawa_adventures,2026-01-14,https://www.youtube.com/watch?v=-kb9eFlpGZI,UCWzEh28vj3mQKpe0fzVTOUw,パワプロ・プロスピ公式チャンネル,official_channel_side_scan_then_bounded_context_recovery,,,,True,167,167,yt-dlp --get-comments,YTDLP_ALL_REQUESTED; completeness not independently verified; platform/client pagination may remain,,OK,2026-08-14T16:59:04Z
PowerPro,ctyndHX2HPQ,【赤壁高校解説】配信4000日記念！采配を振るい大地を駆けろ！【パワプロアプリ】,#赤壁高校 #解説 #パワプロアプリ 配信4000日を記念した新シナリオ #赤壁高校 編 11/25～配信開始！ 配信開始に伴い、#解説 動画を公開！ 【「赤壁高校」ストーリー概要】 4000年の歴史があるとも言われている赤壁高校。 その野球部は『技、互、飾（ぎ、ご、しょく）』３つの派閥により三分されていた。 派閥同士の対立は部内に混乱を生み、グラウンドのあちこちに不良部員がたむろするにまで至っている。 こんな状態では甲子園にはたどりつけない！ と主人公は部を変えるために立ち上がる！ さあ、３派閥統一を目指して、いざ出陣！ 詳細はアプリ内お知らせにてご確認ください。 #パワプロアプリ 公式X：https://x.com/pawa_app573 #パワプロアプリ 公式サイト：https://www.konami.com/pawa/app/,2025-11-25,https://www.youtube.com/watch?v=ctyndHX2HPQ,UCWzEh28vj3mQKpe0fzVTOUw,パワプロ・プロスピ公式チャンネル,official_channel_side_scan_then_bounded_context_recovery,,,,True,2,2,yt-dlp --get-comments,YTDLP_ALL_REQUESTED; completeness not independently verified; platform/client pagination may remain,,OK,2026-08-14T16:59:05Z
PowerPro,dQSB1FfiAH8,まだ登録してないの！？もっとお得にパワプロ・プロスピAを遊べる！パワスピ・ポイントクラブPV,もっとお得にパワプロやプロスピAで遊べる！ パワスピ・ポイントクラブの登録はお済ですか？ ゲームで遊んでポイントを貯めるとゲーム内アイテムやノベルティに交換可能！ ガチャ券や契約書など豪華ゲーム内アイテムもラインナップにあるんです！ まだ登録していないあなたは損してる・・・！？ この機会にぜひご登録ください！ ▼パワスピ・ポイントクラブはこちら https://pawaspi-point.konami.net/,2025-09-25,https://www.youtube.com/watch?v=dQSB1FfiAH8,UCWzEh28vj3mQKpe0fzVTOUw,パワプロ・プロスピ公式チャンネル,official_channel_side_scan_then_bounded_context_recovery,,,,True,91,91,yt-dlp --get-comments,YTDLP_ALL_REQUESTED; completeness not independently verified; platform/client pagination may remain,,OK,2026-08-14T16:59:07Z
PowerPro,y57WBLiAMNw,【長命高校解説】長命島でサバイバれ！【パワプロアプリ】,新シナリオ #長命高校 編 7/22～配信開始！ 配信開始に伴い、#解説 動画を公開！ 【「長命高校」ストーリー概要】 理事長の命令で、サバイバル生活をすることになった長命高校野球部。 舞台は長命島・・・１０年程前に、モンスターが現れた場所だった！ なにやらモンスターを食べることで、生命力を高めるパワーが得られ、 強靭な肉体になれるのだとか・・・ 練習や授業は受けられるものの、狩っては食べる生活が突如始まってしまった。 でも、目指すはもちろん甲子園！ 手強いモンスターを狩り、食らい、強くなれ！ 詳細はアプリ内お知らせにてご確認ください。 #パワプロアプリ 公式X：https://x.com/pawa_app573 #パワプロアプリ 公式サイト：https://www.konami.com/pawa/app/,2025-07-22,https://www.youtube.com/watch?v=y57WBLiAMNw,UCWzEh28vj3mQKpe0fzVTOUw,パワプロ・プロスピ公式チャンネル,official_channel_side_scan_then_bounded_context_recovery,,,,True,2,2,yt-dlp --get-comments,YTDLP_ALL_REQUESTED; completeness not independently verified; platform/client pagination may remain,,OK,2026-08-14T16:59:08Z
PowerPro,b1wRVILTWTM,【パワプロ 栄冠クロス】『ワールドバトルロイヤル！』編 紹介ムービー,モバイルゲーム『パワフルプロ野球 栄冠ナイン クロスロード』に、 栄冠ナインモードの新ロード『ワールドバトルロイヤル』編が登場！ ▼アプリのダウンロードはこちら https://app.adjust.com/14ij78oq ＜新ロード『ワールドバトルロイヤル』とは＞ ステージ『監督バトルロイヤル！』編に新ロード『ワールドバトルロイヤル』が登場！ 新たな部費投入『ウルトレ』や『監督ミッション』を使いこなして、世界大会優勝を目指そう！ 公式X： / pawa_eikan573 公式サイト：https://www.konami.com/pawa/eikan_cro... ＃栄冠クロス ＃パワプロ ＃栄冠ナイン,2025-05-28,https://www.youtube.com/watch?v=b1wRVILTWTM,UCWzEh28vj3mQKpe0fzVTOUw,パワプロ・プロスピ公式チャンネル,official_channel_side_scan_then_bounded_context_recovery,,,,True,6,6,yt-dlp --get-comments,YTDLP_ALL_REQUESTED; completeness not independently verified; platform/client pagination may remain,,OK,2026-08-14T16:59:11Z
PowerPro,yrIsbjxOHQs,大谷選手直筆サイングッズ・ドジャース観戦 in LAが当たる！【パワスピ・ポイントクラブ】,パワスピ・ポイントクラブにて #大谷翔平 選手のサイングッズや観戦ツアーが当たるキャンペーンを実施中！ ・大谷選手 直筆サインボール（1名様） ・大谷選手 直筆サイン調子くんぬいぐるみ（1名様） ・JTB LA観戦ツアー（ペア1組様） が当たるチャンス！ 配信中のモバイルゲーム『プロ野球スピリッツA』、『実況パワフルプロ野球』、『パワフルプロ野球 栄冠ナイン クロスロード』、『eBaseball™: MLB PRO SPIRIT』をプレーして、キャンペーンに応募しよう！ ▼詳細はパワスピ・ポイントクラブをチェック▼ https://pawaspi-point.konami.net/campaign/detail/campaign_2025_03a 応募期間：3/12(水)10:00～3/31(月)23:59 ※必ずキャンペーン規約をご確認の上ご応募ください。 ※本キャンペーンは18歳未満の方は対象外です。 Major League Baseball trademarks and copyrights are used with permission of Major League Baseball. Visit MLB.com. Getty Images Any other marks used herein are trademarks of their respective o,2025-03-12,https://www.youtube.com/watch?v=yrIsbjxOHQs,UCWzEh28vj3mQKpe0fzVTOUw,パワプロ・プロスピ公式チャンネル,official_channel_side_scan_then_bounded_context_recovery,,,,True,22,22,yt-dlp --get-comments,YTDLP_ALL_REQUESTED; completeness not independently verified; platform/client pagination may remain,,OK,2026-08-14T16:59:11Z
PowerPro,mjFQ2nYv9VE,【白轟高校解説】10周年記念！これまでのシナリオの練習法が一挙登場【パワプロアプリ】,10周年記念の新シナリオ #白轟高校 編 11/25～配信開始！ 配信開始に伴い、#解説 動画を公開！ 【「白轟高校」ストーリー概要】 道内最強と謳われる強豪校「白轟高校」。 しかし肝心のキャプテン北斗八雲が不在がちで、なかなか練習方針が決まらず迷走していた。 そんな中、ひょんなことから「他校の様々な練習法を取り入れる」練習方針に決定。 ようやくチームもまとまるかに思われたが・・・ パワプロアプリに登場した高校の練習法が一挙に登場！ 10年の歴史を力に変えて、白轟高校よ、新たな歴史のパイオニアとなれ！ 10周年を記念した「祝典！サクセスストーリー」開催中！ パワストーン最大68個やSR選択ガチャ券×3枚がもらえる期間限定チャレンジを実施！ （11/25（月）メンテナンス後～12/31（火）23:59まで） 詳細はアプリ内お知らせにてご確認ください。 #パワプロアプリ 公式X：https://x.com/pawa_app573 #パワプロアプリ 公式サイト：https://www.konami.com/pawa/app/,2024-11-25,https://www.youtube.com/watch?v=mjFQ2nYv9VE,UCWzEh28vj3mQKpe0fzVTOUw,パワプロ・プロスピ公式チャンネル,official_channel_side_scan_then_bounded_context_recovery,,,,True,11,11,yt-dlp --get-comments,YTDLP_ALL_REQUESTED; completeness not independently verified; platform/client pagination may remain,,OK,2026-08-14T16:59:17Z
PowerPro,EhYNTJdPSP0,【パワプロ 栄冠クロス】新ステージ登場！『監督バトルロイヤル！』編プロモーションムービー,モバイルゲーム『パワフルプロ野球 栄冠ナイン クロスロード』に、 栄冠ナインモードの新ステージ『監督バトルロイヤル！』編が登場！ ▼アプリのダウンロードはこちら https://app.adjust.com/14ij78oq ＜『監督バトルロイヤル！』編とは＞ 超強豪校の監督となり甲子園優勝を目指すステージ。 他監督との交流や新ギミック『部費』『設備改良』などを使いこなして、全国制覇を目指そう！ 公式X：https://twitter.com/pawa_eikan573 公式サイト：https://www.konami.com/pawa/eikan_crossroad/ ＃栄冠クロス ＃パワプロ ＃栄冠ナイン,2024-09-10,https://www.youtube.com/watch?v=EhYNTJdPSP0,UCWzEh28vj3mQKpe0fzVTOUw,パワプロ・プロスピ公式チャンネル,official_channel_side_scan_then_bounded_context_recovery,,,,True,35,35,yt-dlp --get-comments,YTDLP_ALL_REQUESTED; completeness not independently verified; platform/client pagination may remain,,OK,2026-08-14T16:59:19Z
PowerPro,-DHtzgiY6VQ,『パワフルプロ野球2024-2025』レジェンドOB対決動画　ジャイアンツ 対 タイガース,“30年分のパワフルを。” 「パワフルプロ野球2024-2025」（Nintendo Switch™・PlayStation®4）好評発売中！ 公式サイト： https://www.konami.com/pawa/2024-2025/ パワプロ30周年特別企画「レジェンドOB対決」の ラストは第7弾レジェンドOB対決、槙原さん率いる「ジャイアンツ歴代レジェンドチーム」と井川さん率いる「タイガース歴代レジェンドチーム」の動画を公開しました。 それぞれのレジェンドが活躍する「レジェンドOB対決」をお楽しみください！ パワプロ2024では動画内で槙原さん、井川さんが語ってくれた思い出の一戦をはじめ レジェンドOB15名のオリジナルシナリオを公開中なので是非、お楽しみください！ 詳細はこちら https://www.konami.com/pawa/2024-2025/special また、レジェンドOBのサインが入ったプレゼントキャンペーン開催中です！ 【伝説のボール回し サインボールプレゼントキャンペーン】 「レジェンドOB対決」を記念してXキャンペーンを開催！ ・パワプロ・プロスピ公式アカウント（@pawapuro_pro）をフォローして、 対象のポストを「#パワプロ2024OB対決」をつけて、感想を添えてリポストしてください。 抽選で合計7名様にレジェンドOB15名のサインが入ったボ,2024-07-22,https://www.youtube.com/watch?v=-DHtzgiY6VQ,UCWzEh28vj3mQKpe0fzVTOUw,パワプロ・プロスピ公式チャンネル,official_channel_side_scan_then_bounded_context_recovery,,,,True,236,236,yt-dlp --get-comments,YTDLP_ALL_REQUESTED; completeness not independently verified; platform/client pagination may remain,,OK,2026-08-14T16:59:20Z
PowerPro,m6O3gUWdZuM,『パワフルプロ野球2024-2025』レジェンドOB対決動画　カープ 対 ベイスターズ,“30年分のパワフルを。” 「パワフルプロ野球2024-2025」（Nintendo Switch™・PlayStation®4）7月18日発売！ 公式サイト： https://www.konami.com/pawa/2024-2025/ パワプロ30周年特別企画「レジェンドOB対決」の 第5弾レジェンドOB対決、野村さん率いる「ベイスターズ歴代レジェンドチーム」と 達川さん率いる「カープ歴代レジェンドチーム」の動画を公開しました。 パワプロ2024では動画内で野村さん、達川さんが語ってくれた思い出の一戦を オリジナルシナリオとして公開中なので是非、お楽しみください！ 詳細はこちら https://www.konami.com/pawa/2024-2025/special レジェンドOBのサインが入ったプレゼントキャンペーン開催中！ 【伝説のボール回し サインボールプレゼントキャンペーン】 「レジェンドOB対決」を記念してXキャンペーンを開催！ ・パワプロ・プロスピ公式アカウント（@pawapuro_pro）をフォローして、 対象のポストを「#パワプロ2024OB対決」をつけて、感想を添えてリポストしてください。 抽選で合計7名様にレジェンドOB15名のサインが入ったボールをプレゼント！ 詳細は下記URLからご確認ください。 https://www.konami.com/pawa/,2024-07-18,https://www.youtube.com/watch?v=m6O3gUWdZuM,UCWzEh28vj3mQKpe0fzVTOUw,パワプロ・プロスピ公式チャンネル,official_channel_side_scan_then_bounded_context_recovery,,,,True,277,277,yt-dlp --get-comments,YTDLP_ALL_REQUESTED; completeness not independently verified; platform/client pagination may remain,,OK,2026-08-14T16:59:21Z
PowerPro,2egN5kYxyio,『パワフルプロ野球2024-2025』レジェンドOB対決動画　大阪近鉄 対 南海 対 阪急,“30年分のパワフルを。” 「パワフルプロ野球2024-2025」（Nintendo Switch™・PlayStation®4）7月18日発売！ 公式サイト： https://www.konami.com/pawa/2024-2025/ パワプロ30周年特別企画「レジェンドOB対決」の 第6弾はレジェンドOB対決、大阪近鉄 対 南海 対 阪急のオールド3球団対決！ それぞれのレジェンドが活躍する「レジェンドOB対決」をお楽しみください！ パワプロ2024では動画内で吉岡さん、山本さん、星野さんが語ってくれた思い出の一戦をはじめ レジェンドOB15名のオリジナルシナリオを公開中なので是非、お楽しみください！ 詳細はこちら https://www.konami.com/pawa/2024-2025/special また、レジェンドOBのサインが入ったプレゼントキャンペーン開催中です！ 【伝説のボール回し サインボールプレゼントキャンペーン】 「レジェンドOB対決」を記念してXキャンペーンを開催！ ・パワプロ・プロスピ公式アカウント（@pawapuro_pro）をフォローして、 対象のポストを「#パワプロ2024OB対決」をつけて、感想を添えてリポストしてください。 抽選で合計7名様にレジェンドOB15名のサインが入ったボールをプレゼント！ 詳細は下記URLからご確認ください。 htt,2024-07-18,https://www.youtube.com/watch?v=2egN5kYxyio,UCWzEh28vj3mQKpe0fzVTOUw,パワプロ・プロスピ公式チャンネル,official_channel_side_scan_then_bounded_context_recovery,,,,True,232,232,yt-dlp --get-comments,YTDLP_ALL_REQUESTED; completeness not independently verified; platform/client pagination may remain,,OK,2026-08-14T16:59:21Z
PowerPro,2MPQJ70Tb9Q,『パワフルプロ野球2024-2025』レジェンドOB対決動画　ファイターズ 対 ドラゴンズ,パワプロ30周年特別企画「レジェンドOB対決」第三弾 レジェンドOB対決「ファイターズ対ドラゴンズ」の動画を公開しました！ 小笠原さんが「ファイターズ歴代レジェンドチーム」を、川上さんが「ドラゴンズ歴代レジェンドチーム」を率いて「パワプロ2024」で対戦。 それぞれのレジェンドが活躍する「レジェンドOB対決」をお楽しみください！ さらに！ レジェンドのサインが入ったプレゼントキャンペーン開催！ 【伝説のボール回し サインボールプレゼントキャンペーン】 「レジェンドOB対決」を記念してXキャンペーンを開催！ ・パワプロ・プロスピ公式アカウント（@pawapuro_pro）をフォローして、 対象のポストを「#パワプロ2024OB対決」をつけて、感想を添えてリポストしてください。 抽選で合計7名様にレジェンドOB15名のサインが入ったボールをプレゼント！ 詳細は下記URLからご確認ください。 https://www.konami.com/pawa/2024-2025/special #パワプロ2024 #パワプロ2024OB対決 一般社団法人日本野球機構承認 Konami Digital Entertainment/WBCI ©2024 SAMURAI JAPAN 日本プロ野球名球会公認 日本プロ野球OBクラブ公認 日本プロ野球外国人OB選手会公認 プロ野球フランチャイズ球場公認 ゲーム,2024-07-17,https://www.youtube.com/watch?v=2MPQJ70Tb9Q,UCWzEh28vj3mQKpe0fzVTOUw,パワプロ・プロスピ公式チャンネル,official_channel_side_scan_then_bounded_context_recovery,,,,True,279,279,yt-dlp --get-comments,YTDLP_ALL_REQUESTED; completeness not independently verified; platform/client pagination may remain,,OK,2026-08-14T16:59:23Z
PowerPro,hN5K7B7nfNU,『パワフルプロ野球2024-2025』レジェンドOB対決動画　バファローズ 対 ホークス,パワプロ30周年特別企画「レジェンドOB対決」第四弾 レジェンドOB対決「バファローズ 対 ホークス」の動画を公開しました！ 糸井さんが「バファローズ歴代レジェンドチーム」を、森福さんが「ホークス歴代レジェンドチーム」を率いて「パワプロ2024」で対戦。 それぞれのレジェンドが活躍する「レジェンドOB対決」をお楽しみください！ さらに！ レジェンドのサインが入ったプレゼントキャンペーン開催！ 【伝説のボール回し サインボールプレゼントキャンペーン】 「レジェンドOB対決」を記念してXキャンペーンを開催！ ・パワプロ・プロスピ公式アカウント（@pawapuro_pro）をフォローして、 対象のポストを「#パワプロ2024OB対決」をつけて、感想を添えてリポストしてください。 抽選で合計7名様にレジェンドOB15名のサインが入ったボールをプレゼント！ 詳細は下記URLからご確認ください。 https://www.konami.com/pawa/2024-2025/special #パワプロ2024 #パワプロ2024OB対決 一般社団法人日本野球機構承認 Konami Digital Entertainment/WBCI ©2024 SAMURAI JAPAN 日本プロ野球名球会公認 日本プロ野球OBクラブ公認 日本プロ野球外国人OB選手会公認 プロ野球フランチャイズ球場公認 ゲーム内,2024-07-17,https://www.youtube.com/watch?v=hN5K7B7nfNU,UCWzEh28vj3mQKpe0fzVTOUw,パワプロ・プロスピ公式チャンネル,official_channel_side_scan_then_bounded_context_recovery,,,,True,269,269,yt-dlp --get-comments,YTDLP_ALL_REQUESTED; completeness not independently verified; platform/client pagination may remain,,OK,2026-08-14T16:59:27Z
PowerPro,MRdZJEeuXWc,『パワフルプロ野球2024-2025』レジェンドOB対決動画　マリーンズ 対 イーグルス,“30年分のパワフルを。” 「パワフルプロ野球2024-2025」（Nintendo Switch™・PlayStation®4）7月18日発売！ 公式サイト： https://www.konami.com/pawa/2024-2025/ パワプロ30周年特別企画「レジェンドOB対決」の 第一弾レジェンドOB対決「マリーンズ対イーグルス」の動画を公開しました！ 里崎さんが「マリーンズ歴代レジェンドチーム」を、岩隈さんが「イーグルス歴代レジェンドチーム」を率いて「パワプロ2024」で対戦。 それぞれのレジェンドが活躍する「レジェンドOB対決」をお楽しみください！ さらに！ レジェンドのサインが入ったプレゼントキャンペーン開催！ 【伝説のボール回し サインボールプレゼントキャンペーン】 「レジェンドOB対決」を記念してXキャンペーンを開催！ ・パワプロ・プロスピ公式アカウント（@pawapuro_pro）をフォローして、 対象のポストを「#パワプロ2024OB対決」をつけて、感想を添えてリポストしてください。 抽選で合計7名様にレジェンドOB15名のサインが入ったボールをプレゼント！ 詳細は下記URLからご確認ください。 https://www.konami.com/pawa/2024-2025/special #パワプロ2024 #パワプロ2024OB対決 一般社団法人日本野球機構承,2024-07-15,https://www.youtube.com/watch?v=MRdZJEeuXWc,UCWzEh28vj3mQKpe0fzVTOUw,パワプロ・プロスピ公式チャンネル,official_channel_side_scan_then_bounded_context_recovery,,,,True,367,367,yt-dlp --get-comments,YTDLP_ALL_REQUESTED; completeness not independently verified; platform/client pagination may remain,,OK,2026-08-14T16:59:31Z
PowerPro,W8J8LK3JK28,【帝王実業高校解説】「帝王」を目指して勝ち上がれ！【パワプロアプリ】,新シナリオ #帝王実業高校 編 7/11～配信開始！ 配信開始に伴い、#解説 動画を公開！ 【「帝王実業高校」ストーリー概要】 30周年を迎えたパワプロの原点回帰。「帝王実業高校」配信開始！ エース・山口が突然のケガで離脱し、厳しい練習制限が課された！ こんな状況で名門校としての強さを保てるのか？仲間たちと切磋琢磨し甲子園出場を目指せ！ パワストーンや天才の入部届などがもらえる配信記念キャンペーンも7/17まで開催中！！（7/11（木）メンテナンス後～7/17（水）13:59まで） 詳細はアプリ内お知らせにてご確認ください。 #パワプロアプリ 公式X：https://x.com/pawa_app573 #パワプロアプリ 公式サイト：https://www.konami.com/pawa/app/,2024-07-11,https://www.youtube.com/watch?v=W8J8LK3JK28,UCWzEh28vj3mQKpe0fzVTOUw,パワプロ・プロスピ公式チャンネル,official_channel_side_scan_then_bounded_context_recovery,,,,True,10,10,yt-dlp --get-comments,YTDLP_ALL_REQUESTED; completeness not independently verified; platform/client pagination may remain,,OK,2026-08-14T16:59:32Z
PowerPro,pxdRtLSTI80,『パワフルプロ野球2024-2025』オープニングムービー,“30年分のパワフルを。” 「パワフルプロ野球2024-2025」（Nintendo Switch™・PlayStation®4）7月18日発売！ 公式サイト： https://www.konami.com/pawa/2024-2025/ 『RELAY』 もう何十回 もう何百回も 霞むソラ見上げて 辿り着いた場所が 運命のダイヤモンド 何千回 もう何万回も 涙流したきみへ ねぇ 諦められたことはあったっけ？ 「憧れ＝限界」だから もういらないよ そこに留まるなんて もったいないでしょ？ それぞれの物語 交差する瞬間を 見つめる意味は 放った夢だけ 大きな弧を描いて はちきれそうな煌めきを 消えることなく どこまででも 世界の向こうに 届けよう 終わることのない この胸の衝動は どうしたって どうしても ぼくを呼んでいた だから その先へと 走り続ける 次へ 次へ ＜Music＞ Vocal：藤原美慶 Lyrics：カトウチヒロ Music & Arrangement：佐藤直之 Guitar：横山雄哉 Bass：古澤利久 Drums：渡邊紀如 Violin：高橋香織 ＜Video＞ KOO-KI Creative Director：白川東一 Director：生嶋就 CG Superviser：山下裕次郎 CG Director：大窪真悟 CG Creator：石井真登 CG Cre,2024-05-02,https://www.youtube.com/watch?v=pxdRtLSTI80,UCWzEh28vj3mQKpe0fzVTOUw,パワプロ・プロスピ公式チャンネル,official_channel_side_scan_then_bounded_context_recovery,,,,True,4084,4084,yt-dlp --get-comments,YTDLP_ALL_REQUESTED; completeness not independently verified; platform/client pagination may remain,,OK,2026-08-14T16:59:32Z
PowerPro,A6WNGSDebRc,『大谷翔平選手×パワプロ2024』パッケージスリーブのデザインを公開！,パワフルプロ野球2024-2025パッケージ版の 早期購入特典『大谷翔平 選手×パワプロ2024 』パッケージスリーブのデザインを公開しました！ 数量限定のスペシャルなパッケージスリーブを公式サイトでチェック！ https://www.konami.com/pawa/2024-2025/topic/bonus#bonus-soki ＃パワプロ2024 ＃パワスピ周年 ＃大谷翔平,2024-05-01,https://www.youtube.com/watch?v=A6WNGSDebRc,UCWzEh28vj3mQKpe0fzVTOUw,パワプロ・プロスピ公式チャンネル,official_channel_side_scan_then_bounded_context_recovery,,,,True,26,26,yt-dlp --get-comments,YTDLP_ALL_REQUESTED; completeness not independently verified; platform/client pagination may remain,,OK,2026-08-14T16:59:34Z
PowerPro,vwU0NyiNcaA,【パワプロ30周年】3人娘から皆さんへビデオメッセージ,#パワプロ30周年 を記念して、 早川あおいちゃん（CV 青木瑠璃子） 橘みずきちゃん（CV 愛美） 六道聖ちゃん（CV 高橋李依） から、日頃パワプロを応援してくださる皆様へビデオメッセージが届いています！ パワプロ30周年は素敵なことが起きる予感・・・♪ パワプロ30周年×プロスピ20周年 アニバーサリーサイト https://www.konami.com/games/pawaspi_anniversary/ #パワプロアプリ 公式X https://twitter.com/pawa_app573 #栄冠クロス 公式X https://twitter.com/pawa_eikan573 パワプロ・プロスピ 公式X https://twitter.com/pawapuro_pro,2024-03-18,https://www.youtube.com/watch?v=vwU0NyiNcaA,UCWzEh28vj3mQKpe0fzVTOUw,パワプロ・プロスピ公式チャンネル,official_channel_side_scan_then_bounded_context_recovery,,,,True,177,177,yt-dlp --get-comments,YTDLP_ALL_REQUESTED; completeness not independently verified; platform/client pagination may remain,,OK,2026-08-14T16:59:36Z
PowerPro,wAhQbilAhTY,【パワプロ 栄冠クロス】期間限定ロード『世界の栄冠』プロモーションムービー,モバイルゲーム『パワフルプロ野球 栄冠ナイン クロスロード』にて、新ロード「世界の栄冠」が期間限定で登場！ ▼アプリのダウンロードはこちら https://app.adjust.com/14ij78oq ＜世界の栄冠とは＞ 「栄冠ナイン」ロードで甲子園制覇した監督が次に目指す先は世界一！ U-18日本代表の監督となって、世界中の高校球児たちと闘いましょう！ 海外から留学生が入部してくることも！ さまざまな新ギミックを活かしてより強力なチームを育成し、世界の栄冠を掴みとりましょう！ ＜開催期間＞ 2024年3月13日(水) メンテナンス終了後 ～ 2024年6月5日(土) 9:59 公式X：https://x.com/pawa_eikan573?s=20 公式サイト：https://www.konami.com/pawa/eikan_crossroad/ ＃栄冠クロス ＃パワプロ ＃栄冠ナイン,2024-03-06,https://www.youtube.com/watch?v=wAhQbilAhTY,UCWzEh28vj3mQKpe0fzVTOUw,パワプロ・プロスピ公式チャンネル,official_channel_side_scan_then_bounded_context_recovery,,,,True,28,28,yt-dlp --get-comments,YTDLP_ALL_REQUESTED; completeness not independently verified; platform/client pagination may remain,,OK,2026-08-14T16:59:36Z
PowerPro,xcUGTOAXaC4,【ほかほかホリデー高校解説】波に乗って経験点GET！【パワプロアプリ】,新シナリオ #ほかほかホリデー高校 編 2/26～配信開始！ 配信開始に伴い、#解説 動画を公開！ 【「ほかほかホリデー高校」ストーリー概要】 山中から沿岸部に校舎が移転した、ほかほかホリデー高校。 そのうち野球部員たちも野球を忘れてマリンスポーツに熱中するようになる。 マリンスポーツをプレイして甲子園優勝を目指そう！？ パワストーンやSRガチャ券などが貰える配信記念キャンペーンも開催！（2/26（月）メンテナンス後～3/7（木）13:59まで） 詳細はアプリ内お知らせにてご確認ください。 #パワプロアプリ 公式X：https://twitter.com/pawa_app573 #パワプロアプリ 公式サイト：https://www.konami.com/pawa/app/,2024-02-26,https://www.youtube.com/watch?v=xcUGTOAXaC4,UCWzEh28vj3mQKpe0fzVTOUw,パワプロ・プロスピ公式チャンネル,official_channel_side_scan_then_bounded_context_recovery,,,,True,6,6,yt-dlp --get-comments,YTDLP_ALL_REQUESTED; completeness not independently verified; platform/client pagination may remain,,OK,2026-08-14T16:59:38Z
PowerPro,eaWfO7kRCwU,大谷翔平選手がパワプロ30周年×プロスピ20周年アンバサダーに！【メイキング+特別インタビュー】,#大谷翔平 選手が #パワプロ30周年 × #プロスピ20周年 アンバサダーに就任することが決定しました！ アンバサダー撮影の模様を公開！また、パワプロも大谷選手も今年で30歳ということで、30歳にちなんだ記念インタビューも行いました。 #WBC のユニフォームを着用した大谷選手の映像は必見です！ アニバーサリーイヤーに合わせ、KONAMIの各野球ゲームで大谷翔平選手と様々な取り組みを実施予定です。 今後の展開にご期待ください。 周年公式サイト https://www.konami.com/games/pawaspi_anniversary/,2024-01-15,https://www.youtube.com/watch?v=eaWfO7kRCwU,UCWzEh28vj3mQKpe0fzVTOUw,パワプロ・プロスピ公式チャンネル,official_channel_side_scan_then_bounded_context_recovery,,,,True,740,740,yt-dlp --get-comments,YTDLP_ALL_REQUESTED; completeness not independently verified; platform/client pagination may remain,,OK,2026-08-14T16:59:41Z
