event_id	event_date_start	event_date_end	retrieved_at	region	country	league	organization	competition	topic_family	subtopic	headline_or_event_name	fact_summary	primary_source_url	secondary_source_urls	source_authority	verification_status	historical_or_current	mechanism_revealed	potential_game_system	existing_requirement_ids	novelty_status	materiality	recurrence_class	player_frustration_risk	suggested_default_or_toggle	implementation_complexity	research_confidence	notes
PNN-001	2004-09-01	2004-11-02	2026-08-24	East Asia	Japan	NPB	Rakuten; NPB	NPB realignment	Governance	Expansion and franchise entry	Rakuten applies for a new NPB franchise	Rakuten publicly applied for a new NPB franchise during the 2004 reorganization period, illustrating an external company entering a league asset decision.	https://global.rakuten.com/corp/news/press/2004/1102.html	https://en.wikipedia.org/wiki/2004_Nippon_Professional_Baseball_realignment	PRIMARY_PLUS_SECONDARY	VERIFIED	HISTORICAL	Ownership and market entry can alter league topology and club identity.	ownership/expansion/relocation state	PW-165;PW-247;PW-248	PARTIAL_EXTENSION	HIGH	RARE_SYSTEMIC	MEDIUM	OWNER_CALIBRATION	HIGH	MEDIUM	Official corporate application is primary; strike chronology is secondary context.
PNN-002	2013-12-16	2013-12-16	2026-08-24	East Asia	Japan	NPB/MLB	NPB; MLB	Posting system	Transactions	Posting window and release fee	MLB and NPB agree to a revised posting system	The revised system capped the release fee at $20 million and created a time-limited negotiation window; an unsuccessful negotiation leaves the player under reserve.	https://www.mlb.com/news/mlb-npb-reach-agreement-on-posting-system/c-66013956	https://www.mlb.com/news/mlb-agrees-to-new-japanese-free-agent-posting-system/c-64555100	PRIMARY_OFFICIAL	VERIFIED_PRIMARY	HISTORICAL	Cross-league transfer is a negotiated gate with timing, compensation, and failed-route consequences.	posting/overseas market/contract clock	PW-103;PW-104;PW-169;PW-236;PW-242	ALREADY_COVERED	HIGH	CONDITIONAL_RECURRING	HIGH_IF_AUTOMATIC	TOGGLE	MEDIUM	HIGH	Use as evidence for existing posting and failed-negotiation mechanics.
PNN-003	2022-12-09	2022-12-09	2026-08-24	East Asia	Japan	NPB	NPB	Active Draft	Transactions	Underused-player redistribution	NPB holds the first Active Draft	Each club selected an underused player under a league-wide redistribution mechanism designed to create movement for players blocked on their current roster.	https://c.npb.jp/geneki_draft/2022/	https://npb.jp/announcement/2022/	PRIMARY_OFFICIAL	VERIFIED_PRIMARY	HISTORICAL	A protected roster can be periodically reopened through a bounded redistribution draft.	active draft/waiver-like mobility	PW-236;PW-237;PW-238;PW-239	ALREADY_COVERED	HIGH	CONDITIONAL_RECURRING	MEDIUM	DEFAULT_RARE	MEDIUM	HIGH	Third-pass OPEN-07/09 overlap is explicitly not new.
PNN-004	2022-10-20	2022-10-20	2026-08-24	East Asia	Japan	NPB	NPB	Draft	Amateur pipeline	Eligibility and draft order	NPB publishes draft eligibility and reverse-order schedule	Official NPB draft materials specify eligibility and the reverse standings order, showing that entry rights are formal calendar rules rather than a purely free market.	https://draft.npb.jp/draft/2022/information.html	https://draft.npb.jp/draft/2022/schedule.html	PRIMARY_OFFICIAL	VERIFIED_PRIMARY	HISTORICAL	Eligibility and draft order create a time-dependent entry gate.	draft eligibility/order	PW-055;PW-056;PW-057;PW-240;PW-259	ALREADY_COVERED	MEDIUM	RECURRING	MEDIUM	DEFAULT	LOW	HIGH	Evidence only; no new amateur requirement.
PNN-005	2023-04-07	2023-04-07	2026-08-24	East Asia	Japan	NPB	NPB; independent leagues; JABA	Farm League	Development	League entry and regional development	NPB invites additional farm teams	NPB invited independent-league, JABA, and student-baseball organizations to participate in farm competition from 2024/25, tying farm structure to regional development.	https://bis.npb.or.jp/npb/farmleague_announcement_20230407.html	https://www.npb.or.jp/npb/careersupport2022enq.pdf	PRIMARY_OFFICIAL	VERIFIED_PRIMARY	CURRENT	A league can add developmental tiers and external participants without waiting for a club relocation.	farm tier/independent affiliation/development capacity	PW-149;PW-150;PW-151;PW-179;PW-180	PARTIAL_EXTENSION	HIGH	CONDITIONAL_RECURRING	MEDIUM	OWNER_CALIBRATION	HIGH	HIGH	Supports OPEN-08 but is not a new farm-system concept.
PNN-006	2026-01-01	2026-01-31	2026-08-24	East Asia	Japan	Japan Winter League	Japan Winter League; NPB; CPBL; KBO; JABA	Winter competition	Development	Cross-league scouting and data	Japan Winter League opens 2026 entry to players from multiple systems	The league describes eligibility across NPB, CPBL, KBO, JABA, independents, and youth players, plus TrackMan/BLAST data and international scouting; it reports past signings across several professional systems.	https://www.japanleague.co.jp/en/news/jwl-2026-entry-open	-	PRIMARY_OFFICIAL	VERIFIED_PRIMARY	CURRENT	A shared development market can transfer players, data, and evaluation knowledge across league boundaries.	winter league/scouting/data exchange	PW-145;PW-153;PW-168;PW-171;PW-179;PW-180	PARTIAL_EXTENSION	HIGH	RECURRING	MEDIUM	TOGGLE	MEDIUM	HIGH	Official league self-report; signing count is not independently audited here.
PNN-007	2013-06-25	2013-06-25	2026-08-24	East Asia	Japan	NPB	NPB	Rule review	Integrity and equipment	Unified-ball investigation	NPB commissions a third-party investigation into the unified ball	The official release documents a league-wide investigation into ball specifications and communication, showing how equipment policy can become a governance and trust issue.	https://npb.jp/npb/20130625release.html	https://npb.jp/npb/20160315release.html	PRIMARY_OFFICIAL	VERIFIED_PRIMARY	HISTORICAL	Equipment and rule transparency can affect trust, performance comparability, and governance.	ball/equipment governance/era calibration	PW-191;PW-201;PW-205;PW-213	PARTIAL_EXTENSION	MEDIUM	RARE_SYSTEMIC	MEDIUM	OWNER_CALIBRATION	MEDIUM	HIGH	No allegation about individual intent is inferred.
PNN-008	2018-06-04	2019-05-22	2026-08-24	North America/East Asia	United States/Japan	MLB/NPB	Atlanta Braves; SoftBank Hawks	Draft and overseas signing	Career path	Failed medical gate and alternate route	Carter Stewart was the 2018 No. 8 overall pick and later signed with SoftBank after a draft medical dispute	MLB reporting describes the failed physical/negotiation and subsequent Japanese professional route; the correct draft slot is No. 8 overall.	https://www.mlb.com/news/carter-stewart-pitcher-signs-japan.html	https://www.mlb.com/news/braves-unable-to-agree-with-carter-stewart-c284523030;https://www.mlb.jp/2019/05/22/26692/	PRIMARY_PLUS_SECONDARY	VERIFIED	HISTORICAL	A failed institutional gate can redirect a prospect into another professional ecosystem without ending the career.	draft medical/overseas route/reclamation reputation	PW-055;PW-094;PW-169;PW-171;PW-251	PARTIAL_EXTENSION	HIGH	CONDITIONAL_RECURRING	HIGH_IF_AUTOMATIC	TOGGLE	MEDIUM	HIGH	Owner example is preserved as a case, not a guaranteed generic outcome.
PNN-009	2024-01-01	2024-12-31	2026-08-24	North America/Caribbean	United States/Dominican Republic	MLB	San Francisco Giants; MLB academies	Development exchange	Player development	Academy immersion and knowledge transfer	Giants prospects visit the Dominican Republic academy system	MLB reporting describes an organization exposing US prospects to Dominican academy environments, a concrete example of cross-system development and cultural/knowledge exchange.	https://www.mlb.com/news/kyle-harrison-giants-prospects-visit-dominican-republic	https://www.mlb.com/trainer-partnership/dominican-republic	PRIMARY_OFFICIAL	VERIFIED_PRIMARY	HISTORICAL	Organizations can acquire development knowledge and player context through international academy exchange.	academy/staff knowledge capital/cultural adaptation	PW-145;PW-153;PW-157;PW-158;PW-171	PARTIAL_EXTENSION	MEDIUM	RECURRING	MEDIUM	TOGGLE	MEDIUM	MEDIUM	Public report does not expose internal outcome metrics.
PNN-010	2023-03-09	2023-03-09	2026-08-24	North America	United States/Canada	MLB/MiLB	MLB; MLBPA; umpires	Rule changes	In-game rules	Pitch timer, disengagement, shifts, and bases	MLB implements its 2023 rule package after minor-league testing	The official package describes pitch-timer, disengagement, shift-limit, and larger-base changes, with minor-league testing and measured effects.	https://www.mlb.com/press-release/press-release-mlb-announces-rule-changes-for-2023-season	https://www.mlb.com/rule-changes-2023/	PRIMARY_OFFICIAL	VERIFIED_PRIMARY	HISTORICAL	A league can test coupled rules in a lower tier and promote them with measurable interaction effects.	rule engine/skill price/era statistics	PW-117;PW-120;PW-190;PW-192;PW-193;PW-194	ALREADY_COVERED	HIGH	RECURRING	MEDIUM	TOGGLE	HIGH	HIGH	Third-pass OPEN-02/11/15 overlap is known.
PNN-011	2022-03-10	2022-03-10	2026-08-24	North America	United States/Canada	MLB	MLB; MLBPA	Collective bargaining	Labor and incentives	CBA incentive bundle	2022 CBA service-time and competitive mechanisms	The CBA package included minimum-salary changes, a pre-arbitration bonus pool, CBT thresholds, universal DH, draft lottery, service-time manipulation provisions, and optioning limits.	https://www.mlb.com/news/mlb-mlbpa-agree-to-cba	https://www.mlbplayers.com/resources/major-league-cba	PRIMARY_OFFICIAL	VERIFIED_PRIMARY	HISTORICAL	Labor terms alter promotion timing, payroll incentives, draft order, and roster control.	CBA/labor bargaining/service time	PW-121;PW-122;PW-125;PW-130;PW-197;PW-198;PW-229	ALREADY_COVERED	HIGH	CONDITIONAL_RECURRING	HIGH_IF_AUTOMATIC	OWNER_CALIBRATION	HIGH	HIGH	Do not import proposed 2026 terms as enacted rules.
PNN-012	2024-12-11	2024-12-11	2026-08-24	North America	United States/Canada	MLB	MLB; MLB clubs	Rule 5 Draft	Roster rights	40-man protection and mandatory retention	Rule 5 eligibility exposes unprotected players to another club under retention conditions	MLB’s glossary describes eligibility and the roster/retention consequences of the Rule 5 Draft.	https://www.mlb.com/glossary/transactions/rule-5-draft	https://www.mlb.com/news/mlb-mlbpa-agree-to-cba	PRIMARY_OFFICIAL	VERIFIED_PRIMARY	CURRENT	Roster rights can force a club to choose between protection, exposure, and development time.	roster rights/waiver/options/service time	PW-060;PW-061;PW-197;PW-198;PW-239;PW-256	ALREADY_COVERED	HIGH	RECURRING	HIGH_IF_AUTOMATIC	DEFAULT	MEDIUM	HIGH	Explicit third-pass OPEN-07 is not new.
PNN-013	2022-12-06	2022-12-06	2026-08-24	North America	United States/Canada	MLB	MLB; PwC	Amateur Draft	Draft order	Lottery and competitive balance	First MLB draft lottery	The 2023 draft order used a lottery among 18 non-playoff clubs with a stated audit and revenue-sharing-related odds structure.	https://www.mlb.com/news/how-the-mlb-draft-lottery-works	https://www.mlb.com/news/2023-mlb-draft-order	PRIMARY_OFFICIAL	VERIFIED_PRIMARY	HISTORICAL	Draft order can be probabilistic and policy-shaped rather than a simple reverse standings list.	draft lottery/tank incentive/competitive balance	PW-055;PW-056;PW-057;PW-195;PW-196;PW-198	ALREADY_COVERED	HIGH	RECURRING	MEDIUM	DEFAULT	MEDIUM	HIGH	Evidence supports existing draft uncertainty and governance.
PNN-014	2022-03-10	2022-03-10	2026-08-24	North America	United States/Canada	MLB	MLB; MLBPA	Prospect Promotion Incentive	Career timing	Promotion incentives tied to awards and rookie status	The PPI can give clubs draft-pick benefits for promoting prospects who later meet award or roster criteria	MLB’s explainer describes a CBA mechanism linking early promotion and future draft compensation to performance/award outcomes.	https://www.mlb.com/dodgers/news/prospect-promotion-incentive-faq	https://www.mlb.com/news/major-league-baseball-distributes-bonuses-through-pre-arbitration-pool-program	PRIMARY_OFFICIAL	VERIFIED_PRIMARY	HISTORICAL	Career timing can be affected by a club’s option value, award probability, and draft compensation.	promotion timing/award/roster incentive	PW-074;PW-095;PW-197;PW-198;PW-213	PARTIAL_EXTENSION	HIGH	RECURRING	HIGH_IF_AUTOMATIC	OWNER_CALIBRATION	HIGH	HIGH	Partial because the explicit award-linked club incentive is not fully specified in the canonical rows.
PNN-015	2021-09-09	2021-09-09	2026-08-24	North America	United States	MLB/MiLB	MLB; 120 minor-league clubs	Minor League structure	Development	Professional development system reorganization	MLB describes a new professional development structure with 120 affiliated minor-league clubs and improved player conditions	The reorganization changed affiliation, facilities, salary, and travel expectations across the player-development system.	https://www.mlb.com/news/new-minor-league-baseball-structure	https://www.mlb.com/news/minor-league-baseball-has-successful-2021-season	PRIMARY_OFFICIAL	VERIFIED_PRIMARY	HISTORICAL	A league can reconfigure developmental tiers and operating standards at scale.	farm tier/cost/travel/facility/development capacity	PW-149;PW-150;PW-151;PW-165;PW-180	PARTIAL_EXTENSION	HIGH	RARE_SYSTEMIC	MEDIUM	OWNER_CALIBRATION	HIGH	HIGH	Supports OPEN-08; not a new farm concept.
PNN-016	1994-08-11	1994-09-14	2026-08-24	North America	United States/Canada	MLB	MLB; MLBPA	Work stoppage	Labor and history	1994 strike cancels postseason	The 1994 work stoppage ended the season and canceled the postseason after 948 games had been missed	MLB historical material records the canceled postseason and wider competitive/financial effects.	https://www.mlb.com/postseason/history/1994	https://www.mlb.com/amp/news/timeline-of-recent-cba-negotiations	PRIMARY_OFFICIAL	VERIFIED_PRIMARY	HISTORICAL	Labor conflict can change the calendar, records, revenue, and legacy layer all at once.	labor stoppage/calendar/records/legacy	PW-121;PW-122;PW-181;PW-213;PW-214;PW-216	ALREADY_COVERED	HIGH	RARE_SYSTEMIC	HIGH_IF_AUTOMATIC	DEFAULT_RARE	HIGH	HIGH	Explicit third-pass OPEN-13 is not new.
PNN-017	2015-01-01	2015-12-31	2026-08-24	North America	United States/Canada	MLB	MLB; Statcast	Tracking technology	Information and development	Statcast installed across MLB parks	MLB describes Statcast rollout and its expansion of tracked movement, speed, and batted-ball information	Statcast became a league-wide measurement layer, changing scouting, broadcast, and development feedback.	https://www.mlb.com/glossary/statcast	https://www.mlb.com/news/major-league-baseballs-statcast-glossary-of-terms-of-state-of-the-art-tracking-technology/c-150784778	PRIMARY_OFFICIAL	VERIFIED_PRIMARY	HISTORICAL	A measurement layer can alter knowledge asymmetry and development without changing the rules.	scouting fog/data capital/player development	PW-145;PW-153;PW-154;PW-155;PW-157;PW-158	PARTIAL_EXTENSION	HIGH	RECURRING	MEDIUM	TOGGLE	HIGH	HIGH	Supports OPEN-15/18; no vendor mechanics inferred.
PNN-018	2020-01-01	2023-12-31	2026-08-24	North America	United States/Canada	MLB	MLB; Hawk-Eye	Tracking technology	Bat and pitch measurement	Feedback-loop expansion	Hawk-Eye and bat tracking expand the tracked skill set	MLB technology material describes Hawk-Eye adoption and later bat-tracking expansion, widening the feedback loop from pitch movement to swing decisions.	https://www.mlb.com/glossary/statcast	https://www.mlb.com/news/10-tech-advances-that-changed-how-we-watch-sports/c-119198466	PRIMARY_OFFICIAL	VERIFIED_PRIMARY	HISTORICAL	New measurements can create new training priorities and repriced skill profiles.	technology adoption/skill repricing/staff knowledge	PW-145;PW-154;PW-155;PW-158	PARTIAL_EXTENSION	HIGH	RECURRING	MEDIUM	TOGGLE	HIGH	MEDIUM	Event date is a bounded technology-adoption band.
PNN-019	2023-01-01	2024-12-31	2026-08-24	North America	United States/Canada	MLB/MiLB	MLB; umpires	ABS testing	Officiating and rules	Automated ball-strike testing in the minors	MLB’s rule-change and minor-league material describes ABS testing and comparison of challenge/full-use formats	The lower-tier test environment allows rule and human-judgment tradeoffs to be observed before a league-wide choice.	https://www.mlb.com/rule-changes-2023/	https://www.mlb.com/press-release/press-release-mlb-announces-rule-changes-for-2023-season	PRIMARY_OFFICIAL	VERIFIED_PRIMARY	HISTORICAL	Rule adoption can be staged, compared, and contested rather than switched on universally.	abs/challenge mode/umpire labor	PW-190;PW-192;PW-193;PW-205	PARTIAL_EXTENSION	HIGH	CONDITIONAL_RECURRING	MEDIUM	TOGGLE	HIGH	HIGH	Supports OPEN-18.
PNN-020	2026-01-01	2026-12-31	2026-08-24	North America	United States/Canada	MLB	MLB; MLBPA; umpires	ABS transition	Officiating and rules	Current ABS implementation context	Current MLB season reporting and rules material place ABS within an active transition where scope, challenge, and human-official roles matter	The event is recorded as a current design context, not as a settled timeless rule.	https://www.mlb.com/rule-changes-2023/	https://www.mlbplayers.com/resources/major-league-cba	PRIMARY_PLUS_SECONDARY	CURRENT_STATUS_CHECK	CURRENT_AS_OF_2026	A live rule transition can create era-specific strategy and labor calibration.	abs transition/era rules/officials	PW-190;PW-192;PW-193;PW-205	PARTIAL_EXTENSION	HIGH	CONDITIONAL_RECURRING	HIGH_IF_AUTOMATIC	OWNER_CALIBRATION	HIGH	MEDIUM	Current-state facts must be reverified before implementation.
PNN-021	2023-07-12	2023-07-12	2026-08-24	East Asia	South Korea	KBO	KBO	2nd Draft	Transactions	Protected-player redistribution	KBO revives the 2nd Draft after Future FA failed to create enough movement	The KBO notice describes the return of the 2nd Draft, protected-player limits, reverse-order rounds, compensation fees, and first-team registration conditions.	https://www.koreabaseball.com/MediaNews/Notice/View.aspx?bdSe=8750	https://www.koreabaseball.com/MediaNews/Notice/View.aspx?bdSe=9894	PRIMARY_OFFICIAL	VERIFIED_PRIMARY	HISTORICAL	A league can revise a mobility mechanism after observing that a prior mechanism produced too little movement.	active draft/second draft/protection/compensation	PW-236;PW-237;PW-238;PW-239;PW-240	ALREADY_COVERED	HIGH	CONDITIONAL_RECURRING	MEDIUM	DEFAULT_RARE	HIGH	HIGH	A strong known-domain comparator, not a new candidate.
PNN-022	2013-05-07	2015-01-01	2026-08-24	East Asia	South Korea	KBO	NC Dinos; KT Wiz; KBO	Expansion	Governance and market	League adds NC and KT	KBO approved NC as the 9th club and KT as the 10th, with different founding and first-team timelines	Expansion creates new roster demand, farm structures, facilities, and regional identity rather than merely adding a buff to an existing club.	https://en.yna.co.kr/view/AEN20130507003400315	https://eng.koreabaseball.com/Teams/TeamInformation.aspx;https://www.ktwiz.co.kr/ktwiz/history	PRIMARY_PLUS_SECONDARY	VERIFIED	HISTORICAL	Expansion changes league topology, player demand, and local-market development capacity.	league expansion/roster demand/farm/stadium	PW-165;PW-179;PW-180;PW-247;PW-248	ALREADY_COVERED	HIGH	RARE_SYSTEMIC	MEDIUM	OWNER_CALIBRATION	HIGH	HIGH	Do not encode new clubs as permanent strength advantages.
PNN-023	2024-01-01	2026-12-31	2026-08-24	East Asia	South Korea	KBO	Sangmu; KBO Futures	Military service	Career interruption	Sangmu and Futures route	Players use the military Sangmu/Futures route and return to professional baseball	Korean reporting describes a player returning after military service and playing in the Futures League, showing service as an interruption plus development route.	https://www.koreajoongangdaily.com/sports/ssg-landers-infielder-jeon-euisan-returns-from-military-service-with-a-new-mindset/12756821	https://www.yna.co.kr/view/AKR20191202105200007	SECONDARY_WITH_OFFICIAL_CONTEXT	SECONDARY_CONFIRMED	CURRENT	A state-imposed career clock can interrupt, develop, and reprice a player’s path.	mandatory service/Futures/development/career clock	PW-074;PW-149;PW-168;PW-171;PW-242	PARTIAL_EXTENSION	HIGH	RECURRING	HIGH_IF_AUTOMATIC	TOGGLE	HIGH	MEDIUM	Open-09/17 overlap; no country-specific legal rule is proposed.
PNN-024	2026-01-01	2026-12-31	2026-08-24	East Asia	Taiwan	CPBL	CPBL	Roster rules	Foreign-player market	Foreign-player registration and active limits	CPBL structure material describes registered and active foreign-player limits and a seasonal registration deadline	Roster slots and deadlines create a scarce foreign-player market with replacement and adaptation decisions.	https://www.cpbl.com.tw/about/structure	https://cpbl.com.tw/theme/client/download/聯盟規章.pdf	PRIMARY_OFFICIAL	CURRENT_STATUS_CHECK	CURRENT_AS_OF_2026	Foreign-player slots are a bounded resource whose value changes with injuries, performance, and calendar deadlines.	foreign roster/registration/deadline	PW-168;PW-172;PW-256	PARTIAL_EXTENSION	HIGH	RECURRING	HIGH_IF_AUTOMATIC	OWNER_CALIBRATION	MEDIUM	HIGH	Season-specific numbers require revalidation.
PNN-025	2026-01-01	2026-12-31	2026-08-24	East Asia	Taiwan	CPBL	CPBL	Draft	Amateur eligibility	Military timing and domestic-player eligibility	CPBL draft registration material links eligibility to military timing and schooling/residence conditions	Formal entry classification can change who counts as domestic and when a player is eligible to enter.	https://record.cpbl.com.tw/CPBL_Register/SignUpDefault.aspx	https://www.cpbl.com.tw/about/structure	PRIMARY_OFFICIAL	CURRENT_STATUS_CHECK	CURRENT_AS_OF_2026	Eligibility categories create non-obvious entry gates for international and domestic talent.	draft eligibility/foreign status/amateur route	PW-055;PW-168;PW-172;PW-256	PARTIAL_EXTENSION	MEDIUM	RECURRING	HIGH_IF_AUTOMATIC	OWNER_CALIBRATION	HIGH	MEDIUM	This is a rule input, not a recommendation to reproduce local law.
PNN-026	2024-01-01	2024-12-31	2026-08-24	East Asia	Taiwan	CPBL	CPBL	Roster ruling	Foreign-player market	Foreign-player status exception	CPBL publishes a case where a foreign player’s status changed under an eligibility exception	A formal status ruling can alter whether a player consumes a foreign-player slot, changing club roster options.	https://cpbl.com.tw/news/cont?sid=0O304543053163371193	https://www.cpbl.com.tw/about/structure	PRIMARY_OFFICIAL	VERIFIED_PRIMARY	HISTORICAL	Eligibility rulings can reprice a roster slot for one player without changing the whole league rule.	status ruling/roster slot/precedent	PW-168;PW-172;PW-256	PARTIAL_EXTENSION	MEDIUM	RARE_SYSTEMIC	HIGH_IF_AUTOMATIC	OWNER_CALIBRATION	MEDIUM	HIGH	Keep as an edge-case design challenge, not a universal exception.
PNN-027	2018-12-19	2018-12-19	2026-08-24	Caribbean	Cuba	MLB/Cuban Federation	MLB; FCB	Player agreement	International access	Legal player pathway agreement	MLB announced an agreement intended to let Cuban players sign through a formal release and contract pathway	The agreement described a safer, legal route with federation release, contract, visas, and family/return provisions.	https://www.mlb.com/news/mlb-announces-deal-with-cuban-federation-c302036110	https://www.mlb.com/es/news/terminos-clave-del-nuevo-acuerdo-entre-mlb-y-la-federacion-cubana-c302037998	PRIMARY_OFFICIAL	VERIFIED_PRIMARY	HISTORICAL	Player access can be governed by a cross-institution agreement rather than club choice alone.	international agreement/player pathway/visa	PW-168;PW-169;PW-171;PW-172;PW-173	PARTIAL_EXTENSION	HIGH	CONDITIONAL_RECURRING	HIGH_IF_AUTOMATIC	OWNER_CALIBRATION	HIGH	HIGH	No personal political inference.
PNN-028	2019-04-09	2019-04-09	2026-08-24	Caribbean	Cuba/United States	MLB/Cuban Federation	MLB; FCB	Player agreement	International access	Agreement reversal	The 2018 Cuba pathway was later canceled by the US administration	Secondary reporting describes the institutional reversal, demonstrating that an opened player route can close before becoming stable.	https://www.axios.com/2019/04/09/mlb-cuba-trump-administration-trafficking	https://www.mlb.com/news/mlb-announces-deal-with-cuban-federation-c302036110	SECONDARY_WITH_PRIMARY_CONTEXT	SECONDARY_CONFIRMED	HISTORICAL	External policy can reverse a player-access route and strand planning assumptions.	institutional gate reversal/player market	PW-168;PW-169;PW-172;PW-173	PARTIAL_EXTENSION	HIGH	RARE_SYSTEMIC	HIGH_IF_AUTOMATIC	TOGGLE	HIGH	MEDIUM	Use as an uncertainty mechanism, not as a political event simulator.
PNN-029	2019-01-01	2026-12-31	2026-08-24	Caribbean	Dominican Republic	MLB	MLB; 30 clubs; academies	Amateur scouting	Development	Shared academy and scouting infrastructure	MLB describes trainer-partnership and amateur scouting structures in the Dominican Republic, including shared league-wide processes	International amateur discovery can be mediated by academies, trainers, age rules, and common scouting infrastructure.	https://www.mlb.com/trainer-partnership/dominican-republic	https://www.mlb.com/amp/news/mlb-amateur-scouting-league-faq.html	PRIMARY_OFFICIAL	VERIFIED_PRIMARY	CURRENT	A regional development ecosystem can lower discovery friction while increasing competition for early talent.	academy/scouting/age eligibility/global pipeline	PW-145;PW-153;PW-168;PW-171;PW-179	PARTIAL_EXTENSION	HIGH	RECURRING	HIGH_IF_AUTOMATIC	TOGGLE	HIGH	HIGH	Current process details require periodic recheck.
PNN-030	2018-03-01	2018-03-01	2026-08-24	Latin America	Mexico	MLB/LMB	MLB; Mexican League	Transfer agreement	Transactions	Qualified Mexican League player transfer	MLB and the Mexican League announced a player-transfer agreement with age and professional-service conditions	A league-to-league agreement can provide a defined route for qualified players to sign in MLB.	https://www.mlb.com/press-release/mlb-mexican-baseball-league-agree-on-player-transfers	https://lmb.com.mx/noticias/cambios-en-reglas-para-la-temporada-2024	PRIMARY_OFFICIAL	VERIFIED_PRIMARY	HISTORICAL	Cross-league eligibility can be formalized with thresholds rather than ad hoc negotiation.	transfer agreement/eligibility/service time	PW-168;PW-169;PW-171;PW-172	ALREADY_COVERED	MEDIUM	CONDITIONAL_RECURRING	MEDIUM	TOGGLE	MEDIUM	HIGH	Known international-market domain.
PNN-031	2024-01-01	2024-12-31	2026-08-24	Latin America	Mexico	LMB	Mexican League	Rule changes	League governance	2024 LMB rule changes	The Mexican League published rule changes affecting competition and roster/game operations	League rule adjustments can be tested or adopted locally without being identical to MLB or NPB.	https://lmb.com.mx/noticias/cambios-en-reglas-para-la-temporada-2024	https://www.milb.com/news/lmb-cambios-en-reglas-para-la-temporada-2024	PRIMARY_PLUS_SECONDARY	VERIFIED	HISTORICAL	Multiple leagues can diverge in rule timing, producing different player incentives and statistics.	league rule variation/era comparison	PW-190;PW-191;PW-193;PW-213	PARTIAL_EXTENSION	MEDIUM	RECURRING	MEDIUM	TOGGLE	MEDIUM	MEDIUM	Specific changes are not generalized beyond the documented rule family.
PNN-032	2024-01-01	2024-02-01	2026-08-24	Caribbean	Cuba	Independent tournament	FEPCUBE	International competition	Governance	Independent Cuban team tournament canceled	AP reported that a proposed independent Cuban team tournament was canceled after pressure and logistical controversy	The case is retained as a low-confidence example of a contested route outside the established federation system.	https://apnews.com/article/ecd17ce8baccdcf6efbc5d080c7af6ff	-	SECONDARY_ONLY	INSUFFICIENT_EVIDENCE	HISTORICAL	An alternative competition route can fail before it becomes a stable player pathway.	independent competition/access gate	PW-168;PW-181;PW-182	INSUFFICIENT_EVIDENCE	LOW	RARE_SYSTEMIC	HIGH_IF_AUTOMATIC	EVIDENCE_ONLY	MEDIUM	LOW	Not used for a candidate; retain only as a bounded blind spot.
PNN-033	2024-01-01	2024-12-31	2026-08-24	Europe	Europe	WBSC Europe	WBSC Europe	Champions League Europe	Competition structure	Promotion and relegation	WBSC Europe competition documents connect Champions League Europe with lower cups and movement	The competition structure creates a tiered path with promotion/relegation rather than a closed single league.	https://static.wbsc.org/uploads/federations/278/cms/documents/30474e8e-3ac7-f1d6-ee6a-08065ba10eeb.pdf	https://static.wbsc.org/uploads/federations/0/cms/documents/80d35403-60ff-f021-4f4a-3e61cabf4dbd.pdf	PRIMARY_OFFICIAL	VERIFIED_PRIMARY	HISTORICAL	International club competition can use tier movement to build a regional ecosystem.	promotion/relegation/international club market	PW-179;PW-180;PW-181	PARTIAL_EXTENSION	MEDIUM	RECURRING	MEDIUM	TOGGLE	HIGH	HIGH	Specific European structure is evidence for an abstract tier mechanism.
PNN-034	2024-01-01	2024-12-31	2026-08-24	Africa	Africa	WBSC	WBSC; African federations	Development program	Global development	Targeted development funding	WBSC’s development report describes funding and support for African qualifiers and competitions	Regional support can change the feasibility of competition and player development before a mature professional market exists.	https://static.wbsc.org/uploads/federations/0/cms/documents/80d35403-60ff-f021-4f4a-3e61cabf4dbd.pdf	https://static.wbsc.org/uploads/federations/282/cms/documents/b12a4a98-73b9-9f27-689f-ab029d1e2ef1.pdf	PRIMARY_OFFICIAL	VERIFIED_PRIMARY	HISTORICAL	Development funding is an external input that can create or sustain a regional baseball pipeline.	development funding/global pipeline	PW-179;PW-180;PW-185	PARTIAL_EXTENSION	MEDIUM	CONDITIONAL_RECURRING	LOW	OWNER_CALIBRATION	MEDIUM	HIGH	No national quality ranking inferred.
PNN-035	2023-01-01	2023-12-31	2026-08-24	Oceania	Fiji/Japan	WBSC Oceania	Fiji Baseball; Japanese universities	Development exchange	Global development	Fiji–Japan exchange and Oceania network	WBSC Oceania reporting describes exchange, clinics, Baseball5, and regional qualification/development networks	An exchange can transfer coaching and participation capacity across a small federation network.	https://static.wbsc.org/uploads/federations/282/cms/documents/b12a4a98-73b9-9f27-689f-ab029d1e2ef1.pdf	https://static.wbsc.org/uploads/federations/282/cms/documents/102a51ba-e5a3-2847-6176-4c0c26166286.pdf	PRIMARY_OFFICIAL	VERIFIED_PRIMARY	HISTORICAL	Networked development can be modeled as relationship and knowledge capital, not only player ratings.	academy/exchange/knowledge capital	PW-145;PW-157;PW-179;PW-185	PARTIAL_EXTENSION	MEDIUM	RECURRING	LOW	TOGGLE	MEDIUM	HIGH	Small-sample reports; mechanism only.
PNN-036	2024-08-01	2024-08-04	2026-08-24	Oceania	Guam/New Zealand	WBSC Oceania	Guam Baseball; NZ Baseball	U-15 qualifier	Calendar and weather	Weather-shortened series	A WBSC notice says weather changed a planned best-of-five into best-of-three and Guam qualified	Weather can alter format, schedule, and advancement without changing player ability.	https://www.wbsc.org/en/events/2024-vi-u15-baseball-world-cup/news/guam-confirmed-as-oceania-u-15-champions-qualify-for-vi-u15-baseball-world-cup	-	PRIMARY_OFFICIAL	VERIFIED_PRIMARY	HISTORICAL	Environmental conditions can cause bounded rescheduling and format changes.	weather/fixture/calendar/qualification	PW-181;PW-182;PW-190	PARTIAL_EXTENSION	MEDIUM	CONDITIONAL_RECURRING	MEDIUM	DEFAULT_RARE	MEDIUM	HIGH	Supports OPEN-10 and OPEN-11, not a new weather system.
PNN-037	2020-12-01	2021-01-31	2026-08-24	Oceania	Australia	ABL	Baseball Australia; ABL	ABL season	Calendar and business	COVID cancellation and playoff redesign	Baseball Australia changed the ABL schedule/playoff format and later had a lost season during COVID disruption	A league can change format, extend or cancel a season, and resume with altered calendar assumptions.	https://baseball.com.au/news/playoff-format-revealed-season-extended/	https://baseball.com.au/the-claxton-shield/;https://baseball.com.au/events/2020-australian-senior-league-championship/	PRIMARY_PLUS_SECONDARY	VERIFIED	HISTORICAL	External shocks can alter competition continuity, revenue, and player contracts.	calendar/shock/rescheduling/league continuity	PW-181;PW-182;PW-247	ALREADY_COVERED	HIGH	RARE_SYSTEMIC	HIGH_IF_AUTOMATIC	DEFAULT_RARE	HIGH	HIGH	Explicit OPEN-10/13/20 overlap.
PNN-038	2023-03-08	2023-03-21	2026-08-24	Global	Multiple	World Baseball Classic	MLB; WBSC; national federations	WBC	International competition	Attendance and visibility spike	MLB reported first-round WBC attendance above one million and major increases over 2017	A tournament can produce a temporary cross-country visibility and relationship signal without becoming a club payroll rule.	https://www.mlb.com/amp/press-release/press-release-2023-world-baseball-classic-first-round-sets-records-in-attendance.html	https://www.baseballjapan.org/system/prog/news.php?i=1914&l=e	PRIMARY_OFFICIAL	VERIFIED_PRIMARY	HISTORICAL	International events create attention and selection value that can feed back into reputation and market demand.	tournament visibility/national-team/reputation	PW-181;PW-182;PW-183;PW-184;PW-185;PW-243;PW-257	ALREADY_COVERED	HIGH	RECURRING	MEDIUM	TOGGLE	MEDIUM	HIGH	No claim that attendance equals permanent globalization.
PNN-039	2021-07-23	2021-08-07	2026-08-24	Global	Japan	Olympics	NPB; WBSC; IOC	Tokyo 2020	International competition	League-season interaction	Tokyo Olympics required NPB season interaction and produced new baseball participant outcomes	WBSC facts document NPB schedule interaction, six-team competition, debuts, and Japan’s first Olympic baseball gold	static.wbsc.org/assets/cms/documents/c60a0c6b-29e6-2df2-d395-074f32dcaee2.pdf	https://www.baseballjapan.org/system/prog/news.php?i=1914&l=e	PRIMARY_OFFICIAL	VERIFIED_PRIMARY	HISTORICAL	A tournament can create workload, schedule, roster-release, and national-legacy effects simultaneously.	tournament load/schedule/national legacy	PW-181;PW-182;PW-183;PW-185;PW-186;PW-243	ALREADY_COVERED	HIGH	RECURRING	HIGH_IF_AUTOMATIC	TOGGLE	HIGH	HIGH	Olympic facts are historical; future qualification remains separate.
PNN-040	2024-11-09	2024-11-24	2026-08-24	Global	Multiple	WBSC Premier12	WBSC; national federations	Premier12	International competition	Professional-national team bridge	Premier12 provides a senior international event connecting professional players, national teams, and federation ranking	The official team/event pages show the tournament as a distinct global competition layer.	https://www.wbsc.org/en/events/2024-premier12/teams/28962	https://www.baseballjapan.org/system/prog/news.php?i=1914&l=e	PRIMARY_OFFICIAL	VERIFIED_PRIMARY	HISTORICAL	International competition can have different roster, timing, and meaning from the WBC or Olympics.	tournament calendar/load/relationship carryover	PW-181;PW-182;PW-184;PW-185;PW-243	ALREADY_COVERED	MEDIUM	RECURRING	MEDIUM	TOGGLE	MEDIUM	HIGH	Existing international toggle remains authoritative.
PNN-041	2023-10-16	2023-10-16	2026-08-24	Global	United States	Olympics	IOC; MLB; WBSC	LA 2028	International competition	Olympic return	MLB reported baseball and softball will return to the 2028 Olympics	The Olympic calendar can return after absence, creating a future tournament-load and qualification state.	https://www.mlb.com/news/baseball-softball-returning-to-2028-olympics	https://www.wbsc.org/en/events/2024-premier12/teams/28962	PRIMARY_OFFICIAL	VERIFIED_PRIMARY	HISTORICAL	Tournament availability itself is a schedule/configuration variable over eras.	tournament availability/qualification	PW-181;PW-182;PW-185;PW-186	ALREADY_COVERED	MEDIUM	CONDITIONAL_RECURRING	MEDIUM	TOGGLE	MEDIUM	HIGH	Evidence for existing toggleable tournament design.
PNN-042	2026-03-05	2026-03-17	2026-08-24	Global	Multiple	World Baseball Classic	MLB; WBSC; national federations	2026 WBC	International competition	Viewership	2026 WBC final viewership report	MLB reported a large global audience for the 2026 WBC final, a current visibility signal for the international layer; the event is recorded as current as of the research date and separated from the 2023 attendance result.	https://www.mlb.com/news/2026-world-baseball-classic-final-viewership-numbers	https://www.mlb.com/amp/press-release/press-release-2023-world-baseball-classic-first-round-sets-records-in-attendance.html	PRIMARY_OFFICIAL	CURRENT_STATUS_CHECK	CURRENT_AS_OF_2026	International visibility can be volatile and should not be treated as a permanent market coefficient.	tournament visibility/media/reputation	PW-181;PW-183;PW-184;PW-243	ALREADY_COVERED	MEDIUM	RECURRING	MEDIUM	TOGGLE	MEDIUM	HIGH	Date and figures should be rechecked if the research date changes.
PNN-043	2023-03-30	2023-03-30	2026-08-24	East Asia	Japan	NPB	Hokkaido Nippon-Ham Fighters	ES CON Field	Business and stadium	Relocation and village	Fighters open ES CON Field and a surrounding village	Official Fighters and corporate material describe the new ballpark and an integrated business/tourism/community model after relocation; the club’s revenue model includes ticketing, merchandise, food and beverage, broadcast, sponsorship, and wider village activity.	https://www.fighters.co.jp/expansion/mail/2023/03/0330/index.html	https://www.nipponham.co.jp/eng/ir/library/annual/pdf/2023_annual/annual2023all_e.pdf;https://www.fighters.co.jp/news/detail/202300430685.html	PRIMARY_PLUS_SECONDARY	VERIFIED	HISTORICAL	Stadium investment changes club identity, local demand, costs, and non-win revenue.	stadium/attendance/local market/business	PW-141;PW-142;PW-143;PW-144;PW-165;PW-247	PARTIAL_EXTENSION	HIGH	RARE_SYSTEMIC	MEDIUM	OWNER_CALIBRATION	HIGH	HIGH	Business model is reported by the owner; causality remains a design question.
PNN-044	2023-01-01	2023-12-31	2026-08-24	East Asia	Japan	NPB	NPB	Attendance	Business and media	League attendance signal	NPB publishes official 2023 attendance statistics	Attendance provides a public demand signal but is not identical to profit, local identity, or competitive quality.	https://npb.jp/statistics/2023/attendance.html	https://www.nipponham.co.jp/eng/ir/library/annual/pdf/2025_annual/annual2025all_e.pdf	PRIMARY_OFFICIAL	VERIFIED_PRIMARY	HISTORICAL	Demand and reputation can be tracked separately from wins and payroll.	attendance/popularity/media/business	PW-141;PW-142;PW-143;PW-165;PW-247	ALREADY_COVERED	MEDIUM	RECURRING	LOW	DEFAULT	LOW	HIGH	Evidence only; no linear attendance formula added.
PNN-045	2023-02-15	2024-03-01	2026-08-24	North America	United States	MLB	Diamond Sports; MLB clubs	Media rights	Business and media	Regional sports network bankruptcy	Diamond Sports entered bankruptcy/reorganization, putting local sports-media distribution and payments under pressure	The failure creates a club/league revenue and visibility shock independent of on-field results.	https://www.apnews.com/article/2fecf6ba41a7d9994a15c8584858589d	https://www.mlb.com/press-release/press-release-mlb-to-produce-distribute-arizona-diamondbacks-games-july-18-2023	SECONDARY_WITH_PRIMARY_CONTEXT	SECONDARY_CONFIRMED	HISTORICAL	Media-rights insolvency can change club resources and fan access midstream.	media rights/revenue shock/local distribution	PW-141;PW-143;PW-144;PW-247	PARTIAL_EXTENSION	HIGH	RARE_SYSTEMIC	MEDIUM	OWNER_CALIBRATION	HIGH	MEDIUM	AP is used for bankruptcy context; MLB release provides response.
PNN-046	2023-07-18	2023-07-18	2026-08-24	North America	United States	MLB	MLB; Arizona Diamondbacks	Media production	Business and media	League produces local games after network failure	MLB announced production/distribution of Diamondbacks games after local network disruption	A league can become a temporary media operator to preserve access and revenue continuity.	https://www.mlb.com/press-release/press-release-mlb-to-produce-distribute-arizona-diamondbacks-games-july-18-2023	https://www.apnews.com/article/2fecf6ba41a7d9994a15c8584858589d	PRIMARY_OFFICIAL	VERIFIED_PRIMARY	HISTORICAL	Institutional fallback capacity can prevent a media shock from becoming a total schedule/visibility collapse.	media fallback/league operations/revenue	PW-141;PW-143;PW-144;PW-247	PARTIAL_EXTENSION	HIGH	CONDITIONAL_RECURRING	MEDIUM	OWNER_CALIBRATION	HIGH	HIGH	Strong partial candidate input; implementation should stay abstract.
PNN-047	2023-12-09	2023-12-09	2026-08-24	North America	United States	MLB	Los Angeles Dodgers; Shohei Ohtani	Free agency	Contracts	Deferred mega-contract	Ohtani signs a ten-year $700 million contract with large deferrals	MLB reporting describes a contract whose payment timing materially differs from headline value, affecting payroll accounting and future flexibility.	https://www.mlb.com/news/angels-decline-to-discuss-negotiations-with-shohei-ohtani	https://www.mlb.com/news/shohei-ohtani-dodgers-deal-deferrals-explained	PRIMARY_PLUS_SECONDARY	VERIFIED	HISTORICAL	Nominal contract value, cash timing, payroll accounting, and competitive windows can diverge.	contract deferral/payroll/window	PW-108;PW-111;PW-112;PW-121;PW-123;PW-142	PARTIAL_EXTENSION	HIGH	RARE_SYSTEMIC	HIGH_IF_AUTOMATIC	OWNER_CALIBRATION	HIGH	HIGH	Use generalized contract timing only; do not hardcode a named person.
PNN-048	2024-02-14	2024-02-14	2026-08-24	North America	United States	MLB	Los Angeles Dodgers; Shohei Ohtani	Contract clause	Contracts	Personnel-linked opt-out report	AP reported a reported opt-out condition linked to future ownership/personnel decisions	The report is treated as secondary and illustrates that contract clauses can encode governance contingencies, not just salary and years.	https://apnews.com/article/3fe44e39efc42674f75b5233cc01b149	https://www.mlb.com/news/mlb-offseason-dates-rules-and-terms	SECONDARY_ONLY	SECONDARY_CONFIRMED	HISTORICAL	A contract can condition player control on club governance or personnel states.	contract clause/owner/personnel/opt-out	PW-108;PW-111;PW-112;PW-124	PARTIAL_EXTENSION	MEDIUM	RARE_SYSTEMIC	HIGH_IF_AUTOMATIC	OWNER_CALIBRATION	HIGH	MEDIUM	Do not treat the reported clause as a universal contract template.
PNN-049	2018-11-19	2018-11-19	2026-08-24	East Asia/North America	Japan/United States	NPB/MLB	NPB; MLB	Posting system	Transactions	Current Japanese posting mechanics	MLB’s transaction glossary describes the modern Japanese posting path, release fee formula, and negotiation period	The modern system demonstrates that the same cross-league path can be revised over time while preserving a gated transfer mechanism.	https://www.mlb.com/glossary/transactions/japanese-posting-system?lid=6p0p2xmvne0y	https://www.mlb.com/news/mlb-npb-reach-agreement-on-posting-system/c-66013956	PRIMARY_OFFICIAL	VERIFIED_PRIMARY	HISTORICAL	Transfer rules are era-sensitive and can change club/player bargaining power.	posting/fee formula/negotiation clock	PW-103;PW-104;PW-169;PW-172;PW-236;PW-242	ALREADY_COVERED	HIGH	CONDITIONAL_RECURRING	HIGH_IF_AUTOMATIC	TOGGLE	MEDIUM	HIGH	Duplicate mechanism across eras is intentionally not a new candidate.
PNN-050	2024-10-01	2024-10-31	2026-08-24	North America	United States	MLB	MLB; MLBPA; clubs	Contracts	Contracts	Options, opt-outs, and club/player control	MLB’s offseason rules explain player, club, mutual, and vesting options plus opt-out structures	Contract control can change at milestones rather than at one signing date.	https://www.mlb.com/news/mlb-offseason-dates-rules-and-terms	https://www.mlbplayers.com/resources/major-league-cba	PRIMARY_OFFICIAL	VERIFIED_PRIMARY	CURRENT	Contract clauses create branching career states and negotiation timing.	contract options/opt-outs/vesting	PW-108;PW-109;PW-110;PW-111;PW-112;PW-114	ALREADY_COVERED	HIGH	RECURRING	MEDIUM	OWNER_CALIBRATION	MEDIUM	HIGH	Evidence for existing contract-clause system.
PNN-051	1919-09-01	1919-10-09	2026-08-24	North America	United States	MLB	Chicago White Sox; MLB	World Series	Integrity	Black Sox sanctions	MLB historical material records the 1919 World Series scandal and lifetime suspensions	The case shows that formal discipline and reputational legacy can persist even when legal outcomes differ.	https://www.mlb.com/news/1919-world-series-recap	https://www.baseball-reference.com/bullpen/Black_Sox_Scandal	PRIMARY_PLUS_SECONDARY	VERIFIED	HISTORICAL	Integrity sanctions can alter careers, records, and legacy permanently.	integrity/sanction/legacy	PW-201;PW-202;PW-203;PW-209;PW-213;PW-215	ALREADY_COVERED	HIGH	RARE_SYSTEMIC	HIGH_IF_AUTOMATIC	DEFAULT_RARE	HIGH	HIGH	No named allegation beyond the established historical case.
PNN-052	1969-01-01	1971-12-31	2026-08-24	East Asia	Japan	NPB	NPB clubs	Black Mist	Integrity	Permanent ineligibility and sanctions	NPB history records the Black Mist period and permanent ineligibility for game-fixing	The official Pacific League history provides a primary historical anchor for integrity enforcement.	https://npb.jp/pl/history.html	https://www.baseball-reference.com/bullpen/Black_Mist_Scandal	PRIMARY_PLUS_SECONDARY	VERIFIED_PRIMARY	HISTORICAL	Integrity events can trigger league-wide trust repair and permanent career consequences.	integrity/sanction/league trust	PW-201;PW-202;PW-203;PW-209;PW-215	ALREADY_COVERED	HIGH	RARE_SYSTEMIC	HIGH_IF_AUTOMATIC	DEFAULT_RARE	HIGH	HIGH	Historical research seed already present in owner examples.
PNN-053	2016-03-15	2016-03-15	2026-08-24	East Asia	Japan	NPB	NPB; Giants	Integrity	Gambling response	League-wide investigation	NPB gambling/ring-call investigation and ban	NPB’s official statement describes investigations across clubs and a ban on money exchange connected to gambling concerns; the response shows coordinated integrity governance rather than only individual punishment.	https://npb.jp/npb/20160315release.html	https://content.mlb.com/documents/2/4/6/310213246/MLB_Policy_on_Sports_Betting_2019.pdf	PRIMARY_OFFICIAL	VERIFIED_PRIMARY	HISTORICAL	Integrity response can involve league-wide investigation, rules, and institutional communication.	integrity investigation/policy/reputation	PW-201;PW-205;PW-209;PW-211	ALREADY_COVERED	HIGH	RARE_SYSTEMIC	HIGH_IF_AUTOMATIC	DEFAULT_RARE	HIGH	HIGH	No additional allegation inferred.
PNN-054	2017-01-01	2017-12-31	2026-08-24	North America	United States	MLB	Houston Astros; MLB	Sign stealing	Integrity	Technology-assisted rule exploit	MLB investigation resulted in discipline for Astros leadership over sign stealing	Official MLB reporting records suspensions and an investigation into an institutional sign-stealing scheme.	https://www.mlb.com/news/astros-sign-stealing-penalty	https://content.mlb.com/documents/8/2/2/296982822/Major_League_Rule_21.pdf	PRIMARY_OFFICIAL	VERIFIED_PRIMARY	HISTORICAL	Information advantage can become an exploit, followed by investigation, sanctions, and rule response.	scouting fog/exploit detection/integrity	PW-201;PW-205;PW-206;PW-208;PW-211	ALREADY_COVERED	HIGH	RARE_SYSTEMIC	HIGH_IF_AUTOMATIC	DEFAULT_RARE	HIGH	HIGH	Avoid unsupported wearable-device claims.
PNN-055	2024-06-04	2024-06-04	2026-08-24	North America	United States	MLB	MLB players and clubs	Sports betting	Integrity	Betting suspensions	MLB announced a permanent ineligibility and four one-year suspensions for betting violations	The official release demonstrates differentiated sanctions and an investigation process under current betting rules.	https://www.mlb.com/news/mlb-announces-sports-betting-violation-suspensions	https://content.mlb.com/documents/8/2/2/296982822/Major_League_Rule_21.pdf	PRIMARY_OFFICIAL	VERIFIED_PRIMARY	HISTORICAL	Sanction severity and evidence can vary by conduct, access, and rule category.	integrity/sanction/calibration	PW-201;PW-202;PW-205;PW-209;PW-211	ALREADY_COVERED	HIGH	RECURRING	HIGH_IF_AUTOMATIC	DEFAULT_RARE	HIGH	HIGH	No extrapolation to real players beyond official release.
PNN-056	2024-02-01	2024-02-01	2026-08-24	North America	United States	MLB	MLB umpires	Umpire integrity	Integrity	Umpire gambling-policy investigation	MLB announced discipline after an investigation into an umpire’s gambling-policy issues	The event extends integrity governance beyond players to officials and officiating trust.	https://www.mlb.com/mets/news/mlb-umpire-pat-hoberg-disciplined	https://content.mlb.com/documents/8/2/2/296982822/Major_League_Rule_21.pdf	PRIMARY_OFFICIAL	VERIFIED_PRIMARY	HISTORICAL	Integrity controls must cover officials and information access, not only player conduct.	officiating integrity/league trust	PW-201;PW-205;PW-209;PW-211	PARTIAL_EXTENSION	MEDIUM	RARE_SYSTEMIC	HIGH_IF_AUTOMATIC	DEFAULT_RARE	MEDIUM	HIGH	Partial because official-integrity coverage is less explicit than player discipline.
PNN-057	1997-01-01	2000-12-31	2026-08-24	East Asia	Taiwan	CPBL	CPBL	Match fixing	Integrity	CPBL match-fixing historical watch item	Secondary historical materials describe match-fixing episodes in CPBL history, but a primary official case file was not obtained in this pass	Retained only to document a research blind spot; it is not used to infer named allegations or a candidate.	https://en.wikipedia.org/wiki/Chinese_Professional_Baseball_League	https://intapi.sciendo.com/pdf/10.2478/v10141-012-0016-1	SECONDARY_ONLY	INSUFFICIENT_EVIDENCE	HISTORICAL	A league integrity history may require source-authority escalation before modeling.	integrity/source authority	PW-201;PW-205;PW-209	INSUFFICIENT_EVIDENCE	LOW	RARE_SYSTEMIC	HIGH_IF_AUTOMATIC	EVIDENCE_ONLY	MEDIUM	LOW	Explicitly excluded from candidate synthesis.
PNN-058	1975-12-01	1976-04-10	2026-08-24	North America	United States	MLB	Andy Messersmith; MLBPA; MLB	Free agency	Labor and history	Reserve-clause challenge and free agency	MLB historical material identifies the Messersmith case and first free-agent contract after the reserve-clause challenge	A labor ruling can permanently alter player mobility, bargaining power, and league economics.	https://www.mlb.com/news/april-10-1976-andy-messersmith-signs-the-first-contract-of-baseball-s-free-agenc	https://www.mlb.com/official-information/about-mlb/commissioners/bowie-kuhn	PRIMARY_OFFICIAL	VERIFIED_PRIMARY	HISTORICAL	A labor precedent can change the state space of every future contract.	free agency/labor precedent/player mobility	PW-121;PW-122;PW-123;PW-124;PW-168;PW-169	ALREADY_COVERED	HIGH	RARE_SYSTEMIC	HIGH_IF_AUTOMATIC	DEFAULT	HIGH	HIGH	Historical evidence for existing labor engine.
PNN-059	1981-06-12	1981-07-31	2026-08-24	North America	United States	MLB	MLB; MLBPA	Work stoppage	Labor and history	1981 strike and split season	MLB commissioner history records the 1981 strike and its effect on the season	Work stoppage can create a split season, altered standings, and long-lived labor memory.	https://www.mlb.com/official-information/about-mlb/commissioners/bowie-kuhn	https://www.mlb.com/amp/news/timeline-of-recent-cba-negotiations	PRIMARY_OFFICIAL	VERIFIED_PRIMARY	HISTORICAL	Labor disruption can change schedule topology and record interpretation.	labor stoppage/calendar/records	PW-121;PW-122;PW-181;PW-213;PW-214	ALREADY_COVERED	HIGH	RARE_SYSTEMIC	HIGH_IF_AUTOMATIC	DEFAULT_RARE	HIGH	HIGH	Known OPEN-13 domain; not new.
