"last_name, first_name","player_id","name_abbrev","team_id","position_name","age","bat_side","seconds_since_hit_000","seconds_since_hit_005","seconds_since_hit_010","seconds_since_hit_015","seconds_since_hit_020","seconds_since_hit_025","seconds_since_hit_030","seconds_since_hit_035","seconds_since_hit_040","seconds_since_hit_045","seconds_since_hit_050","seconds_since_hit_055","seconds_since_hit_060","seconds_since_hit_065","seconds_since_hit_070","seconds_since_hit_075","seconds_since_hit_080","seconds_since_hit_085","seconds_since_hit_090"
"Abrams, CJ","682928","WSH","120","SS","25","L","0.00","0.53","0.83","1.08","1.31","1.52","1.72","1.92","2.10","2.28","2.46","2.64","2.81","2.98","3.15","3.31","3.48","3.66","3.84"
"Abreu, Wilyer","677800","BOS","111","RF","27","L","0.00","0.55","0.86","1.11","1.35","1.56","1.77","1.96","2.15","2.33","2.51","2.69","2.86","3.03","3.20","3.37","3.54","3.71","3.90"
"Acuña Jr., Ronald","660670","ATL","144","RF","28","R","0.00","0.55","0.86","1.11","1.34","1.56","1.76","1.96","2.15","2.33","2.52","2.69","2.87","3.04","3.22","3.40","3.57","3.76","3.95"
"Acuña, Luisangel","682668","CWS","145","SS","24","R","0.00","0.55","0.85","1.10","1.33","1.54","1.73","1.92","2.11","2.28","2.46","2.63","2.80","2.97","3.13","3.29","3.46","3.62","3.79"
"Adames, Willy","642715","SF","137","SS","30","R","0.00","0.56","0.88","1.15","1.39","1.62","1.83","2.03","2.23","2.41","2.60","2.78","2.96","3.14","3.31","3.49","3.66","3.83","4.01"
"Adell, Jo","666176","CLE","114","RF","27","R","0.00","0.55","0.85","1.11","1.35","1.57","1.77","1.97","2.17","2.35","2.54","2.72","2.89","3.07","3.24","3.41","3.58","3.75","3.94"
"Albies, Ozzie","645277","ATL","144","2B","29","L","0.00","0.54","0.84","1.10","1.33","1.55","1.76","1.96","2.15","2.34","2.52","2.70","2.88","3.06","3.24","3.42","3.61","3.80","4.00"
"Albies, Ozzie","645277","ATL","144","2B","29","R","0.00","0.56","0.89","1.15","1.39","1.61","1.82","2.02","2.22","2.41","2.59","2.77","2.95","3.13","3.31","3.49","3.66","3.85","4.03"
"Alexander, Blaze","677942","BAL","110","3B","27","R","0.00","0.55","0.87","1.13","1.36","1.58","1.78","1.98","2.17","2.35","2.53","2.71","2.89","3.06","3.23","3.40","3.57","3.74","3.92"
"Allen, Nick","669397","HOU","117","SS","27","R","0.00","0.54","0.86","1.12","1.36","1.59","1.80","2.01","2.21","2.40","2.59","2.78","2.97","3.15","3.34","3.52","3.70","3.88","4.07"
"Alonso, Pete","624413","BAL","110","1B","31","R","0.00","0.57","0.91","1.19","1.45","1.69","1.91","2.13","2.34","2.55","2.75","2.95","3.14","3.34","3.53","3.73","3.92","4.11","4.32"
"Altuve, Jose","514888","HOU","117","2B","36","R","0.00","0.55","0.86","1.12","1.35","1.57","1.78","1.97","2.16","2.35","2.53","2.71","2.88","3.06","3.23","3.40","3.58","3.75","3.94"
"Alvarez, Francisco","682626","NYM","121","C","24","R","0.00","0.56","0.89","1.17","1.42","1.65","1.87","2.08","2.29","2.49","2.68","2.88","3.07","3.26","3.44","3.63","3.81","4.00","4.20"
"Alvarez, Yordan","670541","HOU","117","DH","29","L","0.00","0.54","0.86","1.13","1.38","1.61","1.82","2.03","2.23","2.43","2.62","2.81","3.00","3.19","3.38","3.57","3.77","3.98","4.19"
"Andujar, Miguel","609280","SD","135","DH","31","R","0.00","0.56","0.88","1.15","1.39","1.61","1.82","2.02","2.21","2.40","2.58","2.76","2.94","3.12","3.29","3.47","3.64","3.82","4.00"
"Antonacci, Sam","803011","CWS","145","LF","23","L","0.00","0.53","0.84","1.09","1.33","1.55","1.75","1.95","2.14","2.33","2.51","2.69","2.87","3.04","3.22","3.39","3.57","3.75","3.94"
"Aranda, Jonathan","666018","TB","139","1B","28","L","0.00","0.54","0.86","1.13","1.37","1.59","1.81","2.02","2.22","2.41","2.61","2.79","2.98","3.17","3.35","3.54","3.73","3.92","4.13"
"Arenado, Nolan","571448","AZ","109","3B","35","R","0.00","0.58","0.93","1.23","1.49","1.74","1.97","2.19","2.40","2.61","2.82","3.02","3.21","3.41","3.60","3.79","3.99","4.18","4.39"
"Arozarena, Randy","668227","SEA","136","LF","31","R","0.00","0.55","0.87","1.14","1.37","1.59","1.80","2.00","2.20","2.38","2.57","2.75","2.93","3.10","3.28","3.45","3.63","3.80","3.99"
"Arraez, Luis","650333","PHI","143","2B","29","L","0.00","0.53","0.84","1.10","1.34","1.56","1.77","1.98","2.17","2.37","2.56","2.74","2.93","3.11","3.29","3.48","3.66","3.86","4.07"
"Bader, Harrison","664056","SF","137","CF","32","R","0.00","0.55","0.86","1.12","1.36","1.58","1.78","1.98","2.17","2.36","2.54","2.72","2.90","3.08","3.25","3.43","3.61","3.79","3.97"
"Bailey, Patrick","672275","CLE","114","C","27","L","0.00","0.55","0.87","1.15","1.40","1.63","1.86","2.07","2.28","2.48","2.68","2.88","3.07","3.26","3.45","3.64","3.84","4.04","4.25"
"Baldwin, Drake","686948","ATL","144","C","25","L","0.00","0.56","0.88","1.15","1.38","1.61","1.82","2.03","2.23","2.42","2.62","2.81","2.99","3.18","3.36","3.55","3.74","3.94","4.14"
"Ballesteros, Moisés","694208","LAA","108","DH","22","L","0.00","0.53","0.86","1.14","1.39","1.63","1.86","2.07","2.28","2.48","2.68","2.88","3.08","3.27","3.46","3.66","3.86","4.07","4.29"
"Basallo, Samuel","694212","BAL","110","C","21","L","0.00","0.56","0.90","1.18","1.43","1.67","1.90","2.11","2.33","2.53","2.73","2.93","3.13","3.32","3.52","3.72","3.93","4.15","4.38"
"Baty, Brett","683146","NYM","121","3B","26","L","0.00","0.54","0.84","1.10","1.33","1.56","1.76","1.97","2.16","2.36","2.55","2.73","2.91","3.10","3.28","3.46","3.64","3.83","4.03"
"Bauers, Jake","641343","MIL","158","1B","30","L","0.00","0.56","0.87","1.14","1.38","1.61","1.82","2.02","2.22","2.41","2.60","2.78","2.96","3.14","3.32","3.50","3.68","3.87","4.05"
"Bazzana, Travis","683953","CLE","114","2B","23","L","0.00","0.55","0.85","1.11","1.34","1.55","1.76","1.95","2.14","2.33","2.51","2.68","2.86","3.03","3.20","3.37","3.54","3.72","3.92"
"Beavers, Dylan","687637","BAL","110","RF","24","L","0.00","0.53","0.82","1.08","1.30","1.52","1.72","1.91","2.10","2.28","2.46","2.63","2.80","2.97","3.14","3.31","3.48","3.65","3.84"
"Bell, Josh","605137","MIN","142","DH","33","L","0.00","0.55","0.87","1.15","1.40","1.63","1.85","2.06","2.26","2.46","2.66","2.85","3.04","3.23","3.41","3.59","3.78","3.98","4.19"
"Bell, Josh","605137","MIN","142","DH","33","R","0.00","0.56","0.89","1.18","1.43","1.66","1.88","2.10","2.30","2.50","2.70","2.89","3.08","3.27","3.45","3.64","3.82","4.01","4.21"
"Bellinger, Cody","641355","NYY","147","LF","30","L","0.00","0.54","0.84","1.10","1.33","1.55","1.76","1.95","2.15","2.33","2.51","2.69","2.87","3.05","3.22","3.40","3.58","3.76","3.95"
"Benge, Carson","701807","NYM","121","RF","23","L","0.00","0.54","0.83","1.08","1.31","1.52","1.73","1.92","2.11","2.29","2.47","2.64","2.82","2.99","3.16","3.33","3.50","3.67","3.84"
"Benintendi, Andrew","643217","CWS","145","DH","31","L","0.00","0.53","0.83","1.10","1.33","1.55","1.76","1.96","2.16","2.35","2.53","2.72","2.90","3.08","3.26","3.44","3.62","3.80","4.00"
"Betts, Mookie","605141","LAD","119","SS","33","R","0.00","0.56","0.88","1.15","1.39","1.61","1.83","2.03","2.23","2.42","2.61","2.80","2.98","3.16","3.35","3.53","3.71","3.90","4.10"
"Bichette, Bo","666182","NYM","121","3B","28","R","0.00","0.57","0.91","1.18","1.43","1.66","1.88","2.09","2.29","2.49","2.68","2.87","3.06","3.25","3.44","3.62","3.81","4.01","4.21"
"Bleday, JJ","668709","CIN","113","LF","28","L","0.00","0.55","0.85","1.11","1.35","1.57","1.78","1.98","2.17","2.36","2.55","2.73","2.91","3.09","3.26","3.44","3.62","3.80","4.00"
"Bogaerts, Xander","593428","SD","135","SS","33","R","0.00","0.55","0.87","1.14","1.38","1.61","1.82","2.02","2.22","2.41","2.60","2.78","2.96","3.14","3.32","3.49","3.67","3.85","4.04"
"Bohm, Alec","664761","PHI","143","3B","29","R","0.00","0.57","0.91","1.19","1.44","1.67","1.89","2.10","2.30","2.50","2.70","2.89","3.08","3.26","3.45","3.63","3.81","3.99","4.18"
"Bolte, Henry","703607","ATH","133","CF","22","R","0.00","0.53","0.82","1.07","1.29","1.50","1.69","1.88","2.06","2.24","2.41","2.58","2.75","2.92","3.08","3.24","3.40","3.56","3.72"
"Bregman, Alex","608324","CHC","112","3B","32","R","0.00","0.56","0.88","1.15","1.39","1.62","1.84","2.04","2.25","2.45","2.64","2.83","3.02","3.21","3.39","3.58","3.77","3.96","4.16"
"Burger, Jake","669394","TEX","140","1B","30","R","0.00","0.56","0.90","1.17","1.41","1.64","1.85","2.06","2.25","2.44","2.63","2.81","2.99","3.17","3.34","3.52","3.69","3.87","4.06"
"Burleson, Alec","676475","STL","138","1B","27","L","0.00","0.56","0.89","1.17","1.42","1.65","1.87","2.08","2.29","2.49","2.68","2.88","3.06","3.25","3.44","3.62","3.81","4.00","4.20"
"Busch, Michael","683737","CHC","112","1B","28","L","0.00","0.55","0.86","1.13","1.38","1.61","1.82","2.04","2.24","2.44","2.64","2.83","3.02","3.21","3.40","3.58","3.77","3.96","4.17"
"Butler, Lawrence","671732","ATH","133","RF","25","L","0.00","0.53","0.84","1.10","1.33","1.55","1.76","1.96","2.16","2.35","2.53","2.72","2.90","3.08","3.26","3.44","3.62","3.81","4.01"
"Buxton, Byron","621439","MIN","142","CF","32","R","0.00","0.55","0.86","1.11","1.33","1.54","1.74","1.93","2.12","2.29","2.47","2.64","2.80","2.97","3.13","3.29","3.46","3.62","3.79"
"Báez, Javier","595879","DET","116","SS","33","R","0.00","0.57","0.90","1.17","1.42","1.65","1.86","2.07","2.27","2.46","2.66","2.84","3.03","3.21","3.39","3.57","3.76","3.94","4.14"
"Caballero, José","676609","NYY","147","SS","29","R","0.00","0.57","0.88","1.14","1.38","1.59","1.80","2.00","2.19","2.38","2.56","2.74","2.92","3.09","3.27","3.44","3.61","3.79","3.97"
"Caglianone, Jac","695506","KC","118","RF","23","L","0.00","0.53","0.83","1.09","1.32","1.54","1.75","1.94","2.14","2.33","2.51","2.70","2.87","3.05","3.23","3.41","3.59","3.78","3.99"
"Caissie, Owen","683357","MIA","146","RF","23","L","0.00","0.56","0.86","1.12","1.35","1.56","1.77","1.96","2.15","2.33","2.51","2.69","2.86","3.03","3.20","3.37","3.54","3.71","3.88"
"Call, Alex","669743","LAD","119","LF","31","R","0.00","0.56","0.89","1.16","1.40","1.63","1.84","2.04","2.24","2.43","2.62","2.80","2.98","3.16","3.34","3.52","3.69","3.87","4.05"
"Caminero, Junior","691406","TB","139","3B","22","R","0.00","0.56","0.89","1.15","1.39","1.62","1.83","2.03","2.22","2.42","2.60","2.79","2.97","3.15","3.33","3.50","3.68","3.86","4.06"
"Canzone, Dominic","686527","SEA","136","DH","28","L","0.00","0.55","0.86","1.13","1.37","1.60","1.81","2.01","2.21","2.40","2.59","2.78","2.96","3.14","3.32","3.50","3.69","3.88","4.08"
"Caratini, Victor","605170","MIN","142","C","32","L","0.00","0.55","0.87","1.15","1.41","1.64","1.87","2.09","2.30","2.51","2.71","2.92","3.12","3.32","3.52","3.73","3.95","4.18","4.44"
"Carpenter, Kerry","681481","DET","116","RF","28","L","0.00","0.55","0.85","1.12","1.36","1.58","1.79","2.00","2.20","2.39","2.58","2.77","2.95","3.13","3.32","3.50","3.68","3.86","4.05"
"Carroll, Corbin","682998","AZ","109","RF","25","L","0.00","0.52","0.81","1.05","1.27","1.48","1.67","1.86","2.04","2.22","2.39","2.56","2.73","2.90","3.06","3.22","3.39","3.56","3.73"
"Carter, Evan","694497","TEX","140","CF","23","L","0.00","0.53","0.82","1.08","1.31","1.52","1.72","1.91","2.10","2.28","2.45","2.63","2.80","2.96","3.13","3.30","3.46","3.63","3.80"
"Castro, Willi","650489","COL","115","2B","29","R","0.00","0.57","0.90","1.16","1.40","1.62","1.83","2.03","2.22","2.41","2.59","2.77","2.94","3.12","3.29","3.46","3.63","3.80","3.98"
"Chapman, Matt","656305","SF","137","3B","33","R","0.00","0.55","0.87","1.14","1.38","1.60","1.81","2.02","2.21","2.40","2.59","2.77","2.95","3.12","3.30","3.47","3.65","3.82","4.00"
"Chisholm Jr., Jazz","665862","NYY","147","2B","28","L","0.00","0.55","0.84","1.10","1.33","1.54","1.74","1.94","2.13","2.31","2.49","2.67","2.84","3.01","3.19","3.36","3.52","3.70","3.89"
"Chourio, Jackson","694192","MIL","158","LF","22","R","0.00","0.55","0.87","1.13","1.35","1.57","1.77","1.96","2.14","2.32","2.50","2.67","2.84","3.01","3.17","3.34","3.50","3.66","3.84"
"Church, Nathan","701675","STL","138","CF","25","L","0.00","0.54","0.85","1.10","1.33","1.55","1.75","1.95","2.14","2.33","2.51","2.68","2.86","3.03","3.20","3.37","3.54","3.72","3.92"
"Clemens, Kody","665019","MIN","142","2B","30","L","0.00","0.53","0.84","1.09","1.33","1.54","1.75","1.95","2.14","2.32","2.51","2.69","2.86","3.04","3.21","3.39","3.56","3.74","3.93"
"Clement, Ernie","676391","TOR","141","2B","30","R","0.00","0.56","0.87","1.14","1.38","1.60","1.81","2.01","2.20","2.39","2.57","2.76","2.93","3.11","3.28","3.45","3.63","3.80","3.98"
"Collins, Isaac","686555","KC","118","LF","28","L","0.00","0.53","0.83","1.09","1.32","1.54","1.75","1.94","2.14","2.32","2.50","2.68","2.86","3.03","3.21","3.38","3.55","3.73","3.92"
"Collins, Isaac","686555","KC","118","LF","28","R","0.00","0.55","0.86","1.12","1.36","1.58","1.79","1.99","2.18","2.37","2.56","2.74","2.92","3.09","3.27","3.45","3.62","3.80","3.98"
"Contreras, William","661388","MIL","158","C","28","R","0.00","0.55","0.88","1.15","1.39","1.62","1.84","2.04","2.24","2.44","2.63","2.82","3.00","3.18","3.37","3.55","3.74","3.92","4.12"
"Contreras, Willson","575929","BOS","111","1B","34","R","0.00","0.56","0.88","1.15","1.39","1.61","1.82","2.03","2.22","2.41","2.60","2.79","2.97","3.15","3.33","3.51","3.69","3.87","4.06"
"Cortes, Carlos","666126","ATH","133","RF","29","L","0.00","0.55","0.87","1.15","1.40","1.63","1.85","2.06","2.26","2.46","2.66","2.85","3.04","3.23","3.42","3.60","3.79","3.99","4.19"
"Cowser, Colton","681297","BAL","110","CF","26","L","0.00","0.53","0.83","1.08","1.31","1.53","1.73","1.92","2.12","2.30","2.48","2.66","2.84","3.01","3.19","3.36","3.54","3.72","3.92"
"Crawford, J.P.","641487","SEA","136","SS","31","L","0.00","0.55","0.86","1.12","1.36","1.59","1.80","2.01","2.20","2.40","2.59","2.78","2.96","3.15","3.33","3.52","3.70","3.90","4.11"
"Crawford, Justin","702222","PHI","143","CF","22","L","0.00","0.54","0.83","1.08","1.31","1.52","1.71","1.90","2.09","2.26","2.44","2.61","2.77","2.94","3.10","3.26","3.43","3.60","3.78"
"Crews, Dylan","686611","WSH","120","RF","24","R","0.00","0.56","0.86","1.11","1.34","1.55","1.75","1.94","2.13","2.31","2.48","2.66","2.83","3.00","3.17","3.34","3.50","3.67","3.85"
"Cronenworth, Jake","630105","SD","135","2B","32","L","0.00","0.54","0.84","1.09","1.32","1.53","1.73","1.93","2.12","2.31","2.49","2.66","2.84","3.01","3.18","3.35","3.52","3.70","3.88"
"Crow-Armstrong, Pete","691718","CHC","112","CF","24","L","0.00","0.53","0.82","1.06","1.29","1.50","1.69","1.88","2.07","2.24","2.42","2.59","2.76","2.93","3.09","3.26","3.42","3.59","3.77"
"Cruz, Oneil","665833","PIT","134","CF","27","L","0.00","0.54","0.86","1.12","1.35","1.57","1.78","1.97","2.17","2.35","2.53","2.71","2.88","3.05","3.22","3.38","3.55","3.72","3.91"
"Davis, Henry","680779","PIT","134","C","26","R","0.00","0.57","0.89","1.15","1.39","1.62","1.83","2.03","2.22","2.41","2.60","2.78","2.96","3.14","3.31","3.49","3.66","3.84","4.02"
"De La Cruz, Elly","682829","CIN","113","SS","24","L","0.00","0.55","0.84","1.10","1.32","1.54","1.74","1.93","2.11","2.29","2.47","2.64","2.81","2.98","3.15","3.32","3.49","3.67","3.86"
"DeLauter, Chase","800050","CLE","114","RF","24","L","0.00","0.54","0.84","1.10","1.33","1.55","1.76","1.96","2.15","2.34","2.53","2.71","2.89","3.07","3.25","3.43","3.62","3.82","4.02"
"DeLuca, Jonny","676356","TB","139","RF","27","R","0.00","0.55","0.86","1.12","1.34","1.56","1.76","1.95","2.13","2.31","2.49","2.66","2.82","2.99","3.16","3.32","3.48","3.65","3.82"
"Del Castillo, Adrian","680728","AZ","109","DH","26","L","0.00","0.55","0.87","1.14","1.38","1.61","1.82","2.03","2.23","2.42","2.61","2.80","2.99","3.17","3.36","3.54","3.73","3.92","4.12"
"Devers, Rafael","646240","SF","137","1B","29","L","0.00","0.54","0.86","1.13","1.38","1.61","1.83","2.03","2.24","2.43","2.63","2.82","3.00","3.19","3.38","3.57","3.76","3.97","4.18"
"Diaz, Yainer","673237","HOU","117","C","27","R","0.00","0.56","0.89","1.16","1.41","1.63","1.85","2.06","2.26","2.46","2.65","2.84","3.02","3.20","3.39","3.57","3.75","3.93","4.12"
"Dingler, Dillon","693307","DET","116","C","27","R","0.00","0.55","0.88","1.14","1.38","1.61","1.82","2.03","2.23","2.42","2.61","2.79","2.97","3.15","3.33","3.51","3.69","3.86","4.05"
"Donovan, Brendan","680977","SEA","136","3B","29","L","0.00","0.56","0.87","1.14","1.38","1.62","1.83","2.04","2.24","2.44","2.63","2.82","3.02","3.20","3.39","3.57","3.76","3.95","4.16"
"Doyle, Brenton","686668","CWS","145","CF","28","R","0.00","0.56","0.87","1.13","1.36","1.57","1.77","1.97","2.15","2.34","2.51","2.69","2.86","3.03","3.20","3.37","3.53","3.70","3.88"
"Dubón, Mauricio","643289","ATL","144","LF","31","R","0.00","0.56","0.87","1.14","1.37","1.59","1.80","2.00","2.20","2.38","2.57","2.75","2.93","3.11","3.29","3.46","3.64","3.82","4.01"
"Dunn, Blake","694362","CIN","113","CF","27","R","0.00","0.55","0.85","1.10","1.33","1.54","1.74","1.93","2.12","2.30","2.47","2.65","2.82","2.98","3.15","3.32","3.48","3.64","3.81"
"Duran, Ezequiel","677649","TEX","140","SS","27","R","0.00","0.54","0.85","1.11","1.34","1.56","1.76","1.96","2.15","2.33","2.51","2.69","2.86","3.03","3.20","3.37","3.54","3.71","3.88"
"Duran, Jarren","680776","BOS","111","LF","29","L","0.00","0.53","0.82","1.07","1.30","1.51","1.71","1.91","2.09","2.28","2.45","2.63","2.80","2.97","3.14","3.31","3.47","3.65","3.84"
"Durbin, Caleb","702332","BOS","111","3B","26","R","0.00","0.57","0.89","1.15","1.39","1.61","1.82","2.02","2.22","2.40","2.59","2.77","2.95","3.13","3.31","3.48","3.66","3.83","4.02"
"Díaz, Elias","553869","TEX","140","C","35","R","0.00","0.58","0.93","1.21","1.47","1.71","1.94","2.16","2.37","2.58","2.78","2.98","3.18","3.38","3.57","3.77","3.97","4.18","4.41"
"Díaz, Yandy","650490","TB","139","DH","34","R","0.00","0.57","0.90","1.18","1.42","1.66","1.87","2.08","2.28","2.48","2.67","2.86","3.04","3.22","3.40","3.58","3.77","3.95","4.15"
"Edwards, Xavier","669364","MIA","146","2B","26","L","0.00","0.54","0.83","1.09","1.32","1.53","1.74","1.93","2.12","2.31","2.49","2.66","2.84","3.01","3.18","3.35","3.52","3.70","3.89"
"Eldridge, Bryce","805811","SF","137","DH","21","L","0.00","0.55","0.85","1.11","1.35","1.58","1.79","1.99","2.19","2.38","2.58","2.76","2.95","3.14","3.32","3.50","3.69","3.89","4.09"
"Emerson, Colt","806068","SEA","136","SS","20","L","0.00","0.53","0.83","1.09","1.33","1.55","1.76","1.96","2.15","2.34","2.53","2.71","2.90","3.08","3.26","3.44","3.61","3.80","4.00"
"Ewing, A.J.","805999","NYM","121","CF","21","L","0.00","0.53","0.82","1.06","1.28","1.49","1.68","1.87","2.05","2.23","2.40","2.58","2.74","2.91","3.07","3.24","3.40","3.57","3.74"
"Fermin, Freddy","666023","SD","135","C","31","R","0.00","0.57","0.89","1.15","1.39","1.62","1.83","2.03","2.22","2.41","2.60","2.79","2.97","3.15","3.33","3.50","3.68","3.86","4.05"
"Fermín, José","665877","STL","138","3B","27","R","0.00","0.56","0.88","1.15","1.39","1.61","1.82","2.03","2.22","2.41","2.60","2.78","2.96","3.14","3.31","3.49","3.66","3.84","4.02"
"Fernandez, Jose","699912","AZ","109","1B","22","R","0.00","0.55","0.86","1.11","1.34","1.56","1.76","1.96","2.14","2.33","2.51","2.68","2.85","3.03","3.19","3.36","3.53","3.69","3.86"
"Fortes, Nick","663743","TB","139","C","29","R","0.00","0.56","0.88","1.14","1.38","1.61","1.82","2.02","2.22","2.41","2.59","2.78","2.96","3.14","3.31","3.49","3.67","3.85","4.03"
"Foscue, Justin","679822","TEX","140","2B","27","R","0.00","0.56","0.87","1.13","1.37","1.60","1.80","2.01","2.20","2.39","2.58","2.76","2.94","3.12","3.30","3.48","3.65","3.82","4.01"
"France, Ty","664034","SD","135","1B","31","R","0.00","0.57","0.91","1.20","1.46","1.71","1.93","2.16","2.37","2.58","2.78","2.99","3.19","3.39","3.58","3.78","3.98","4.20","4.43"
"Freeland, Alex","690976","LAD","119","2B","24","L","0.00","0.53","0.85","1.11","1.36","1.58","1.79","2.00","2.20","2.39","2.58","2.76","2.95","3.13","3.31","3.49","3.68","3.87","4.07"
"Freeman, Freddie","518692","LAD","119","1B","36","L","0.00","0.54","0.85","1.13","1.37","1.60","1.82","2.04","2.24","2.44","2.63","2.83","3.02","3.21","3.40","3.58","3.78","3.99","4.20"
"Freeman, Tyler","671289","COL","115","RF","27","R","0.00","0.55","0.87","1.13","1.36","1.58","1.79","1.99","2.19","2.37","2.56","2.74","2.92","3.10","3.27","3.45","3.63","3.80","4.00"
"Frelick, Sal","686217","MIL","158","RF","26","L","0.00","0.54","0.83","1.08","1.30","1.51","1.71","1.90","2.09","2.27","2.45","2.62","2.79","2.96","3.13","3.29","3.46","3.64","3.82"
"Friedl, TJ","670770","CIN","113","CF","30","L","0.00","0.52","0.81","1.07","1.31","1.53","1.74","1.94","2.14","2.33","2.52","2.71","2.89","3.07","3.25","3.43","3.61","3.81","4.01"
"Fry, David","681807","CLE","114","LF","30","R","0.00","0.55","0.88","1.17","1.42","1.66","1.88","2.09","2.30","2.50","2.70","2.89","3.08","3.27","3.46","3.64","3.83","4.02","4.22"
"Garcia, Maikel","672580","KC","118","3B","26","R","0.00","0.56","0.88","1.15","1.39","1.61","1.82","2.02","2.21","2.40","2.58","2.76","2.94","3.12","3.29","3.47","3.64","3.82","4.01"
"García Jr., Luis","671277","NYY","147","1B","26","L","0.00","0.55","0.86","1.12","1.36","1.58","1.79","1.99","2.19","2.38","2.57","2.75","2.94","3.12","3.30","3.48","3.67","3.87","4.07"
"García, Adolis","666969","PHI","143","RF","33","R","0.00","0.56","0.88","1.14","1.38","1.60","1.81","2.00","2.20","2.39","2.58","2.76","2.94","3.12","3.30","3.48","3.67","3.85","4.05"
"Gasper, Mickey","681508","BOS","111","DH","30","L","0.00","0.54","0.85","1.11","1.35","1.57","1.79","1.99","2.19","2.39","2.58","2.76","2.95","3.13","3.31","3.49","3.68","3.87","4.06"
"Gelof, Zack","680869","ATH","133","3B","26","R","0.00","0.54","0.85","1.10","1.33","1.55","1.75","1.95","2.14","2.32","2.50","2.67","2.85","3.02","3.19","3.36","3.52","3.69","3.87"
"Gilbert, Drew","687551","SF","137","CF","25","L","0.00","0.52","0.82","1.08","1.31","1.53","1.74","1.93","2.13","2.31","2.50","2.68","2.85","3.03","3.20","3.38","3.56","3.74","3.93"
"Giménez, Andrés","665926","TOR","141","SS","27","L","0.00","0.53","0.83","1.09","1.31","1.53","1.73","1.93","2.12","2.31","2.49","2.67","2.84","3.02","3.19","3.36","3.53","3.72","3.93"
"Goldschmidt, Paul","502671","NYY","147","1B","38","R","0.00","0.57","0.90","1.17","1.42","1.66","1.88","2.09","2.29","2.50","2.69","2.89","3.08","3.27","3.46","3.65","3.84","4.03","4.24"
"Gonzales, Nick","693304","PIT","134","3B","27","R","0.00","0.55","0.86","1.13","1.36","1.58","1.78","1.98","2.17","2.35","2.53","2.71","2.89","3.06","3.23","3.39","3.56","3.73","3.91"
"Gonzalez, Jacob","694378","PIT","134","1B","24","L","0.00","0.56","0.88","1.16","1.41","1.64","1.86","2.07","2.28","2.47","2.67","2.86","3.05","3.24","3.42","3.61","3.80","4.00","4.20"
"Goodman, Hunter","696100","COL","115","C","26","R","0.00","0.56","0.88","1.15","1.39","1.61","1.82","2.02","2.22","2.41","2.60","2.78","2.96","3.14","3.32","3.50","3.67","3.85","4.03"
"Greene, Riley","682985","DET","116","LF","25","L","0.00","0.55","0.86","1.13","1.37","1.60","1.81","2.02","2.22","2.42","2.61","2.80","2.98","3.17","3.35","3.54","3.72","3.92","4.13"
"Grichuk, Randal","545341","CWS","145","LF","34","R","0.00","0.57","0.88","1.14","1.38","1.61","1.82","2.03","2.23","2.42","2.61","2.80","2.98","3.17","3.35","3.53","3.71","3.90","4.09"
"Griffin, Konnor","804606","PIT","134","SS","20","R","0.00","0.54","0.83","1.08","1.31","1.52","1.72","1.91","2.09","2.27","2.45","2.62","2.79","2.95","3.12","3.29","3.45","3.61","3.78"
"Grisham, Trent","663757","NYY","147","CF","29","L","0.00","0.54","0.84","1.10","1.33","1.55","1.76","1.96","2.16","2.35","2.53","2.71","2.90","3.07","3.25","3.43","3.61","3.79","3.98"
"Grissom, Vaughn","687093","LAA","108","2B","25","R","0.00","0.56","0.88","1.15","1.40","1.62","1.84","2.04","2.24","2.44","2.63","2.81","3.00","3.18","3.36","3.54","3.72","3.90","4.10"
"Guerrero Jr., Vladimir","665489","TOR","141","1B","27","R","0.00","0.57","0.91","1.18","1.43","1.66","1.88","2.09","2.29","2.48","2.67","2.86","3.04","3.22","3.40","3.58","3.76","3.94","4.12"
"Gurriel Jr., Lourdes","666971","AZ","109","LF","32","R","0.00","0.57","0.89","1.17","1.41","1.65","1.86","2.07","2.28","2.47","2.67","2.86","3.05","3.24","3.42","3.61","3.80","3.99","4.19"
"Guzman, Denzer","694203","LAA","108","3B","22","R","0.00","0.57","0.89","1.16","1.39","1.61","1.82","2.02","2.21","2.40","2.58","2.76","2.93","3.11","3.28","3.45","3.62","3.80","3.98"
"Hamilton, David","666152","MIL","158","3B","28","L","0.00","0.52","0.81","1.05","1.27","1.48","1.67","1.86","2.04","2.21","2.38","2.55","2.72","2.88","3.05","3.21","3.37","3.55","3.72"
"Happ, Ian","664023","CHC","112","LF","31","L","0.00","0.55","0.85","1.11","1.35","1.57","1.78","1.98","2.17","2.36","2.54","2.72","2.90","3.07","3.25","3.42","3.59","3.77","3.95"
"Happ, Ian","664023","CHC","112","LF","31","R","0.00","0.56","0.89","1.16","1.41","1.63","1.84","2.05","2.25","2.44","2.62","2.81","2.99","3.16","3.34","3.52","3.69","3.87","4.05"
"Harper, Bryce","547180","PHI","143","1B","33","L","0.00","0.55","0.86","1.13","1.37","1.59","1.80","2.00","2.19","2.39","2.57","2.76","2.94","3.12","3.30","3.48","3.65","3.84","4.05"
"Harris II, Michael","671739","ATL","144","CF","25","L","0.00","0.53","0.83","1.09","1.32","1.53","1.74","1.93","2.12","2.31","2.49","2.66","2.84","3.01","3.18","3.35","3.53","3.71","3.90"
"Hayes, Ke'Bryan","663647","CIN","113","3B","29","R","0.00","0.57","0.91","1.18","1.43","1.66","1.87","2.08","2.28","2.48","2.67","2.86","3.04","3.23","3.41","3.59","3.77","3.96","4.16"
"Hedges, Austin","595978","CLE","114","C","33","R","0.00","0.58","0.93","1.22","1.48","1.73","1.96","2.18","2.40","2.61","2.82","3.03","3.23","3.43","3.63","3.83","4.04","4.25","4.48"
"Henderson, Gunnar","683002","BAL","110","SS","25","L","0.00","0.53","0.84","1.09","1.33","1.54","1.75","1.95","2.13","2.32","2.50","2.68","2.85","3.02","3.19","3.36","3.53","3.70","3.89"
"Hernaiz, Darell","687231","ATH","133","SS","24","R","0.00","0.54","0.86","1.12","1.36","1.59","1.79","2.00","2.19","2.38","2.56","2.75","2.93","3.10","3.28","3.45","3.63","3.80","3.98"
"Hernández, Heriberto","681715","MIA","146","LF","26","R","0.00","0.56","0.88","1.15","1.38","1.61","1.81","2.01","2.21","2.39","2.58","2.76","2.93","3.11","3.28","3.46","3.62","3.79","3.97"
"Hernández, Teoscar","606192","LAD","119","LF","33","R","0.00","0.57","0.90","1.16","1.40","1.62","1.82","2.02","2.21","2.40","2.58","2.76","2.94","3.11","3.28","3.45","3.62","3.80","3.97"
"Herrera, Iván","671056","STL","138","DH","26","R","0.00","0.55","0.87","1.14","1.39","1.61","1.83","2.04","2.24","2.44","2.63","2.82","3.01","3.20","3.38","3.57","3.75","3.94","4.14"
"Hicks, Liam","689414","TB","139","C","27","L","0.00","0.54","0.85","1.12","1.37","1.59","1.81","2.02","2.23","2.43","2.62","2.81","3.00","3.19","3.38","3.56","3.75","3.95","4.16"
"Higashioka, Kyle","543309","TEX","140","C","36","R","0.00","0.57","0.91","1.19","1.44","1.69","1.91","2.14","2.35","2.56","2.77","2.97","3.17","3.37","3.57","3.77","3.97","4.18","4.39"
"Hill, Derek","656537","PHI","143","CF","30","R","0.00","0.54","0.85","1.10","1.33","1.54","1.74","1.93","2.12","2.30","2.48","2.65","2.82","2.99","3.16","3.32","3.49","3.66","3.83"
"Hoerner, Nico","663538","CHC","112","2B","29","R","0.00","0.56","0.87","1.14","1.37","1.59","1.80","2.00","2.19","2.38","2.56","2.74","2.92","3.09","3.27","3.44","3.61","3.79","3.97"
"Holliday, Jackson","702616","BAL","110","2B","22","L","0.00","0.54","0.83","1.09","1.32","1.53","1.73","1.93","2.12","2.30","2.48","2.65","2.82","2.99","3.16","3.33","3.50","3.67","3.86"
"Horwitz, Spencer","687462","PIT","134","1B","28","L","0.00","0.56","0.88","1.15","1.40","1.63","1.86","2.07","2.28","2.49","2.69","2.89","3.08","3.27","3.46","3.66","3.86","4.06","4.28"
"Hoskins, Rhys","656555","CLE","114","1B","33","R","0.00","0.59","0.94","1.23","1.49","1.74","1.97","2.19","2.40","2.61","2.82","3.02","3.23","3.42","3.62","3.82","4.02","4.24","4.46"
"House, Brady","691781","WSH","120","3B","23","R","0.00","0.55","0.86","1.12","1.35","1.56","1.77","1.97","2.16","2.35","2.53","2.71","2.89","3.06","3.24","3.41","3.58","3.75","3.93"
"Isbel, Kyle","664728","KC","118","CF","29","L","0.00","0.54","0.83","1.09","1.32","1.54","1.74","1.94","2.14","2.32","2.51","2.69","2.87","3.05","3.23","3.42","3.61","3.81","4.02"
"Jackson, Jeremiah","669236","BAL","110","2B","26","R","0.00","0.56","0.89","1.16","1.41","1.64","1.85","2.06","2.26","2.45","2.64","2.83","3.01","3.19","3.37","3.55","3.73","3.91","4.11"
"Jarvis, Jim","805347","ATL","144","SS","25","L","0.00","0.54","0.84","1.10","1.33","1.55","1.76","1.96","2.15","2.34","2.52","2.70","2.88","3.05","3.23","3.40","3.58","3.76","3.95"
"Jeffers, Ryan","680777","MIN","142","C","29","R","0.00","0.56","0.89","1.17","1.41","1.64","1.86","2.06","2.27","2.46","2.66","2.85","3.03","3.22","3.40","3.58","3.76","3.94","4.13"
"Jensen, Carter","695600","KC","118","C","22","L","0.00","0.53","0.83","1.09","1.32","1.54","1.74","1.94","2.13","2.32","2.50","2.68","2.86","3.03","3.21","3.38","3.55","3.73","3.92"
"Jiménez, Leo","677870","MIA","146","3B","25","R","0.00","0.56","0.87","1.14","1.38","1.60","1.80","2.01","2.20","2.39","2.57","2.75","2.93","3.11","3.28","3.45","3.63","3.80","3.99"
"Johnston, Troy","687859","COL","115","RF","29","L","0.00","0.55","0.86","1.12","1.36","1.58","1.79","2.00","2.20","2.39","2.58","2.77","2.95","3.13","3.32","3.51","3.70","3.90","4.11"
"Jordan, Blaze","691458","STL","138","3B","23","R","0.00","0.57","0.91","1.20","1.45","1.69","1.91","2.13","2.34","2.54","2.74","2.93","3.13","3.32","3.51","3.70","3.89","4.08","4.28"
"Judge, Aaron","592450","NYY","147","RF","34","R","0.00","0.57","0.89","1.16","1.40","1.63","1.85","2.05","2.25","2.45","2.64","2.83","3.01","3.20","3.38","3.57","3.75","3.95","4.16"
"Julien, Edouard","666397","COL","115","2B","27","L","0.00","0.55","0.86","1.13","1.37","1.60","1.81","2.02","2.22","2.41","2.60","2.78","2.97","3.15","3.33","3.51","3.69","3.88","4.08"
"Jung, Josh","673962","TEX","140","3B","28","R","0.00","0.57","0.90","1.18","1.44","1.67","1.90","2.11","2.32","2.52","2.72","2.92","3.11","3.30","3.49","3.68","3.87","4.07","4.28"
"Karros, Kyle","691720","COL","115","3B","23","R","0.00","0.54","0.87","1.13","1.38","1.60","1.82","2.02","2.22","2.42","2.61","2.79","2.98","3.16","3.34","3.52","3.70","3.88","4.07"
"Keaschall, Luke","807712","MIN","142","2B","23","R","0.00","0.55","0.86","1.11","1.35","1.57","1.77","1.97","2.16","2.35","2.53","2.71","2.88","3.06","3.23","3.40","3.57","3.74","3.92"
"Keith, Colt","690993","DET","116","3B","24","L","0.00","0.54","0.85","1.10","1.34","1.55","1.76","1.95","2.14","2.33","2.51","2.69","2.86","3.03","3.21","3.38","3.55","3.73","3.91"
"Kelly, Carson","608348","CHC","112","C","31","R","0.00","0.57","0.91","1.20","1.45","1.69","1.91","2.12","2.33","2.53","2.73","2.92","3.11","3.30","3.49","3.68","3.86","4.05","4.24"
"Kim, Hyeseong","808975","LAD","119","SS","27","L","0.00","0.54","0.84","1.09","1.31","1.52","1.72","1.92","2.10","2.28","2.46","2.64","2.81","2.98","3.15","3.32","3.49","3.66","3.85"
"Kiner-Falefa, Isiah","643396","BOS","111","2B","31","R","0.00","0.55","0.87","1.13","1.37","1.60","1.81","2.01","2.21","2.40","2.59","2.77","2.96","3.14","3.32","3.50","3.67","3.86","4.05"
"Kirk, Alejandro","672386","TOR","141","C","27","R","0.00","0.57","0.92","1.22","1.48","1.72","1.96","2.18","2.39","2.61","2.81","3.01","3.21","3.41","3.61","3.80","4.00","4.20","4.41"
"Koss, Christian","683766","SF","137","3B","28","R","0.00","0.57","0.89","1.16","1.39","1.61","1.82","2.02","2.21","2.40","2.58","2.76","2.93","3.11","3.28","3.45","3.62","3.79","3.97"
"Kreidler, Ryan","668952","MIN","142","SS","28","R","0.00","0.56","0.88","1.15","1.39","1.61","1.82","2.03","2.22","2.42","2.60","2.78","2.96","3.14","3.32","3.50","3.68","3.85","4.04"
"Kuroda-Grauer, Joshua","811965","ATH","133","3B","23","R","0.00","0.55","0.86","1.13","1.37","1.59","1.80","2.00","2.20","2.39","2.57","2.76","2.94","3.12","3.29","3.47","3.64","3.82","4.00"
"Kurtz, Nick","701762","ATH","133","1B","23","L","0.00","0.54","0.86","1.12","1.36","1.58","1.79","1.99","2.19","2.38","2.56","2.75","2.93","3.11","3.28","3.46","3.64","3.82","4.01"
"Kwan, Steven","680757","CLE","114","CF","28","L","0.00","0.54","0.84","1.10","1.33","1.55","1.75","1.95","2.14","2.32","2.51","2.69","2.86","3.04","3.21","3.39","3.56","3.74","3.93"
"Langeliers, Shea","669127","ATH","133","C","28","R","0.00","0.57","0.89","1.15","1.39","1.61","1.82","2.02","2.22","2.40","2.59","2.76","2.94","3.11","3.29","3.46","3.63","3.80","3.97"
"Langford, Wyatt","694671","TEX","140","LF","24","R","0.00","0.55","0.86","1.11","1.35","1.56","1.77","1.96","2.15","2.33","2.51","2.69","2.86","3.04","3.21","3.37","3.54","3.72","3.90"
"Larnach, Trevor","663616","MIN","142","LF","29","L","0.00","0.55","0.86","1.13","1.37","1.59","1.81","2.01","2.21","2.41","2.60","2.78","2.96","3.15","3.32","3.50","3.69","3.88","4.08"
"Laureano, Ramón","657656","SD","135","LF","31","R","0.00","0.54","0.85","1.11","1.35","1.57","1.78","1.98","2.17","2.36","2.55","2.73","2.91","3.08","3.26","3.43","3.60","3.77","3.95"
"Lee, Brooks","686797","MIN","142","3B","25","L","0.00","0.54","0.86","1.13","1.37","1.60","1.81","2.02","2.22","2.42","2.62","2.81","3.00","3.18","3.37","3.55","3.74","3.93","4.13"
"Lee, Brooks","686797","MIN","142","3B","25","R","0.00","0.57","0.90","1.17","1.42","1.65","1.87","2.08","2.28","2.48","2.68","2.87","3.06","3.24","3.43","3.62","3.80","4.00","4.20"
"Lee, Hao-Yu","701678","DET","116","2B","23","R","0.00","0.57","0.89","1.15","1.39","1.61","1.82","2.02","2.21","2.40","2.59","2.77","2.95","3.12","3.30","3.47","3.64","3.81","4.00"
"Lee, Jung Hoo","808982","SF","137","RF","27","L","0.00","0.55","0.87","1.13","1.37","1.60","1.81","2.01","2.20","2.39","2.58","2.76","2.94","3.12","3.30","3.48","3.65","3.84","4.04"
"Lewis, Royce","668904","MIN","142","1B","27","R","0.00","0.57","0.89","1.16","1.40","1.62","1.83","2.04","2.23","2.42","2.61","2.79","2.97","3.14","3.32","3.49","3.67","3.84","4.02"
"Lile, Daylen","695734","WSH","120","LF","23","L","0.00","0.53","0.83","1.08","1.30","1.51","1.71","1.90","2.08","2.26","2.43","2.60","2.77","2.94","3.10","3.27","3.43","3.60","3.78"
"Lockridge, Brandon","663604","MIL","158","LF","29","R","0.00","0.54","0.85","1.11","1.34","1.56","1.76","1.95","2.14","2.32","2.50","2.68","2.85","3.02","3.19","3.36","3.52","3.69","3.86"
"Loftin, Nick","679845","KC","118","3B","27","R","0.00","0.56","0.87","1.13","1.37","1.59","1.80","2.00","2.19","2.38","2.57","2.75","2.93","3.10","3.28","3.46","3.63","3.80","3.98"
"Loperfido, Joey","694388","HOU","117","LF","27","L","0.00","0.54","0.83","1.09","1.32","1.53","1.74","1.93","2.12","2.31","2.49","2.66","2.84","3.01","3.18","3.35","3.52","3.69","3.87"
"Lopez, Nicky","670032","TEX","140","2B","31","L","0.00","0.54","0.85","1.12","1.35","1.57","1.78","1.98","2.17","2.36","2.54","2.72","2.90","3.07","3.25","3.42","3.59","3.77","3.96"
"Lopez, Otto","672640","MIA","146","SS","27","R","0.00","0.56","0.88","1.14","1.38","1.60","1.81","2.01","2.20","2.39","2.57","2.75","2.92","3.10","3.27","3.44","3.61","3.78","3.96"
"Lowe, Brandon","664040","PIT","134","2B","31","L","0.00","0.54","0.85","1.11","1.34","1.56","1.76","1.96","2.15","2.34","2.52","2.70","2.88","3.06","3.23","3.41","3.59","3.77","3.98"
"Lowe, Josh","666139","LAA","108","LF","28","L","0.00","0.53","0.83","1.09","1.31","1.53","1.73","1.92","2.12","2.30","2.47","2.65","2.82","2.99","3.16","3.33","3.51","3.68","3.87"
"Lowe, Nathaniel","663993","CLE","114","DH","30","L","0.00","0.56","0.87","1.15","1.39","1.63","1.84","2.06","2.26","2.46","2.65","2.84","3.03","3.22","3.41","3.60","3.79","3.99","4.19"
"Lukes, Nathan","664770","TOR","141","RF","31","L","0.00","0.54","0.85","1.12","1.35","1.57","1.78","1.98","2.17","2.36","2.54","2.73","2.91","3.08","3.26","3.43","3.61","3.80","4.00"
"Machado, Manny","592518","SD","135","3B","33","R","0.00","0.56","0.90","1.17","1.42","1.66","1.88","2.09","2.30","2.50","2.70","2.89","3.08","3.27","3.45","3.64","3.83","4.02","4.22"
"Mack, Joe","691788","MIA","146","C","23","L","0.00","0.55","0.87","1.14","1.38","1.60","1.82","2.02","2.22","2.42","2.61","2.79","2.98","3.16","3.34","3.52","3.71","3.91","4.12"
"Mangum, Jake","663968","PIT","134","CF","30","L","0.00","0.54","0.84","1.09","1.32","1.54","1.74","1.93","2.11","2.30","2.47","2.64","2.81","2.98","3.15","3.31","3.48","3.65","3.83"
"Mangum, Jake","663968","PIT","134","CF","30","R","0.00","0.55","0.86","1.12","1.35","1.57","1.77","1.97","2.16","2.34","2.52","2.69","2.86","3.03","3.20","3.37","3.53","3.70","3.87"
"Manzardo, Kyle","700932","CLE","114","1B","25","L","0.00","0.53","0.83","1.11","1.35","1.58","1.80","2.02","2.23","2.43","2.63","2.82","3.01","3.21","3.40","3.59","3.78","3.98","4.18"
"Marsee, Jakob","805300","MIA","146","CF","25","L","0.00","0.54","0.84","1.09","1.32","1.54","1.74","1.94","2.13","2.32","2.50","2.67","2.85","3.03","3.20","3.38","3.55","3.74","3.94"
"Marsh, Brandon","669016","PHI","143","LF","28","L","0.00","0.53","0.83","1.09","1.32","1.54","1.74","1.94","2.13","2.32","2.50","2.68","2.86","3.03","3.20","3.37","3.55","3.72","3.90"
"Marte, Ketel","606466","AZ","109","2B","32","L","0.00","0.54","0.85","1.12","1.35","1.57","1.78","1.99","2.18","2.37","2.56","2.75","2.93","3.12","3.31","3.50","3.70","3.91","4.15"
"Marte, Noelvi","682622","CIN","113","RF","24","R","0.00","0.57","0.89","1.16","1.40","1.62","1.83","2.02","2.22","2.40","2.58","2.76","2.93","3.10","3.27","3.44","3.61","3.78","3.95"
"Marte, Starling","516782","KC","118","RF","37","R","0.00","0.55","0.87","1.14","1.37","1.60","1.81","2.01","2.21","2.40","2.59","2.77","2.95","3.13","3.32","3.50","3.68","3.87","4.07"
"Martin, Austin","668885","MIN","142","RF","27","R","0.00","0.55","0.86","1.12","1.36","1.58","1.79","1.99","2.18","2.37","2.55","2.74","2.91","3.09","3.27","3.44","3.62","3.81","4.00"
"Martínez, Angel","682657","CLE","114","LF","24","L","0.00","0.55","0.85","1.11","1.35","1.57","1.78","1.99","2.19","2.38","2.57","2.75","2.93","3.11","3.29","3.47","3.64","3.83","4.03"
"Martínez, Angel","682657","CLE","114","LF","24","R","0.00","0.56","0.89","1.15","1.39","1.62","1.83","2.03","2.23","2.42","2.61","2.80","2.98","3.16","3.34","3.52","3.69","3.87","4.06"
"Massey, Michael","686681","KC","118","2B","28","L","0.00","0.52","0.82","1.08","1.31","1.53","1.74","1.94","2.13","2.32","2.51","2.69","2.87","3.05","3.23","3.41","3.59","3.78","3.98"
"Mateo, Jorge","622761","TB","139","SS","31","R","0.00","0.54","0.85","1.11","1.33","1.55","1.74","1.93","2.11","2.29","2.46","2.63","2.80","2.96","3.13","3.29","3.44","3.60","3.76"
"Matthews, Brice","694728","HOU","117","CF","24","R","0.00","0.56","0.88","1.14","1.37","1.59","1.80","1.99","2.19","2.37","2.55","2.73","2.90","3.08","3.25","3.42","3.59","3.77","3.94"
"Mayer, Marcelo","691785","BOS","111","2B","23","L","0.00","0.53","0.84","1.10","1.33","1.55","1.76","1.96","2.15","2.34","2.52","2.70","2.88","3.06","3.23","3.41","3.58","3.76","3.95"
"Mayo, Coby","691723","BAL","110","3B","24","R","0.00","0.55","0.87","1.13","1.37","1.59","1.80","2.00","2.19","2.38","2.56","2.75","2.92","3.10","3.28","3.45","3.63","3.80","3.98"
"McCann, James","543510","AZ","109","C","36","R","0.00","0.56","0.90","1.18","1.43","1.67","1.89","2.10","2.31","2.51","2.70","2.89","3.08","3.27","3.46","3.64","3.83","4.02","4.21"
"McCarthy, Jake","664983","COL","115","LF","28","L","0.00","0.54","0.84","1.09","1.31","1.52","1.72","1.91","2.10","2.28","2.45","2.62","2.79","2.95","3.12","3.28","3.44","3.62","3.80"
"McGonigle, Kevin","805808","DET","116","SS","21","L","0.00","0.52","0.82","1.08","1.31","1.53","1.73","1.93","2.11","2.30","2.48","2.66","2.83","3.00","3.18","3.35","3.51","3.69","3.88"
"McKinstry, Zach","656716","DET","116","RF","31","L","0.00","0.55","0.86","1.12","1.36","1.58","1.79","1.99","2.19","2.37","2.56","2.74","2.92","3.09","3.27","3.44","3.62","3.80","3.99"
"McLain, Matt","680574","CIN","113","2B","26","R","0.00","0.55","0.86","1.12","1.35","1.57","1.78","1.97","2.17","2.35","2.53","2.71","2.89","3.06","3.23","3.40","3.57","3.74","3.91"
"McMahon, Ryan","641857","NYY","147","3B","31","L","0.00","0.53","0.83","1.09","1.33","1.55","1.76","1.97","2.17","2.37","2.56","2.75","2.93","3.12","3.31","3.49","3.69","3.90","4.13"
"McNeil, Jeff","643446","ATH","133","2B","34","L","0.00","0.55","0.87","1.13","1.38","1.60","1.82","2.02","2.22","2.42","2.60","2.79","2.97","3.16","3.34","3.52","3.70","3.90","4.11"
"Mead, Curtis","678554","BOS","111","3B","25","R","0.00","0.55","0.87","1.14","1.38","1.61","1.82","2.02","2.22","2.42","2.61","2.80","2.98","3.16","3.35","3.53","3.71","3.90","4.09"
"Meckler, Wade","685133","LAA","108","LF","26","L","0.00","0.52","0.81","1.06","1.28","1.49","1.69","1.87","2.06","2.23","2.41","2.58","2.75","2.91","3.08","3.24","3.40","3.58","3.75"
"Meidroth, Chase","805367","CWS","145","2B","24","R","0.00","0.56","0.89","1.16","1.40","1.63","1.84","2.05","2.24","2.44","2.63","2.81","2.99","3.17","3.35","3.53","3.70","3.88","4.07"
"Merrill, Jackson","701538","SD","135","CF","23","L","0.00","0.53","0.82","1.07","1.29","1.51","1.71","1.90","2.09","2.27","2.45","2.62","2.79","2.96","3.13","3.30","3.47","3.64","3.83"
"Meyers, Jake","676694","HOU","117","CF","30","R","0.00","0.54","0.85","1.11","1.34","1.56","1.77","1.97","2.16","2.35","2.54","2.72","2.90","3.07","3.25","3.42","3.60","3.78","3.97"
"Mitchell, Garrett","669003","MIL","158","CF","27","L","0.00","0.54","0.83","1.07","1.29","1.50","1.69","1.88","2.06","2.24","2.41","2.58","2.75","2.92","3.08","3.24","3.41","3.57","3.75"
"Monasterio, Andruw","655316","BOS","111","SS","29","R","0.00","0.54","0.86","1.13","1.37","1.59","1.80","2.00","2.20","2.39","2.58","2.76","2.95","3.13","3.31","3.49","3.66","3.85","4.04"
"Moniak, Mickey","666160","COL","115","LF","28","L","0.00","0.54","0.83","1.09","1.32","1.53","1.73","1.93","2.12","2.30","2.48","2.65","2.83","3.00","3.17","3.35","3.52","3.70","3.89"
"Montgomery, Braden","695731","CWS","145","RF","23","L","0.00","0.53","0.83","1.08","1.31","1.53","1.73","1.93","2.12","2.31","2.49","2.67","2.85","3.02","3.19","3.37","3.54","3.72","3.91"
"Montgomery, Colson","695657","CWS","145","SS","24","L","0.00","0.53","0.83","1.10","1.33","1.56","1.77","1.97","2.17","2.37","2.56","2.74","2.93","3.11","3.30","3.48","3.67","3.87","4.07"
"Moreno, Gabriel","672515","AZ","109","C","26","R","0.00","0.56","0.88","1.15","1.39","1.62","1.83","2.03","2.22","2.41","2.60","2.78","2.96","3.14","3.32","3.50","3.68","3.86","4.05"
"Mullins, Cedric","656775","TB","139","CF","31","L","0.00","0.54","0.83","1.08","1.31","1.52","1.72","1.92","2.10","2.29","2.46","2.64","2.82","2.99","3.16","3.34","3.51","3.70","3.89"
"Muncy, Max","571970","LAD","119","3B","35","L","0.00","0.53","0.82","1.08","1.32","1.54","1.74","1.94","2.14","2.33","2.51","2.70","2.88","3.06","3.23","3.41","3.59","3.77","3.96"
"Muncy, Max","691777","ATH","133","3B","23","R","0.00","0.56","0.88","1.15","1.39","1.61","1.82","2.02","2.22","2.41","2.59","2.78","2.96","3.14","3.32","3.49","3.66","3.84","4.04"
"Murakami, Munetaka","808959","CWS","145","1B","26","L","0.00","0.56","0.87","1.14","1.38","1.60","1.81","2.01","2.20","2.40","2.58","2.77","2.95","3.12","3.30","3.48","3.66","3.84","4.04"
"Myers, Dane","667472","CIN","113","CF","30","R","0.00","0.55","0.86","1.12","1.36","1.57","1.78","1.98","2.17","2.36","2.54","2.73","2.90","3.08","3.25","3.43","3.60","3.79","3.97"
"Narváez, Carlos","665966","BAL","110","C","27","R","0.00","0.58","0.93","1.22","1.48","1.72","1.95","2.17","2.38","2.59","2.79","2.99","3.18","3.37","3.57","3.76","3.95","4.15","4.35"
"Naylor, Josh","647304","SEA","136","1B","29","L","0.00","0.55","0.87","1.14","1.39","1.62","1.84","2.05","2.25","2.45","2.65","2.84","3.03","3.22","3.41","3.60","3.80","4.00","4.21"
"Neto, Zach","687263","LAA","108","SS","25","R","0.00","0.57","0.90","1.17","1.41","1.63","1.84","2.04","2.24","2.43","2.61","2.80","2.98","3.15","3.33","3.50","3.68","3.86","4.04"
"Nimmo, Brandon","607043","TEX","140","RF","33","L","0.00","0.54","0.84","1.09","1.32","1.54","1.74","1.93","2.12","2.31","2.48","2.66","2.83","3.00","3.17","3.34","3.51","3.68","3.86"
"Nootbaar, Lars","663457","AZ","109","LF","28","L","0.00","0.55","0.87","1.13","1.37","1.59","1.81","2.01","2.20","2.39","2.58","2.77","2.94","3.12","3.30","3.47","3.65","3.84","4.04"
"Norby, Connor","681393","COL","115","1B","26","R","0.00","0.55","0.87","1.14","1.37","1.59","1.80","2.00","2.19","2.38","2.56","2.74","2.92","3.09","3.27","3.44","3.61","3.78","3.96"
"Nuñez, Nasim","683083","WSH","120","2B","25","L","0.00","0.53","0.81","1.05","1.27","1.48","1.67","1.86","2.04","2.22","2.39","2.56","2.72","2.89","3.05","3.21","3.38","3.55","3.73"
"Nuñez, Nasim","683083","WSH","120","2B","25","R","0.00","0.54","0.85","1.10","1.33","1.54","1.74","1.92","2.11","2.28","2.45","2.62","2.79","2.95","3.12","3.28","3.44","3.61","3.78"
"O'Hearn, Ryan","656811","PIT","134","RF","32","L","0.00","0.54","0.84","1.10","1.34","1.56","1.77","1.98","2.17","2.36","2.55","2.73","2.92","3.09","3.27","3.45","3.63","3.81","4.01"
"O'Hoppe, Logan","681351","LAA","108","C","26","R","0.00","0.56","0.89","1.16","1.40","1.63","1.84","2.05","2.25","2.44","2.64","2.82","3.01","3.19","3.37","3.55","3.72","3.90","4.09"
"O'Neill, Tyler","641933","BAL","110","RF","31","R","0.00","0.55","0.85","1.11","1.34","1.56","1.76","1.96","2.15","2.34","2.52","2.71","2.88","3.06","3.23","3.40","3.57","3.74","3.92"
"Ohtani, Shohei","660271","LAD","119","DH","31","L","0.00","0.53","0.82","1.08","1.31","1.52","1.73","1.93","2.11","2.30","2.48","2.66","2.84","3.01","3.19","3.36","3.54","3.72","3.91"
"Okamoto, Kazuma","672960","TOR","141","3B","30","R","0.00","0.55","0.88","1.15","1.39","1.62","1.84","2.05","2.25","2.45","2.64","2.83","3.02","3.21","3.40","3.58","3.77","3.95","4.15"
"Olson, Matt","621566","ATL","144","1B","32","L","0.00","0.56","0.89","1.17","1.42","1.65","1.88","2.09","2.30","2.51","2.71","2.91","3.10","3.30","3.49","3.68","3.88","4.09","4.31"
"Ortiz, Joey","687401","MIL","158","SS","27","R","0.00","0.55","0.86","1.12","1.36","1.57","1.78","1.98","2.17","2.35","2.53","2.71","2.88","3.05","3.22","3.39","3.56","3.73","3.90"
"Osuna, Alejandro","696030","TEX","140","LF","23","L","0.00","0.55","0.86","1.12","1.35","1.57","1.77","1.97","2.16","2.34","2.52","2.70","2.88","3.05","3.23","3.40","3.57","3.75","3.95"
"Pages, Andy","681624","LAD","119","CF","25","R","0.00","0.56","0.87","1.14","1.37","1.59","1.80","2.00","2.19","2.38","2.57","2.75","2.92","3.10","3.27","3.44","3.61","3.78","3.96"
"Pagés, Pedro","686780","STL","138","C","27","R","0.00","0.58","0.92","1.21","1.47","1.71","1.93","2.15","2.36","2.56","2.77","2.96","3.16","3.35","3.54","3.74","3.93","4.12","4.32"
"Palacios, Richie","680700","TB","139","2B","29","L","0.00","0.54","0.83","1.09","1.32","1.54","1.75","1.95","2.14","2.33","2.51","2.69","2.87","3.05","3.23","3.41","3.59","3.79","3.99"
"Paredes, Isaac","670623","HOU","117","3B","27","R","0.00","0.57","0.91","1.20","1.45","1.69","1.92","2.13","2.34","2.55","2.75","2.95","3.14","3.34","3.54","3.73","3.93","4.15","4.37"
"Pasquantino, Vinnie","686469","KC","118","1B","28","L","0.00","0.54","0.87","1.15","1.39","1.63","1.85","2.06","2.27","2.47","2.67","2.86","3.05","3.24","3.43","3.62","3.81","4.01","4.21"
"Pauley, Graham","688363","MIA","146","3B","25","L","0.00","0.55","0.87","1.14","1.39","1.62","1.83","2.04","2.24","2.44","2.63","2.82","3.01","3.20","3.38","3.57","3.77","3.97","4.18"
"Pederson, Joc","592626","TEX","140","DH","34","L","0.00","0.55","0.88","1.16","1.41","1.64","1.86","2.08","2.28","2.48","2.68","2.87","3.06","3.25","3.44","3.62","3.81","4.02","4.26"
"Peraza, Oswald","672724","LAA","108","2B","26","R","0.00","0.56","0.88","1.15","1.39","1.61","1.82","2.02","2.21","2.39","2.58","2.75","2.93","3.10","3.27","3.44","3.61","3.78","3.96"
"Perdomo, Geraldo","672695","AZ","109","SS","26","L","0.00","0.56","0.88","1.15","1.40","1.62","1.84","2.04","2.24","2.44","2.63","2.81","3.00","3.18","3.36","3.55","3.73","3.93","4.14"
"Perdomo, Geraldo","672695","AZ","109","SS","26","R","0.00","0.57","0.90","1.17","1.42","1.65","1.86","2.07","2.27","2.46","2.65","2.84","3.02","3.20","3.38","3.56","3.74","3.92","4.12"
"Pereira, Everson","677592","STL","138","RF","25","R","0.00","0.56","0.88","1.15","1.38","1.61","1.81","2.02","2.21","2.40","2.58","2.77","2.95","3.12","3.30","3.48","3.65","3.83","4.01"
"Perez, Salvador","521692","KC","118","DH","36","R","0.00","0.58","0.93","1.23","1.49","1.74","1.98","2.20","2.42","2.63","2.84","3.05","3.25","3.45","3.65","3.86","4.06","4.27","4.48"
"Peters, Tristan","671976","CWS","145","CF","26","L","0.00","0.54","0.84","1.09","1.32","1.53","1.74","1.93","2.12","2.30","2.48","2.66","2.83","3.00","3.17","3.34","3.51","3.68","3.87"
"Peña, Jeremy","665161","HOU","117","SS","28","R","0.00","0.56","0.86","1.12","1.35","1.57","1.77","1.96","2.15","2.33","2.51","2.68","2.85","3.02","3.19","3.36","3.52","3.69","3.86"
"Piñango, Yohendrick","682818","TOR","141","LF","24","L","0.00","0.54","0.84","1.11","1.35","1.57","1.78","1.98","2.18","2.37","2.55","2.73","2.91","3.08","3.26","3.43","3.61","3.80","4.00"
"Pratt, Cooper","806198","MIL","158","SS","21","R","0.00","0.57","0.88","1.15","1.38","1.60","1.80","2.00","2.19","2.37","2.55","2.73","2.90","3.07","3.24","3.41","3.57","3.74","3.92"
"Pérez, Wenceel","672761","DET","116","RF","26","L","0.00","0.54","0.85","1.11","1.35","1.56","1.77","1.97","2.16","2.35","2.53","2.71","2.88","3.06","3.23","3.40","3.57","3.74","3.92"
"Quero, Edgar","700337","CWS","145","C","23","L","0.00","0.57","0.91","1.19","1.45","1.69","1.92","2.13","2.35","2.56","2.76","2.96","3.16","3.36","3.56","3.77","3.99","4.22","4.47"
"Rafaela, Ceddanne","678882","BOS","111","CF","25","R","0.00","0.55","0.86","1.11","1.34","1.55","1.75","1.95","2.13","2.31","2.49","2.66","2.83","3.00","3.17","3.34","3.51","3.67","3.85"
"Raley, Luke","670042","SEA","136","RF","31","L","0.00","0.54","0.85","1.11","1.34","1.56","1.76","1.96","2.14","2.33","2.51","2.68","2.86","3.03","3.20","3.37","3.54","3.71","3.90"
"Ramos, Heliot","671218","NYY","147","LF","26","R","0.00","0.55","0.86","1.13","1.37","1.59","1.80","2.00","2.19","2.38","2.57","2.75","2.93","3.11","3.28","3.46","3.64","3.81","3.99"
"Ramírez, Agustín","682663","MIA","146","DH","24","R","0.00","0.55","0.86","1.13","1.37","1.60","1.81","2.02","2.21","2.41","2.60","2.78","2.96","3.14","3.32","3.50","3.68","3.86","4.04"
"Ramírez, José","608070","CLE","114","3B","33","L","0.00","0.55","0.85","1.11","1.34","1.56","1.76","1.95","2.14","2.33","2.50","2.68","2.86","3.03","3.20","3.37","3.55","3.73","3.92"
"Realmuto, J.T.","592663","PHI","143","C","35","R","0.00","0.57","0.89","1.16","1.40","1.62","1.83","2.03","2.22","2.41","2.60","2.78","2.96","3.14","3.31","3.48","3.65","3.83","4.00"
"Rengifo, Luis","650859","SD","135","3B","29","L","0.00","0.55","0.85","1.11","1.35","1.56","1.78","1.97","2.17","2.36","2.55","2.73","2.91","3.09","3.27","3.45","3.63","3.82","4.02"
"Rengifo, Luis","650859","SD","135","3B","29","R","0.00","0.56","0.88","1.15","1.39","1.61","1.82","2.02","2.22","2.41","2.59","2.77","2.95","3.13","3.31","3.48","3.66","3.84","4.03"
"Reynolds, Bryan","668804","PIT","134","LF","31","R","0.00","0.55","0.86","1.12","1.36","1.58","1.78","1.98","2.17","2.36","2.54","2.72","2.90","3.08","3.25","3.42","3.59","3.77","3.95"
"Reynolds, Bryan","668804","PIT","134","LF","31","L","0.00","0.53","0.83","1.09","1.32","1.54","1.75","1.95","2.14","2.32","2.51","2.69","2.87","3.04","3.21","3.39","3.56","3.75","3.94"
"Rice, Ben","700250","NYY","147","DH","27","L","0.00","0.54","0.84","1.10","1.33","1.55","1.76","1.96","2.15","2.34","2.53","2.71","2.89","3.07","3.25","3.42","3.60","3.79","3.97"
"Riley, Austin","663586","ATL","144","3B","29","R","0.00","0.54","0.87","1.13","1.37","1.60","1.81","2.02","2.21","2.40","2.59","2.78","2.96","3.14","3.31","3.49","3.66","3.83","4.01"
"Robert Jr., Luis","673357","NYM","121","CF","28","R","0.00","0.56","0.88","1.13","1.37","1.58","1.78","1.98","2.16","2.35","2.53","2.70","2.87","3.04","3.21","3.38","3.55","3.72","3.89"
"Robles, Victor","645302","SEA","136","RF","29","R","0.00","0.56","0.87","1.13","1.36","1.58","1.78","1.97","2.15","2.33","2.51","2.68","2.85","3.02","3.18","3.35","3.52","3.68","3.86"
"Rocchio, Brayan","677587","CLE","114","SS","25","L","0.00","0.54","0.85","1.11","1.35","1.57","1.78","1.98","2.18","2.37","2.56","2.74","2.92","3.10","3.28","3.46","3.64","3.83","4.02"
"Rocchio, Brayan","677587","CLE","114","SS","25","R","0.00","0.57","0.89","1.16","1.41","1.63","1.85","2.05","2.25","2.44","2.63","2.81","2.99","3.17","3.35","3.53","3.71","3.89","4.07"
"Rodríguez, Julio","677594","SEA","136","CF","25","R","0.00","0.55","0.86","1.13","1.36","1.57","1.78","1.97","2.16","2.34","2.52","2.69","2.86","3.03","3.20","3.36","3.53","3.70","3.87"
"Rojas, Miguel","500743","LAD","119","2B","37","R","0.00","0.58","0.91","1.19","1.44","1.67","1.89","2.10","2.31","2.50","2.70","2.89","3.08","3.27","3.46","3.64","3.83","4.02","4.21"
"Romo, Drew","691011","CWS","145","C","24","L","0.00","0.55","0.86","1.13","1.37","1.59","1.81","2.02","2.22","2.41","2.60","2.79","2.98","3.16","3.35","3.53","3.71","3.91","4.11"
"Rooker, Brent","667670","ATH","133","DH","31","R","0.00","0.56","0.88","1.15","1.38","1.60","1.81","2.01","2.21","2.39","2.58","2.76","2.94","3.11","3.29","3.46","3.64","3.81","3.99"
"Rosario, Amed","642708","NYY","147","3B","30","R","0.00","0.56","0.89","1.16","1.39","1.62","1.82","2.03","2.22","2.41","2.59","2.77","2.94","3.12","3.29","3.46","3.63","3.80","3.98"
"Ruiz, Keibert","660688","WSH","120","C","27","R","0.00","0.57","0.91","1.20","1.45","1.69","1.92","2.13","2.34","2.55","2.75","2.95","3.14","3.34","3.53","3.72","3.91","4.11","4.31"
"Rumfield, TJ","681198","COL","115","1B","26","L","0.00","0.56","0.89","1.17","1.42","1.66","1.88","2.10","2.31","2.51","2.72","2.92","3.11","3.31","3.50","3.70","3.90","4.11","4.33"
"Rutschman, Adley","668939","BOS","111","C","28","L","0.00","0.55","0.86","1.13","1.37","1.60","1.81","2.02","2.22","2.42","2.61","2.80","2.99","3.17","3.35","3.54","3.72","3.91","4.12"
"Sanoja, Javier","691594","MIA","146","3B","23","R","0.00","0.56","0.88","1.15","1.39","1.61","1.81","2.01","2.20","2.39","2.57","2.74","2.92","3.09","3.25","3.42","3.59","3.76","3.94"
"Schanuel, Nolan","694384","LAA","108","1B","24","L","0.00","0.56","0.88","1.15","1.40","1.63","1.86","2.07","2.27","2.47","2.67","2.86","3.05","3.24","3.43","3.61","3.80","4.00","4.21"
"Schmitt, Casey","669477","SF","137","LF","27","R","0.00","0.55","0.87","1.13","1.36","1.59","1.79","1.99","2.18","2.37","2.56","2.74","2.92","3.09","3.27","3.44","3.62","3.79","3.97"
"Schneemann, Daniel","682177","CLE","114","3B","29","L","0.00","0.53","0.84","1.10","1.33","1.55","1.76","1.96","2.15","2.34","2.52","2.71","2.89","3.06","3.24","3.42","3.60","3.80","4.01"
"Schwarber, Kyle","656941","PHI","143","DH","33","L","0.00","0.55","0.87","1.14","1.38","1.61","1.82","2.03","2.23","2.43","2.62","2.81","3.00","3.18","3.37","3.55","3.74","3.94","4.15"
"Scott II, Victor","687363","STL","138","CF","25","L","0.00","0.50","0.80","1.05","1.27","1.48","1.68","1.87","2.05","2.23","2.41","2.58","2.75","2.92","3.08","3.24","3.41","3.58","3.75"
"Seager, Corey","608369","TEX","140","SS","32","L","0.00","0.54","0.85","1.13","1.37","1.60","1.82","2.04","2.24","2.44","2.64","2.84","3.03","3.22","3.42","3.62","3.82","4.04","4.27"
"Semien, Marcus","543760","NYM","121","2B","35","R","0.00","0.55","0.87","1.14","1.37","1.59","1.80","2.00","2.19","2.38","2.57","2.75","2.93","3.10","3.28","3.45","3.63","3.80","3.99"
"Shaw, Matt","807713","CHC","112","RF","24","R","0.00","0.56","0.86","1.12","1.35","1.57","1.77","1.96","2.15","2.34","2.51","2.69","2.87","3.04","3.21","3.38","3.55","3.72","3.89"
"Sheets, Gavin","657757","SD","135","1B","30","L","0.00","0.55","0.87","1.14","1.38","1.61","1.83","2.04","2.24","2.44","2.64","2.82","3.01","3.20","3.38","3.56","3.75","3.94","4.14"
"Simpson, Chandler","802415","TB","139","LF","25","L","0.00","0.52","0.80","1.04","1.26","1.46","1.65","1.84","2.02","2.19","2.36","2.53","2.69","2.86","3.02","3.17","3.34","3.50","3.67"
"Siri, Jose","642350","LAA","108","CF","30","R","0.00","0.54","0.85","1.10","1.33","1.54","1.74","1.93","2.11","2.29","2.46","2.63","2.80","2.96","3.12","3.28","3.44","3.60","3.76"
"Smith, Cam","701358","HOU","117","RF","23","R","0.00","0.55","0.85","1.11","1.34","1.55","1.75","1.94","2.12","2.30","2.48","2.66","2.83","3.00","3.16","3.33","3.49","3.66","3.83"
"Smith, Dominic","642086","ATL","144","DH","31","L","0.00","0.56","0.88","1.16","1.41","1.65","1.87","2.08","2.29","2.49","2.69","2.88","3.07","3.26","3.45","3.64","3.83","4.03","4.24"
"Smith, Josh","669701","TOR","141","2B","28","L","0.00","0.53","0.83","1.09","1.32","1.55","1.75","1.95","2.14","2.33","2.52","2.70","2.87","3.05","3.22","3.39","3.57","3.74","3.93"
"Smith, Will","669257","LAD","119","C","31","R","0.00","0.57","0.91","1.18","1.43","1.66","1.87","2.08","2.27","2.47","2.66","2.84","3.03","3.21","3.39","3.57","3.76","3.94","4.14"
"Soderstrom, Tyler","691016","ATH","133","LF","24","L","0.00","0.53","0.84","1.10","1.33","1.56","1.76","1.97","2.16","2.35","2.54","2.72","2.90","3.08","3.25","3.43","3.61","3.79","3.98"
"Soler, Jorge","624585","LAA","108","DH","34","R","0.00","0.57","0.91","1.19","1.45","1.68","1.91","2.12","2.32","2.52","2.72","2.91","3.10","3.29","3.48","3.66","3.85","4.05","4.25"
"Song, Sung-Mun","823550","SD","135","2B","29","L","0.00","0.54","0.85","1.11","1.34","1.56","1.76","1.96","2.15","2.34","2.52","2.71","2.88","3.06","3.24","3.42","3.60","3.79","3.98"
"Sosa, Edmundo","624641","PHI","143","LF","30","R","0.00","0.56","0.88","1.14","1.37","1.58","1.78","1.98","2.17","2.35","2.53","2.70","2.87","3.04","3.21","3.38","3.54","3.70","3.88"
"Soto, Juan","665742","NYM","121","LF","27","L","0.00","0.56","0.88","1.14","1.38","1.61","1.82","2.02","2.22","2.41","2.60","2.78","2.97","3.15","3.33","3.51","3.69","3.88","4.08"
"Springer, George","543807","TOR","141","DH","36","R","0.00","0.56","0.88","1.15","1.39","1.62","1.83","2.04","2.23","2.43","2.62","2.80","2.99","3.17","3.35","3.53","3.71","3.89","4.08"
"Steer, Spencer","668715","CIN","113","1B","28","R","0.00","0.57","0.89","1.15","1.39","1.61","1.82","2.03","2.22","2.41","2.59","2.78","2.96","3.13","3.31","3.48","3.65","3.82","4.00"
"Stephenson, Tyler","663886","CIN","113","C","29","R","0.00","0.56","0.90","1.17","1.42","1.65","1.87","2.08","2.28","2.47","2.66","2.85","3.04","3.22","3.40","3.58","3.76","3.94","4.13"
"Stewart, Sal","701398","CIN","113","1B","22","R","0.00","0.57","0.91","1.18","1.43","1.66","1.88","2.09","2.29","2.49","2.68","2.87","3.05","3.24","3.42","3.60","3.78","3.97","4.16"
"Story, Trevor","596115","BOS","111","SS","33","R","0.00","0.56","0.87","1.13","1.36","1.58","1.78","1.98","2.17","2.36","2.54","2.72","2.89","3.07","3.24","3.41","3.59","3.76","3.95"
"Stott, Bryson","681082","PHI","143","2B","28","L","0.00","0.55","0.85","1.12","1.35","1.57","1.77","1.97","2.16","2.34","2.52","2.70","2.87","3.04","3.22","3.38","3.55","3.73","3.92"
"Stowers, Kyle","669065","MIA","146","1B","28","L","0.00","0.55","0.85","1.12","1.36","1.58","1.78","1.99","2.18","2.37","2.56","2.74","2.92","3.10","3.28","3.46","3.64","3.83","4.03"
"Straw, Myles","664702","TOR","141","CF","31","R","0.00","0.55","0.86","1.12","1.35","1.56","1.77","1.96","2.15","2.33","2.51","2.68","2.85","3.02","3.19","3.35","3.52","3.68","3.85"
"Sullivan, Brett","664954","COL","115","C","32","L","0.00","0.54","0.84","1.10","1.33","1.55","1.76","1.96","2.15","2.34","2.52","2.70","2.88","3.05","3.23","3.40","3.58","3.76","3.94"
"Susac, Daniel","691740","SF","137","C","25","R","0.00","0.56","0.90","1.18","1.43","1.66","1.88","2.09","2.29","2.49","2.68","2.87","3.05","3.24","3.42","3.60","3.78","3.96","4.15"
"Suzuki, Seiya","673548","CHC","112","RF","31","R","0.00","0.56","0.88","1.15","1.38","1.61","1.82","2.02","2.21","2.40","2.59","2.77","2.95","3.12","3.30","3.48","3.65","3.83","4.01"
"Suárez, Eugenio","553993","CIN","113","DH","34","R","0.00","0.57","0.90","1.18","1.43","1.66","1.88","2.09","2.29","2.49","2.69","2.88","3.06","3.25","3.44","3.62","3.80","3.99","4.19"
"Swanson, Dansby","621020","CHC","112","SS","32","R","0.00","0.55","0.87","1.13","1.36","1.58","1.78","1.98","2.17","2.36","2.54","2.71","2.89","3.06","3.23","3.40","3.57","3.74","3.92"
"Sánchez, Jesús","660821","TOR","141","LF","28","L","0.00","0.54","0.85","1.11","1.35","1.58","1.79","1.99","2.19","2.39","2.58","2.77","2.95","3.13","3.31","3.49","3.68","3.87","4.07"
"Tatis Jr., Fernando","665487","SD","135","RF","27","R","0.00","0.56","0.88","1.14","1.37","1.59","1.79","1.99","2.18","2.36","2.54","2.71","2.89","3.06","3.23","3.39","3.56","3.73","3.90"
"Taveras, Leody","665750","BAL","110","CF","27","R","0.00","0.59","0.91","1.16","1.39","1.60","1.81","2.00","2.18","2.36","2.54","2.71","2.88","3.05","3.21","3.38","3.53","3.70","3.87"
"Taveras, Leody","665750","BAL","110","CF","27","L","0.00","0.53","0.83","1.08","1.31","1.52","1.72","1.91","2.10","2.27","2.45","2.63","2.80","2.97","3.13","3.30","3.47","3.65","3.83"
"Tawa, Tim","694374","AZ","109","1B","27","R","0.00","0.56","0.87","1.14","1.37","1.59","1.80","2.00","2.20","2.39","2.58","2.76","2.94","3.12","3.29","3.47","3.65","3.82","4.01"
"Taylor, Tyrone","621438","CHC","112","LF","32","R","0.00","0.54","0.85","1.11","1.35","1.56","1.77","1.97","2.16","2.34","2.52","2.70","2.88","3.05","3.22","3.39","3.55","3.72","3.89"
"Tena, José","677588","WSH","120","DH","25","L","0.00","0.53","0.82","1.07","1.30","1.52","1.72","1.91","2.10","2.29","2.47","2.64","2.82","2.99","3.16","3.34","3.51","3.69","3.87"
"Thomas, Lane","657041","ATL","144","CF","30","R","0.00","0.56","0.87","1.13","1.36","1.58","1.78","1.98","2.17","2.35","2.53","2.71","2.88","3.05","3.22","3.38","3.55","3.71","3.88"
"Tolbert, Tyler","686475","KC","118","SS","28","R","0.00","0.56","0.86","1.11","1.34","1.55","1.76","1.95","2.13","2.31","2.49","2.66","2.83","3.00","3.17","3.34","3.51","3.67","3.85"
"Torkelson, Spencer","679529","DET","116","1B","26","R","0.00","0.56","0.89","1.17","1.41","1.64","1.86","2.07","2.27","2.46","2.66","2.85","3.03","3.22","3.40","3.58","3.77","3.96","4.16"
"Torrens, Luis","620443","NYM","121","C","30","R","0.00","0.56","0.90","1.18","1.43","1.67","1.89","2.10","2.31","2.50","2.70","2.89","3.08","3.27","3.45","3.63","3.82","4.00","4.19"
"Torres, Bryan","663494","STL","138","LF","28","L","0.00","0.53","0.84","1.10","1.34","1.56","1.77","1.97","2.16","2.35","2.53","2.71","2.89","3.07","3.24","3.42","3.60","3.80","4.02"
"Torres, Gleyber","650402","DET","116","2B","29","R","0.00","0.58","0.92","1.21","1.46","1.70","1.93","2.14","2.35","2.56","2.76","2.95","3.15","3.34","3.54","3.73","3.93","4.13","4.35"
"Tovar, Ezequiel","678662","COL","115","SS","24","R","0.00","0.55","0.87","1.14","1.37","1.60","1.80","2.00","2.20","2.39","2.57","2.75","2.93","3.11","3.28","3.46","3.63","3.81","3.99"
"Trammell, Taylor","666211","HOU","117","CF","28","L","0.00","0.54","0.84","1.09","1.32","1.54","1.74","1.93","2.12","2.30","2.48","2.66","2.84","3.01","3.18","3.35","3.53","3.71","3.90"
"Trevino, Jose","624431","CIN","113","C","33","R","0.00","0.59","0.93","1.21","1.47","1.71","1.95","2.17","2.39","2.61","2.82","3.03","3.24","3.46","3.67","3.89","4.11","4.34","4.59"
"Triolo, Jared","669707","PIT","134","SS","28","R","0.00","0.56","0.87","1.14","1.37","1.59","1.80","2.00","2.20","2.38","2.57","2.75","2.93","3.10","3.27","3.45","3.62","3.79","3.97"
"Trout, Mike","545361","LAA","108","CF","34","R","0.00","0.55","0.85","1.11","1.34","1.55","1.76","1.95","2.14","2.32","2.50","2.67","2.84","3.01","3.18","3.35","3.52","3.69","3.87"
"Troy, Tommy","694371","AZ","109","LF","24","R","0.00","0.55","0.85","1.10","1.32","1.53","1.73","1.92","2.10","2.28","2.46","2.63","2.80","2.96","3.13","3.29","3.45","3.62","3.79"
"Tucker, Kyle","663656","LAD","119","RF","29","L","0.00","0.53","0.84","1.10","1.34","1.56","1.77","1.97","2.17","2.36","2.55","2.74","2.92","3.10","3.28","3.47","3.66","3.86","4.08"
"Turang, Brice","668930","MIL","158","2B","26","L","0.00","0.54","0.83","1.08","1.31","1.52","1.72","1.92","2.10","2.29","2.46","2.64","2.81","2.98","3.15","3.32","3.50","3.68","3.88"
"Turner, Trea","607208","PHI","143","SS","33","R","0.00","0.57","0.89","1.14","1.37","1.58","1.78","1.97","2.15","2.33","2.50","2.67","2.83","3.00","3.16","3.32","3.48","3.64","3.81"
"Valdez, Esmerlyn","699013","PIT","134","RF","22","R","0.00","0.55","0.88","1.14","1.39","1.61","1.82","2.02","2.21","2.40","2.59","2.77","2.95","3.13","3.30","3.47","3.65","3.82","4.00"
"Vargas, Ildemaro","545121","AZ","109","1B","34","L","0.00","0.55","0.86","1.12","1.36","1.58","1.79","1.99","2.19","2.38","2.57","2.75","2.93","3.11","3.29","3.47","3.65","3.84","4.04"
"Vargas, Ildemaro","545121","AZ","109","1B","34","R","0.00","0.55","0.88","1.15","1.39","1.61","1.83","2.03","2.23","2.42","2.61","2.79","2.97","3.15","3.33","3.51","3.69","3.87","4.05"
"Vargas, Miguel","678246","CWS","145","3B","26","R","0.00","0.55","0.88","1.14","1.38","1.61","1.82","2.02","2.21","2.40","2.58","2.76","2.94","3.11","3.28","3.45","3.62","3.79","3.97"
"Varsho, Daulton","662139","HOU","117","CF","29","L","0.00","0.55","0.86","1.12","1.36","1.58","1.78","1.98","2.18","2.36","2.55","2.73","2.91","3.08","3.26","3.44","3.61","3.80","4.01"
"Vaughn, Andrew","683734","MIL","158","1B","28","R","0.00","0.57","0.90","1.18","1.43","1.66","1.88","2.10","2.30","2.50","2.70","2.90","3.09","3.28","3.47","3.66","3.85","4.04","4.24"
"Vientos, Mark","668901","NYM","121","1B","26","R","0.00","0.59","0.93","1.21","1.46","1.69","1.92","2.13","2.34","2.54","2.74","2.94","3.13","3.32","3.51","3.70","3.89","4.09","4.29"
"Vierling, Matt","663837","DET","116","CF","29","R","0.00","0.57","0.89","1.16","1.40","1.62","1.83","2.03","2.22","2.41","2.59","2.77","2.95","3.12","3.29","3.46","3.64","3.81","3.98"
"Vilade, Ryan","668723","TB","139","RF","27","R","0.00","0.54","0.86","1.13","1.37","1.59","1.80","2.00","2.19","2.38","2.57","2.75","2.92","3.10","3.27","3.44","3.61","3.79","3.97"
"Vivas, Jorbit","678391","WSH","120","3B","25","L","0.00","0.53","0.84","1.09","1.33","1.55","1.76","1.96","2.15","2.35","2.53","2.72","2.90","3.08","3.26","3.45","3.63","3.83","4.05"
"Volpe, Anthony","683011","NYY","147","SS","25","R","0.00","0.56","0.87","1.13","1.36","1.58","1.78","1.98","2.17","2.35","2.53","2.71","2.89","3.06","3.23","3.40","3.58","3.75","3.94"
"Vázquez, Christian","543877","HOU","117","C","35","R","0.00","0.57","0.93","1.23","1.50","1.75","1.99","2.22","2.44","2.66","2.87","3.08","3.29","3.50","3.71","3.92","4.14","4.37","4.61"
"Waldschmidt, Ryan","814439","AZ","109","CF","23","R","0.00","0.54","0.86","1.12","1.35","1.56","1.77","1.96","2.15","2.34","2.52","2.70","2.87","3.04","3.21","3.38","3.54","3.71","3.88"
"Walker, Christian","572233","HOU","117","1B","35","R","0.00","0.56","0.89","1.17","1.42","1.65","1.87","2.08","2.29","2.49","2.68","2.87","3.05","3.24","3.42","3.60","3.78","3.97","4.16"
"Walker, Jordan","691023","STL","138","RF","24","R","0.00","0.56","0.87","1.12","1.35","1.57","1.77","1.96","2.15","2.33","2.51","2.68","2.85","3.02","3.19","3.36","3.52","3.69","3.86"
"Walls, Taylor","670764","TB","139","SS","29","L","0.00","0.53","0.82","1.08","1.31","1.52","1.73","1.92","2.11","2.30","2.48","2.67","2.84","3.02","3.19","3.37","3.54","3.73","3.91"
"Walton, Donovan","622268","ATH","133","2B","32","L","0.00","0.55","0.86","1.13","1.38","1.61","1.83","2.04","2.24","2.43","2.63","2.82","3.00","3.19","3.37","3.55","3.74","3.94","4.14"
"Ward, Taylor","621493","SEA","136","LF","32","R","0.00","0.56","0.88","1.15","1.38","1.60","1.81","2.01","2.21","2.40","2.58","2.77","2.95","3.12","3.29","3.47","3.64","3.81","3.99"
"Wells, Austin","669224","NYY","147","C","26","L","0.00","0.54","0.85","1.13","1.37","1.60","1.82","2.03","2.23","2.43","2.63","2.82","3.01","3.20","3.39","3.57","3.76","3.95","4.16"
"Wetherholt, JJ","802139","STL","138","2B","23","L","0.00","0.53","0.82","1.07","1.30","1.51","1.71","1.90","2.09","2.27","2.45","2.63","2.80","2.98","3.15","3.32","3.49","3.67","3.85"
"White, Eli","642201","BOS","111","RF","32","R","0.00","0.57","0.88","1.13","1.36","1.57","1.77","1.96","2.15","2.33","2.50","2.68","2.85","3.01","3.18","3.34","3.50","3.66","3.83"
"White, Tommy","695720","ATH","133","3B","23","R","0.00","0.58","0.91","1.19","1.43","1.66","1.88","2.09","2.29","2.49","2.68","2.87","3.05","3.24","3.42","3.60","3.78","3.96","4.15"
"Williams, Alika","675961","ATH","133","SS","27","R","0.00","0.56","0.88","1.15","1.38","1.61","1.82","2.02","2.21","2.40","2.59","2.78","2.96","3.14","3.31","3.49","3.67","3.85","4.04"
"Williamson, Ben","810938","TB","139","2B","25","R","0.00","0.55","0.86","1.13","1.36","1.59","1.79","1.99","2.19","2.37","2.56","2.74","2.92","3.09","3.27","3.44","3.62","3.79","3.97"
"Wilson, Jacob","805779","ATH","133","SS","24","R","0.00","0.56","0.89","1.16","1.41","1.64","1.85","2.06","2.26","2.45","2.64","2.83","3.01","3.19","3.37","3.55","3.73","3.91","4.10"
"Winn, Masyn","691026","STL","138","SS","24","R","0.00","0.54","0.85","1.11","1.34","1.56","1.76","1.96","2.15","2.34","2.52","2.70","2.87","3.04","3.21","3.38","3.55","3.72","3.90"
"Witt Jr., Bobby","677951","KC","118","SS","26","R","0.00","0.55","0.85","1.11","1.34","1.55","1.75","1.94","2.12","2.30","2.47","2.64","2.81","2.97","3.13","3.30","3.46","3.62","3.78"
"Wong, Connor","657136","BOS","111","C","30","R","0.00","0.56","0.88","1.15","1.39","1.61","1.82","2.02","2.22","2.41","2.60","2.78","2.96","3.14","3.32","3.49","3.67","3.84","4.03"
"Wood, James","695578","WSH","120","RF","23","L","0.00","0.54","0.84","1.09","1.32","1.54","1.74","1.94","2.13","2.31","2.49","2.67","2.84","3.02","3.19","3.36","3.53","3.71","3.91"
"Yastrzemski, Mike","573262","ATL","144","LF","35","L","0.00","0.53","0.83","1.09","1.32","1.54","1.75","1.95","2.14","2.33","2.52","2.70","2.88","3.06","3.24","3.42","3.59","3.78","3.97"
"Yelich, Christian","592885","MIL","158","DH","34","L","0.00","0.53","0.83","1.10","1.33","1.55","1.76","1.96","2.16","2.35","2.53","2.71","2.89","3.07","3.25","3.43","3.61","3.79","3.99"
"Yoshida, Masataka","807799","BOS","111","DH","32","L","0.00","0.55","0.87","1.14","1.39","1.61","1.83","2.04","2.24","2.44","2.64","2.83","3.02","3.21","3.39","3.58","3.76","3.95","4.15"
"Young, Cole","702284","SEA","136","2B","22","L","0.00","0.55","0.86","1.12","1.35","1.57","1.77","1.97","2.16","2.35","2.53","2.71","2.89","3.06","3.23","3.41","3.58","3.76","3.93"
"Young, Jacob","696285","WSH","120","CF","26","R","0.00","0.56","0.89","1.15","1.38","1.60","1.80","2.00","2.18","2.37","2.55","2.72","2.89","3.06","3.23","3.40","3.56","3.73","3.89"
"Young, Jared","676724","NYM","121","1B","30","L","0.00","0.53","0.83","1.09","1.32","1.54","1.74","1.94","2.14","2.32","2.51","2.69","2.87","3.05","3.22","3.40","3.58","3.76","3.95"